-15689,0.2468,25404.416,p,vis,Hoffmeister C,,",,D,Lich,KVBB 19.33,",
-15678,0.2461,25419.451,p,vis,Hoffmeister C,,",,D,Lich,KVBB 19.33,",
-15675,0.2344,25423.54,p,vis,Hoffmeister C,,",,D,Lich,KVBB 19.33,",
-15637,0.2527,25475.5,p,vis,Hoffmeister C,,",,D,Lich,KVBB 19.33,",
-15629,0.2426,25486.425,p,pg,Wachmann A A,,"N,0246,D,Lich,AN 246.296,",
-15621,0.2434,25497.361,p,pg,Wachmann A A,,"N,0246,D,Lich,AN 246.296,",
-15618,0.2388,25501.457,p,vis,Hoffmeister C,,",,D,Lich,KVBB 19.33,",
-15618,0.2428,25501.461,p,pg,Wachmann A A,,"N,0246,D,Lich,AN 246.296,",
-15610,0.2457,25512.399,p,vis,Hoffmeister C,,",,D,Lich,KVBB 19.33,",
-15602,0.2506,25523.339,p,vis,Hoffmeister C,,",,D,Lich,KVBB 19.33,",
-15528,0.2459,25624.484,p,vis,Hoffmeister C,,",,D,Lich,KVBB 19.33,",
-15482,0.238,25687.353,p,vis,Pagaczewski J,,",,D,Lich,AAC 1.91,",
-15449,0.2377,25732.46,p,vis,Pagaczewski J,,",,D,Lich,AAC 1.150,",
-15326,0.2405,25900.59,p,pg,Wachmann A A,,"N,0246,D,Lich,AN 246.296,",
-15278,0.2319,25966.192,p,pg,Wachmann A A,,"N,0246,D,Lich,AN 246.296,",
-14746,0.2164,26693.361,p,pg,Wachmann A A,,"N,0246,D,Lich,AN 246.296,",
-14217,0.1997,27416.428,p,vis,Himpel K,,"N,0261,D,Lich,AN 261.250,",
-13469,0.183,28438.8435,p,vis,Opolski A,,",,D,Lich,BBG 2.1,",
-12693,0.1524,29499.518,p,pg,Doeppner M,,"M,0522,,,,",
-11774,0.1423,30755.678,p,vis,Leiner E,,",,D,Lich,BZ 25.28,",
-11082,0.1138,31701.536,p,pg,Doeppner M,,"M,0522,,,,",
-11074,0.1237,31712.481,p,pg,Doeppner M,,"M,0522,,,,",
-10518,0.1105,32472.4575,p,vis,Pagaczewski J,,",,D,Lich,WARC 24,",
-10371,0.1124,32673.392,p,vis,Szczepanowska A,,",,D,Lich,AAC 4.117,",
-10131,0.0893,33001.422,p,vis,Szczepanowska A,,",,D,Lich,AAC 4.117,",
-10093,0.1076,33053.382,p,vis,Szczepanowska A,,",,D,Lich,AAC 5.75,",
-10082,0.1068,33068.417,p,vis,Szczepanowska A,,",,D,Lich,AAC 5.75,",
-10022,0.0865,33150.41,p,vis,Ustinov B A,,",,D,Lich,AC 116.19,",
-9995,0.1046,33187.334,p,vis,Szczepanowska A,,",,D,Lich,AAC 5.75,",
-9812,0.1041,33437.474,p,vis,Szczepanowska A,,",,D,Lich,AAC 5.75,",
-9755,0.1024,33515.385,p,vis,Szczepanowska A,,",,D,Lich,AAC 5.75,",
-9733,0.0959,33545.45,p,vis,Ustinov B A,,",,D,Lich,AC 116.19,",
-9681,0.0996,33616.5319,p,pe,Lenouvel F,,",,D,Lich,SAC 23.84,",
-9630,0.1004,33686.244,p,vis,Szczepanowska A,,",,D,Lich,AAC 5.75,",
-9504,0.0976,33858.469,p,vis,Domke K,,,"D,0008,D,Lich,,"
-9504,0.0986,33858.47,p,vis,Pohl E,,,"D,0008,D,Lich,,"
-9482,0.095,33888.538,p,vis,Domke K,,,"D,0008,D,Lich,,"
-9482,0.097,33888.54,p,vis,Jahn A,,,"D,0008,D,Lich,,"
-9474,0.1009,33899.479,p,vis,Domke K,,,"D,0008,D,Lich,,"
-9474,0.1019,33899.48,p,vis,Pohl E,,,"D,0008,D,Lich,,"
-9215,0.0969,34253.499,p,vis,Pohl E,,,"D,0010,D,Lich,,"
-9079,0.0902,34439.389,p,vis,Pohl E,,,"D,0010,D,Lich,,"
-8959,0.0916,34603.417,p,vis,Szczepanowska A,,"K,0006,K,0006,p.144,",
-8869,0.0812,34726.4265,p,pg,Todoran I,,",,D,Lich,SCA 4.372,",
-8864,0.0772,34733.257,p,pg,Todoran I,,",,D,Lich,SCA 4.372,",
-8670,0.079,34998.435,p,pg,Todoran I,,",,D,Lich,SCA 4.372,",
-8662,0.0899,35009.381,p,vis,Pohl E,,,"D,0012,D,Lich,,"
-8645,0.0858,35032.614,p,pg,Whitney B S,,",,D,Lich,AJ 62.371,",
-8441,0.0826,35311.456,p,vis,Rudolph R,,"D,0012,D,Lich,,",
-8441,0.0886,35311.462,p,vis,Mueller J,,"D,0012,D,Lich,,",
-8408,0.0793,35356.56,p,pg,Todoran I,,",,D,Lich,SCA 4.372,",
-8384,0.078,35389.364,p,vis,Rudolph R,,"D,0012,D,Lich,,",
-8359,0.0878,35423.546,p,pg,Todoran I,,",,D,Lich,SCA 4.372,",
-8277,0.085,35535.628,p,pg,Whitney B S,,",,D,Lich,AJ 62.371,",
-8264,0.0804,35553.393,p,vis,Szczepanowska A,,",,D,Lich,AA 9.46,",
-8133,0.0751,35732.45,p,pg,Todoran I,,",,D,Lich,SCA 4.372,",
-8125,0.073,35743.383,p,pg,Todoran I,,",,D,Lich,SCA 4.372,",
-8125,0.079,35743.389,p,vis,Szczepanowska A,,",,D,Lich,AA 9.46,",
-8122,0.0726,35747.4833,p,pg,Todoran I,,",,D,Lich,SCA 4.372,",
-8084,0.0783,35799.4307,p,pg,Todoran I,,",,D,Lich,SCA 4.372,",
-8065,0.0677,35825.391,p,pg,Todoran I,,",,D,Lich,SCA 4.372,",
-8040,0.0805,35859.576,p,pg,Whitney B S,,",,D,Lich,AJ 62.371,",
-8024,0.0693,35881.435,p,pg,Todoran I,,",,D,Lich,SCA 4.372,",
-7956,0.0739,35974.388,p,vis,Szczepanowska A,,",,D,Lich,AA 9.46,",
-7890,0.0683,36064.597,p,pg,Todoran I,,",,D,Lich,SCA 4.372,",
-7882,0.0722,36075.536,p,vis,Braune W,,"D,0012,D,Lich,,",
-7882,0.0742,36075.538,p,vis,Rudolph R,,"D,0012,D,Lich,,",
-7879,0.0756,36079.64,p,pg,Todoran I,,",,D,Lich,SCA 4.372,",
-7874,0.0721,36086.471,p,vis,Braune W,,"D,0012,D,Lich,,",
-7874,0.0721,36086.471,p,vis,Quester W,,"D,0012,D,Lich,,",
-7874,0.0721,36086.471,p,vis,Rudolph R,,"D,0012,D,Lich,,",
-7874,0.0731,36086.472,p,vis,Doerr F,,,"D,0012,D,Lich,,"
-7874,0.0821,36086.481,p,vis,Neckel T,,",,D,Lich,NAZ 11.30,",
-7847,0.0861,36123.391,p,pg,Ahnert P,,"M,0006,,,,",
-7844,0.0745,36127.48,p,pg,Ahnert P,,"M,0006,,,,",
-7844,0.0745,36127.48,p,pg,Todoran I,,",,D,Lich,SCA 4.372,",
-7841,0.0728,36131.579,p,pg,Todoran I,,",,D,Lich,SCA 4.372,",
-7836,0.0714,36138.412,p,pg,Todoran I,,",,D,Lich,SCA 4.372,",
-7836,0.0754,36138.416,p,vis,Rudolph R,,"D,0012,D,Lich,,",
-7836,0.0774,36138.418,p,vis,Grauenhorst W,,"D,0012,D,Lich,,",
-7828,0.0673,36149.343,p,pg,Todoran I,,",,D,Lich,SCA 4.372,",
-7817,0.0755,36164.387,p,pg,Todoran I,,",,D,Lich,SCA 4.372,",
-7811,0.0732,36172.586,p,vis,Rudolph R,,"D,0012,D,Lich,,",
-7776,0.0621,36220.416,p,pg,Todoran I,,",,D,Lich,SCA 4.372,",
-7768,0.07,36231.359,p,vis,Masuch J,,"D,0013,D,Lich,,",
-7768,0.072,36231.361,p,vis,Doerr F,,,"D,0013,D,Lich,,"
-7768,0.074,36231.363,p,vis,Jahn A,,,"D,0013,D,Lich,,"
-7768,0.075,36231.364,p,pg,Todoran I,,",,D,Lich,SCA 4.372,",
-7768,0.077,36231.366,p,vis,Rudolph R,,"D,0013,D,Lich,,",
-7768,0.077,36231.366,p,vis,Grauenhorst W,,"D,0013,D,Lich,,",
-7637,0.0747,36410.426,p,vis,Rudolph R,,"D,0013,D,Lich,,",
-7637,0.0797,36410.431,p,vis,Doerr F,,,"D,0013,D,Lich,,"
-7607,0.073,36451.431,p,vis,Ganser H,,"D,0013,D,Lich,,",
-7588,0.0716,36477.4005,p,pg,Todoran I,,",,D,Lich,SCA 4.372,",
-7580,0.066,36488.33,p,pg,Todoran I,,",,D,Lich,SCA 4.372,",
-7566,0.0696,36507.47,p,pg,Todoran I,,",,D,Lich,SCA 4.372,",
-7542,0.0623,36540.268,p,vis,Todoran I,,",,D,Lich,SCA 4.372,",
-7542,0.0683,36540.274,p,vis,Todoran I,,",,D,Lich,SCA 4.372,",
-7501,0.0669,36596.315,p,pg,Doeppner M,,"M, 522,,,,",
-7430,0.0638,36693.361,p,pg,Ahnert P,,"M,0006,,,,",
-7416,0.0694,36712.503,p,vis,Rudolph R,,"D,0013,D,Lich,,",
-7416,0.0784,36712.512,p,vis,Grauenhorst W,,"D,0013,D,Lich,,",
-7315,0.0507,36850.54,p,pg,Doeppner M,,"M, 522,,,,",
-7302,0.0732,36868.332,p,vis,Todoran I,,",,D,Lich,SCA 5.330,",
-7231,0.0661,36965.374,p,vis,Rudolph R,,"D,0015,D,Lich,,",
-7108,0.0669,37133.502,p,vis,Todoran I,,",,D,Lich,SCA 8.244,",
-7097,0.0651,37148.536,p,vis,Todoran I,,",,D,Lich,SCA 8.244,",
-7086,0.0654,37163.572,p,vis,Todoran I,,",,D,Lich,SCA 8.244,",
-7078,0.0663,37174.508,p,pg,Todoran I,,",,D,Lich,SCA 8.244,",
-7070,0.0632,37185.44,p,pg,Todoran I,,",,D,Lich,SCA 8.244,",
-7062,0.0631,37196.375,p,vis,Todoran I,,",,D,Lich,SCA 8.244,",
-7051,0.0653,37211.413,p,vis,Todoran I,,",,D,Lich,SCA 8.244,",
-7040,0.0645,37226.448,p,pg,Todoran I,,",,D,Lich,SCA 8.244,",
-6972,0.0611,37319.393,p,vis,Pohl E,,,"N,0288,D,Lich,AN 288.70,"
-6972,0.0611,37319.393,p,vis,Gerhart F,,"N,0288,D,Lich,AN 288.70,",
-6833,0.0667,37509.396,p,pg,Todoran I,,",,D,Lich,SCA 8.244,",
-6830,0.048,37513.478,p,vis,Slowik Z,,"K,0017,K,0017,AA 17.59,",
-6830,0.053,37513.483,p,vis,Gumulka M,,"K,0017,K,0017,AA 17.59,",
-6830,0.056,37513.486,p,,Slowikowna A,,"K,0017,K,0017,AA 17.59,",
-6830,0.056,37513.486,p,vis,Czarnowski B,,",,D,Lich,AA 17.59,",
-6830,0.062,37513.492,p,vis,Slowik A,,"K,0017,K,0017,AA 17.59,",
-6830,0.065,37513.495,p,vis,Szymanski A,,"K,0017,K,0017,AA 17.59,",
-6822,0.0619,37524.427,p,vis,Todoran I,,",,D,Lich,SCA 8.244,",
-6819,0.0603,37528.526,p,vis,Todoran I,,",,D,Lich,SCA 8.244,",
-6811,0.0492,37539.45,p,pg,Todoran I,,",,D,Lich,SCA 8.244,",
-6792,0.0633,37565.435,p,pg,Todoran I,,",,D,Lich,SCA 8.244,",
-6792,0.0633,37565.435,p,vis,Todoran I,,",,D,Lich,SCA 8.244,",
-6784,0.0612,37576.368,p,vis,Todoran I,,",,D,Lich,SCA 8.244,",
-6781,0.0695,37580.477,p,vis,Popa I,,,"I,0187,M,0006,,"
-6552,0.0532,37893.478,p,vis,Flin P,,,"K,0017,K,0017,AA 17.59,"
-6552,0.0562,37893.481,p,pg,Todoran I,,",,D,Lich,SCA 8.244,",
-6547,0.0467,37900.306,p,vis,Bozkurt S,,"N,0288,D,Lich,AN 288.70,",
-6547,0.0537,37900.313,p,vis,Aslan Z,,,"N,0288,D,Lich,AN 288.70,"
-6547,0.0567,37900.316,p,vis,Kizilirmak R,,"N,0288,D,Lich,AN 288.70,",
-6544,0.0591,37904.419,p,vis,Szeligiewicz E,,"K,0017,K,0017,AA 17.59,",
-6544,0.0611,37904.421,p,vis,Slowik A,,"K,0017,K,0017,AA 17.59,",
-6541,0.0574,37908.518,p,pg,Todoran I,,",,D,Lich,SCA 8.244,",
-6536,0.059,37915.354,p,pg,Todoran I,,",,D,Lich,SCA 8.244,",
-6525,0.0632,37930.394,p,pg,Todoran I,,",,D,Lich,SCA 8.244,",
-6517,0.0561,37941.322,p,pg,Todoran I,,",,D,Lich,SCA 8.244,",
-6511,0.0588,37949.526,p,pg,Todoran I,,",,D,Lich,SCA 8.244,",
-6277,0.071,38269.39,p,vis,Popa I,,,"I,0187,M,0006,,"
-6263,0.0545,38288.51,p,vis,Kordylewski K,,"I,0035,M,0006,,",
-6247,0.0693,38310.395,p,vis,Popa I,,,"I,0187,M,0006,,"
-6026,0.0571,38612.465,p,vis,Peter H,,,"B,...2,D,0018,,"
-6007,0.0522,38638.431,p,vis,Peter H,,,"B,...2,D,0018,,"
-5996,0.0554,38653.47,p,vis,Peter H,,,"B,...2,D,0018,,"
-5767,0.0631,38966.495,p,vis,Ganser H,,"D,0018,D,Lich,,",
-5759,0.052,38977.419,p,vis,Peter H,,,"B,...2,D,0018,,"
-5756,0.0593,38981.527,p,vis,Popa I,,,"I,0187,M,0006,,"
-5726,0.0597,39022.534,p,vis,Popa I,,,"I,0187,M,0006,,"
-5721,0.0482,39029.357,p,vis,Eckert W,,"D,0018,D,Lich,,",
-5721,0.0522,39029.361,p,vis,Braune W,,"D,0018,D,Lich,,",
-5721,0.0612,39029.37,p,vis,Grauenhorst W,,"D,0018,D,Lich,,",
-5718,0.0566,39033.466,p,vis,Braune W,,"D,0018,D,Lich,,",
-5713,0.0531,39040.297,p,vis,Peter H,,,"B,...3,D,0018,Ori 95,"
-5710,0.0535,39044.398,p,vis,Peter H,,,"B,...3,D,0018,Ori 95,"
-5710,0.0615,39044.406,p,vis,Braune W,,"D,0018,D,Lich,,",
-5702,0.0604,39055.34,p,vis,Braune W,,"D,0018,D,Lich,,",
-5693,0.0514,39067.633,p,vis,Baldwin Marvin,,"A,0008,I,0119,,",
-5679,0.055,39086.773,p,vis,Baldwin Marvin,,"A,0009,I,0129,,",
-5674,0.0555,39093.608,p,vis,Baldwin Marvin,,"A,0009,I,0129,,",
-5608,0.0519,39183.819,p,vis,Monske R,,"A,0010,I,0154,,",
-5606,0.0459,39186.5468,p,vis,Tvardovskyi,,",,,,,",
-5606,0.0491,39186.55,p,vis,Monske R,,"A,0010,I,0154,,",
-5601,0.0587,39193.394,p,vis,Peter H,,,"B,...4,B,...4,Ori 97,"
-5595,0.0564,39201.593,p,vis,Monske R,,"A,0010,I,0154,,",
-5541,0.0534,39275.402,p,vis,Peter H,,,"B,...5,B,...5,Ori 98,"
-5511,0.0468,39316.402,p,vis,Peter H,,,"B,...5,B,...5,Ori 98,"
-5462,0.0573,39383.39,p,vis,Peter H,,,"B,...6,B,...6,Ori 100,"
-5426,0.0523,39432.593,p,vis,Baldwin Marvin,,"A,0011,I,0180,,",
-5423,0.0526,39436.694,p,vis,Baldwin Marvin,,"A,0011,I,0180,,",
-5423,0.0532,39436.6946,p,vis,Tvardovskyi,,",,,,,",
-5421,0.0538,39439.429,p,vis,Peter H,,,"B,...6,B,...6,Ori 100,"
-5420,0.0494,39440.7914,p,vis,Tvardovskyi,,",,,,,",
-5420,0.05,39440.792,p,vis,Baldwin Marvin,,"A,0012,I,0221,,",
-5396,0.0516,39473.599,p,vis,Baldwin Marvin,,"A,0012,I,0221,,",
-5396,0.0524,39473.5997,p,vis,Tvardovskyi,,",,,,,",
-5393,0.0525,39477.7006,p,vis,Tvardovskyi,,",,,,,",
-5393,0.055,39477.703,p,vis,Baldwin Marvin,,"A,0012,I,0221,,",
-5382,0.0482,39492.732,p,vis,Baldwin Marvin,,"A,0012,I,0221,,",
-5382,0.049,39492.7328,p,vis,Tvardovskyi,,",,,,,",
-5382,0.0722,39492.756,p,pg,Ahnert P,,"M,0006,,,,",
-5353,0.0505,39532.374,p,vis,Zidu J,,,"C,0009,C,0009,,"
-5350,0.0458,39536.47,p,vis,Zidu J,,,"C,0009,C,0009,,"
-5238,0.0543,39689.57,p,vis,Locher Kurt,,"B,...8,B,...8,Ori 103,",
-5205,0.055,39734.678,p,vis,Hazel L,,,"A,0014,I,0795,,"
-5197,0.0479,39745.606,p,vis,Hazel L,,,"A,0013,I,0247,,"
-5184,0.0504,39763.378,p,pg,Todoran I,,"I,0299,I,0299,,",
-5178,0.0511,39771.58,p,pe,Tempesti P,,"I,0596,D,Lich,,",
-5173,0.0496,39778.413,p,pg,Todoran I,,"I,0299,I,0299,,",
-5168,0.0492,39785.247,p,pg,Todoran I,,"I,0299,I,0299,,",
-5156,0.0515,39801.652,p,vis,Tvardovskyi,,",,,,,",
-5156,0.0535,39801.654,p,vis,Baldwin Marvin,,"A,0014,I,0795,,",
-5071,0.05,39917.836,p,vis,Baldwin Marvin,,"A,0014,I,0795,,",
-4963,0.0501,40065.46,p,pg,Ahnert P,,"M,0006,,,,",
-4919,0.0511,40125.604,p,vis,Hazel L,,,"A,0014,I,0795,,"
-4916,0.0511,40129.7047,p,vis,Tvardovskyi,,",,,,,",
-4916,0.0514,40129.705,p,vis,Baldwin Marvin,,"A,0014,I,0795,,",
-4900,0.0502,40151.574,p,vis,Flin P,,,"I,0328,I,0328,,"
-4900,0.0532,40151.577,p,vis,Bortle J,,"A,0014,I,0795,,",
-4873,0.0482,40188.478,p,vis,Flin P,,,"I,0328,I,0328,,"
-4862,0.0525,40203.518,p,vis,Flin P,,,"I,0328,I,0328,,"
-4856,0.049,40211.7159,p,vis,Tvardovskyi,,",,,,,",
-4856,0.0511,40211.718,p,vis,Baldwin Marvin,,"A,0014,I,0795,,",
-4841,0.0498,40232.22,p,vis,Flin P,,,"I,0328,I,0328,,"
-4840,0.0509,40233.588,p,vis,Bortle J,,"A,0014,I,0795,,",
-4810,0.0483,40274.592,p,vis,Bortle J,,"A,0014,I,0795,,",
-4807,0.0483,40278.6927,p,vis,Tvardovskyi,,",,,,,",
-4807,0.0486,40278.693,p,vis,Baldwin Marvin,,"A,0014,I,0795,,",
-4799,0.0485,40289.628,p,vis,Bortle J,,"A,0014,I,0795,,",
-4796,0.0518,40293.732,p,vis,Baldwin Marvin,,"A,0014,I,0795,,",
-4796,0.0519,40293.732,p,vis,Tvardovskyi,,",,,,,",
-4778,0.0529,40318.337,p,vis,Peter H,,,"B,..18,B,..18,Ori 113,"
-4774,0.0479,40323.7996,p,vis,Tvardovskyi,,",,,,,",
-4774,0.0483,40323.8,p,vis,Baldwin Marvin,,"A,0014,I,0795,,",
-4745,0.0496,40363.441,p,vis,Peter H,,,"B,..18,B,..18,Ori 113,"
-4709,0.0516,40412.651,p,vis,Bortle J,,"A,0014,I,0795,,",
-4707,0.0488,40415.382,p,vis,Peter H,,,"B,..20,B,..20,Ori 115,"
-4704,0.0502,40419.484,p,vis,Peter H,,,"B,..20,B,..20,Ori 115,"
-4687,0.0481,40442.719,p,vis,Baldwin Marvin,,"A,0014,I,0795,,",
-4687,0.0487,40442.7197,p,vis,Tvardovskyi,,",,,,,",
-4684,0.0424,40446.814,p,vis,Monske R,,"A,0014,I,0795,,",
-4679,0.04,40453.646,p,vis,Hazel L,,,"A,0014,I,0795,,"
-4676,0.0503,40457.757,p,vis,Baldwin Marvin,,"A,0014,I,0795,,",
-4676,0.0566,40457.7633,p,vis,Tvardovskyi,,",,,,,",
-4668,0.0476,40468.6895,p,vis,Tvardovskyi,,",,,,,",
-4668,0.0492,40468.691,p,vis,Baldwin Marvin,,"A,0014,I,0795,,",
-4663,0.0453,40475.5216,p,V,Guelmen O,,"I,0456,I,0456,,",
-4658,0.0503,40482.361,p,vis,Peter H,,,"B,..20,B,..20,Ori 115,"
-4641,0.0482,40505.596,p,vis,Silhan Jindrich,,"C,0009,C,0009,,",
-4628,0.0447,40523.362,p,vis,Peter H,,,"B,..21,B,..21,Ori 116,"
-4605,0.0472,40554.803,p,vis,Tvardovskyi,,",,,,,",
-4605,0.0482,40554.804,p,vis,Baldwin Marvin,,"A,0014,I,0795,,",
-4600,0.0498,40561.64,p,vis,Bortle J,,"A,0014,I,0795,,",
-4600,0.0527,40561.6429,p,vis,Tvardovskyi,,",,,,,",
-4592,0.0477,40572.573,p,vis,Bortle J,,"A,0014,I,0795,,",
-4581,0.0459,40587.607,p,vis,Hazel L,,,"A,0014,I,0795,,"
-4581,0.046,40587.607,p,vis,Tvardovskyi,,",,,,,",
-4426,0.0443,40799.473,p,vis,Diethelm Roger,,"B,..25,B,..25,Ori 120,",
-4407,0.0434,40825.443,p,vis,Peter H,,,"B,..26,B,..26,Ori 121,"
-4399,0.0443,40836.379,p,vis,Polloczek R,,"C,0012,C,0012,,",
-4399,0.0473,40836.382,p,vis,Silhan Jindrich,,"C,0012,C,0012,,",
-4399,0.0473,40836.382,p,vis,Peter H,,,"B,..26,B,..26,Ori 121,"
-4399,0.0473,40836.382,p,vis,Braune W,,"D,0025,D,Lich,,",
-4385,0.0419,40855.513,p,vis,Leonhardt J,,"D,0025,D,Lich,,",
-4385,0.0439,40855.515,p,vis,Langhoff J,,"D,0025,D,Lich,,",
-4361,0.0476,40888.324,p,vis,Peter H,,,"B,..27,B,..27,Ori 122,"
-4350,0.0448,40903.357,p,vis,Peter H,,,"B,..27,B,..27,Ori 122,"
-4323,0.0428,40940.261,p,vis,Pliska A,,"C,0012,C,0012,,",
-4323,0.0438,40940.262,p,vis,Krca P,,,"C,0012,C,0012,,"
-4323,0.0498,40940.268,p,vis,Silhan Jindrich,,"C,0012,C,0012,,",
-4323,0.0508,40940.269,p,vis,Kuchar L,,"C,0012,C,0012,,",
-4249,0.0481,41041.416,p,vis,Peter H,,,"B,..29,B,..29,Ori 124,"
-4238,0.0433,41056.447,p,vis,Peter H,,,"B,..30,B,..30,Ori 125,"
-4235,0.0387,41060.543,p,vis,Silhan Jindrich,,"C,0014,C,0014,,",
-4121,0.0424,41216.372,p,vis,Peter H,,,"B,..33,B,..33,Ori 128,"
-4094,0.0405,41253.276,p,vis,Peter H,,,"B,..33,B,..33,Ori 128,"
-4091,0.0388,41257.375,p,vis,Peter H,,,"B,0001,B,0001,,"
-4042,0.0393,41324.353,p,vis,Diethelm Roger,,"B,0001,B,0001,,",
-4042,0.0463,41324.36,p,vis,Peter H,,,"B,0002,B,0002,,"
-4034,0.0452,41335.294,p,vis,Peter H,,,"B,0002,B,0002,,"
-4023,0.0414,41350.326,p,vis,Peter H,,,"B,0002,B,0002,,"
-4012,0.0467,41365.367,p,vis,Klimek Z,,"I,0637,I,0637,,203 mm refr",
-4001,0.0419,41380.398,p,vis,Peter H,,,"B,0002,B,0002,,"
-3993,0.0408,41391.332,p,vis,Peter H,,,"B,0002,B,0002,,"
-3990,0.0411,41395.433,p,vis,Peter H,,,"B,0002,B,0002,,"
-3990,0.0471,41395.439,p,vis,Klimek Z,,"I,0779,I,0779,,203 mm refr",
-3979,0.0374,41410.465,p,vis,Peter H,,,"B,0003,B,0003,,"
-3930,0.0438,41477.449,p,vis,Kluzik A,,"I,0740,I,0740,,",
-3911,0.04,41503.416,p,vis,Peter H,,,"B,0004,B,0004,,"
-3900,0.0402,41518.452,p,vis,Brancik K,,"C,0017,C,0017,,",
-3862,0.0325,41570.386,p,vis,Peter H,,,"B,0005,B,0005,,"
-3862,0.0365,41570.39,p,pg,Ahnert P,,"I,0786,I,0786,,",
-3862,0.0385,41570.392,p,vis,Bauer J,,,"D,0026,D,Lich,,"
-3854,0.0374,41581.326,p,vis,Peter H,,,"B,0005,B,0005,,"
-3854,0.0384,41581.327,p,vis,Diethelm Roger,,"B,0005,B,0005,,",
-3851,0.0397,41585.429,p,vis,Peter H,,,"B,0005,B,0005,,"
-3843,0.0406,41596.365,p,vis,Peter H,,,"B,0006,B,0006,,"
-3837,0.0373,41604.563,p,vis,Waelke K,,"D,0026,D,Lich,,",
-3835,0.0385,41607.298,p,vis,Peter H,,,"B,0006,B,0006,,"
-3813,0.0379,41637.369,p,vis,Peter H,,,"B,0006,B,0006,,"
-3813,0.0379,41637.369,p,vis,Waelke K,,"D,0026,D,Lich,,",
-3805,0.0468,41648.313,p,vis,Peter H,,,"B,0006,B,0006,,"
-3794,0.0381,41663.34,p,vis,Peter H,,,"B,0007,B,0007,,"
-3690,0.0237,41805.482,p,vis,Urban Z,,,"C,0017,C,0017,,"
-3690,0.0267,41805.485,p,vis,Pas A,,,"C,0017,C,0017,,"
-3630,0.0334,41887.505,p,vis,Urban Z,,,"C,0017,C,0017,,"
-3622,0.0383,41898.445,p,vis,Urban Z,,,"C,0017,C,0017,,"
-3619,0.0307,41902.538,p,vis,Peter H,,,"B,0011,B,0011,,"
-3611,0.0356,41913.478,p,vis,Peter H,,,"B,0011,B,0011,,"
-3600,0.0268,41928.505,p,vis,Urban Z,,,"C,0017,C,0017,,"
-3576,0.0365,41961.32,p,vis,Peter H,,,"B,0012,B,0012,,"
-3557,0.0356,41987.29,p,vis,Locher Kurt,,"B,0012,B,0012,,",
-3556,0.0321,41988.6534,p,vis,Tvardovskyi,,",,,,,",
-3545,0.0344,42003.6914,p,vis,Tvardovskyi,,",,,,,",
-3521,0.0306,42036.493,p,vis,Locher Kurt,,"B,0013,B,0013,,",
-3314,0.0332,42319.4414,p,vis,Hudec J,,,"C,   0,C,   0,,"
-3279,0.0338,42367.283,p,vis,Locher Kurt,,"B,0018,B,0018,,",
-3216,0.0238,42453.387,p,vis,Homola V,,"C,0020,C,0020,,",
-3216,0.0238,42453.387,p,vis,Peter H,,,"B,0021,B,0021,,"
-3216,0.0248,42453.388,p,vis,Kohoutek I,,"C,0020,C,0020,,",
-3188,0.0211,42491.6571,p,vis,Tvardovskyi,,",,,,,",
-3104,0.0284,42606.483,p,vis,Peter H,,,"B,0023,B,0023,,"
-3095,0.0196,42618.7763,p,vis,Tvardovskyi,,",,,,,",
-3084,0.0295,42633.8219,p,vis,Tvardovskyi,,",,,,,",
-3041,0.0208,42692.5894,p,vis,Tvardovskyi,,",,,,,",
-3028,0.0249,42710.363,p,vis,Peter H,,,"B,0024,B,0024,,"
-3025,0.0239,42714.4627,p,V,Patkos L,,"I,1200,0,GCVS,,",
-3019,0.0272,42722.6673,p,vis,Tvardovskyi,,",,,,,",
-2941,0.0216,42829.279,p,vis,Peter H,,,"B,0026,B,0026,,"
-2918,0.0216,42860.7174,p,vis,Tvardovskyi,,",,,,,",
-2910,0.0234,42871.6544,p,vis,Tvardovskyi,,",,,,,",
-2897,0.0205,42889.421,p,vis,Peter H,,,"B,0027,B,0027,,"
-2878,0.0247,42915.396,p,vis,Peter H,,,"B,0028,B,0028,,"
-2820,0.0238,42994.6746,p,vis,Tvardovskyi,,",,,,,",
-2818,0.0194,42997.404,p,vis,Locher Kurt,,"B,0029,B,0029,,",
-2809,0.0182,43009.7048,p,vis,Tvardovskyi,,",,,,,",
-2801,0.0224,43020.6441,p,vis,Tvardovskyi,,",,,,,",
-2795,0.0244,43028.8474,p,vis,Tvardovskyi,,",,,,,",
-2785,0.0161,43042.508,p,vis,Locher Kurt,,"B,0030,B,0030,,",
-2782,0.026,43046.6186,p,vis,Tvardovskyi,,",,,,,",
-2776,0.0276,43054.8216,p,vis,Tvardovskyi,,",,,,,",
-2749,0.0231,43091.723,p,vis,Locher Kurt,,"B,0031,B,0031,,",
-2733,0.0198,43113.5899,p,vis,Tvardovskyi,,",,,,,",
-2723,0.02,43127.259,p,vis,Peter H,,,"B,0031,B,0031,,"
-2722,0.0189,43128.6248,p,vis,Tvardovskyi,,",,,,,",
-2701,0.0135,43157.324,p,vis,Locher Kurt,,"B,0032,B,0032,,",
-2693,0.0204,43168.266,p,vis,Peter H,,,"B,0032,B,0032,,"
-2630,0.0284,43254.388,p,vis,Hanzlik J,,"C,0021,C,0021,,",
-2542,0.0203,43374.666,p,vis,Tvardovskyi,,",,,,,",
-2534,0.0132,43385.594,p,vis,Locher Kurt,,"B,0034,B,0034,,",
-2523,0.0174,43400.634,p,vis,Locher Kurt,,"B,0035,B,0035,,",
-2521,0.0206,43403.371,p,vis,Zlatuska J,,"C,0021,C,0021,,",
-2521,0.0216,43403.372,p,vis,Velickova V,,"C,0021,C,0021,,",
-2521,0.0256,43403.376,p,vis,Pancocharova L,,"C,0021,C,0021,,",
-2502,0.0198,43429.341,p,vis,Peter H,,,"B,0035,B,0035,,"
-2485,0.0224,43452.5808,p,vis,Tvardovskyi,,",,,,,",
-2483,0.0195,43455.3116,p,vis,Fiedlerova J,,"C,0021,C,0021,,",
-2483,0.0209,43455.313,p,vis,Kaplanova M,,"C,0021,C,0021,,",
-2480,0.0142,43459.407,p,vis,Peter H,,,"B,0035,B,0035,,"
-2456,0.0159,43492.214,p,vis,Locher Kurt,,"B,0036,B,0036,,",
-2455,0.0112,43493.5761,p,vis,Tvardovskyi,,",,,,,",
-2412,0.0139,43552.355,p,vis,Locher Kurt,,"B,0036,B,0036,,",
-2300,0.0094,43705.442,p,vis,Peter H,,,"B,0038,B,0038,,"
-2291,0.0141,43717.7487,p,vis,Tvardovskyi,,",,,,,",
-2273,0.0154,43742.354,p,vis,Locher Kurt,,"B,0038,B,0038,,",
-2264,0.005,43754.6455,p,vis,Tvardovskyi,,",,,,,",
-2264,0.0154,43754.656,p,vis,Locher Kurt,,"B,0039,B,0039,,",
-2251,0.0159,43772.426,p,vis,Peter H,,,"B,0039,B,0039,,"
-2245,0.0143,43780.6258,p,vis,Tvardovskyi,,",,,,,",
-2242,0.0054,43784.7175,p,vis,Tvardovskyi,,",,,,,",
-2237,0.0162,43791.5627,p,vis,Tvardovskyi,,",,,,,",
-2235,0.0147,43794.295,p,vis,Braune W,,"D,0031,D,Lich,,",
-2207,0.0101,43832.5633,p,vis,Tvardovskyi,,",,,,,",
-2205,0.012,43835.299,p,vis,Peter H,,,"B,0040,B,0040,,"
-2030,0.0156,44074.508,p,vis,Klimcik C.,,"C,0023,C,0023,,",
-2030,0.0196,44074.512,p,vis,Vojtek K,,"C,0023,C,0023,,",
-1986,0.0154,44134.6508,p,vis,Tvardovskyi,,",,,,,",
-1967,0.0145,44160.6208,p,vis,Tvardovskyi,,",,,,,",
-1962,0.0103,44167.451,p,vis,Silhan Jindrich,,"C,0023,C,0023,,",
-1962,0.0133,44167.454,p,vis,Kucera Jar.,,"C,0023,C,0023,,",
-1962,0.0153,44167.456,p,vis,Soukupova J,,"C,0023,C,0023,,",
-1962,0.0153,44167.456,p,vis,Macek R,,,"C,0023,C,0023,,"
-1962,0.0173,44167.458,p,vis,Burianova J,,"C,0023,C,0023,,",
-1962,0.0177,44167.4584,p,vis,Major M,,,"C,0023,C,0023,,"
-1962,0.0183,44167.459,p,vis,Manek J,,,"C,0023,C,0023,,"
-1962,0.0223,44167.463,p,vis,Brozman D,,"C,0023,C,0023,,",
-1959,0.0106,44171.552,p,vis,Valek L Pha,,"C,0023,C,0023,,",
-1957,0.0148,44174.29,p,vis,Vacek J,,,"C,0023,C,0023,,"
-1946,0.015,44189.326,p,vis,Peter H,,,"B,0045,B,0045,,"
-1945,0.0091,44190.687,p,vis,Tvardovskyi,,",,,,,",
-1927,0.0112,44215.293,p,vis,Peter H,,,"B,0046,B,0046,,"
-1926,0.0094,44216.6581,p,vis,Tvardovskyi,,",,,,,",
-1918,0.0106,44227.5944,p,vis,Tvardovskyi,,",,,,,",
-1834,0.0116,44342.414,p,vis,Peter H,,,"B,0047,B,0047,,"
-1760,0.0039,44443.556,p,vis,Locher Kurt,,"B,0049,B,0049,,",
-1741,0.007,44469.53,p,vis,Brozman D,,"C,0023,C,0023,,",
-1727,0.0101,44488.6695,p,vis,Tvardovskyi,,",,,,,",
-1725,0.0068,44491.4,p,vis,Carbol K,,"C,0023,C,0023,,",
-1725,0.0075,44491.4007,p,vis,Wagner V,,"C,0023,C,0023,,",
-1725,0.0089,44491.4021,p,vis,Slatinsky A,,"C,0023,C,0023,,",
-1725,0.0098,44491.403,p,vis,Rajnoha R,,"C,0026,C,0026,,",
-1717,0.0037,44502.332,p,vis,Locher Kurt,,"B,0050,B,0050,,",
-1716,0.0099,44503.705,p,vis,Tvardovskyi,,",,,,,",
-1708,0.0061,44514.6364,p,vis,Tvardovskyi,,",,,,,",
-1640,0.0103,44607.589,p,vis,Mallama Anthony,,"B,0052,B,0052,,",
-1637,0.0197,44611.699,p,vis,Brozman D,,"C,0023,C,0023,,",
-1619,0.0067,44636.29,p,vis,Peter H,,,"B,0052,B,0052,,"
-1506,0.0078,44790.7495,p,vis,Tvardovskyi,,",,,,,",
-1460,0.0116,44853.6302,p,vis,Tvardovskyi,,",,,,,",
-1439,0.0048,44882.328,p,vis,Stoikidis N,,"B,0057,B,0057,,",
-1438,0.0035,44883.6935,p,vis,Tvardovskyi,,",,,,,",
-1431,0.0067,44893.265,p,vis,Stoikidis N,,"B,0057,B,0057,,",
-1420,0.004,44908.298,p,vis,Stoikidis N,,"B,0057,B,0057,,",
-1417,0.0033,44912.398,p,vis,Peter H,,,"B,0057,B,0057,,"
-1401,0.0021,44934.267,p,vis,Stoikidis N,,"B,0058,B,0058,,",
-1360,0.0057,44990.313,p,vis,Germann R,,"B,0058,B,0058,,",
-1330,0,45031.314,p,vis,Mavrofridis G,,"B,0060,B,0060,,",
-1327,0.0034,45035.418,p,vis,Hoffmann P,,"D,0034,D,Lich,,",
-1289,0.0096,45087.366,p,vis,Locher Kurt,,"B,0060,B,0060,,",
-1206,-0.0033,45200.8048,p,vis,Tvardovskyi,,",,,,,",
-1206,0.005,45200.8131,p,vis,Tvardovskyi,,",,,,,",
-1206,0.0077,45200.8158,p,vis,Tvardovskyi,,",,,,,",
-1196,-0.001,45214.476,p,vis,Locher Kurt,,"B,0062,B,0062,,",
-1188,0.0009,45225.413,p,vis,Kohl Michael,,"B,0062,B,0062,,",
-1188,0.0039,45225.416,p,vis,Peter H,,,"B,0062,B,0062,,"
-1169,0.0061,45251.389,p,vis,Silhan Jindrich,,"C,0026,C,0026,,",
-1169,0.0083,45251.3912,p,vis,Siegl R,,,"C,0026,C,0026,,"
-1169,0.0125,45251.3954,p,vis,Lutcha P,,"C,   0,C,   0,,",
-1163,0.0066,45259.5909,p,vis,Tvardovskyi,,",,,,,",
-1142,0.0051,45288.294,p,vis,Kohl Michael,,"B,0064,B,0064,,",
-1125,0.0005,45311.5265,p,vis,Tvardovskyi,,",,,,,",
-1122,-0.0026,45315.6241,p,vis,Tvardovskyi,,",,,,,",
-1082,0.0058,45370.308,p,vis,Mavrofridis G,,"B,0068,B,0068,,",
-1071,0.002,45385.34,p,vis,Peter H,,,"B,0065,B,0065,,"
-1038,-0.0053,45430.44,p,vis,Elias D,,,"B,0066,B,0066,,"
-1009,-0.002,45470.083,p,vis,Novotny L,,"C,0026,C,0026,,",
-937,0.0049,45568.5058,p,vis,Svoboda P Pr,,"C,0026,C,0026,,",
-929,-0.008,45579.428,p,vis,Svoboda P Pr,,"C,0026,C,0026,,",
-929,0,45579.436,p,vis,Wagner V,,"C,0026,C,0026,,",
-921,-0.0052,45590.366,p,vis,Parris A,,"B,0068,B,0068,,",
-921,0.0148,45590.386,p,vis,Stoikidis N,,"B,0068,B,0068,,",
-918,0.0002,45594.472,p,vis,Locher Kurt,,"B,0068,B,0068,,",
-907,0.0004,45609.508,p,vis,Kohl Michael,,"B,0069,B,0069,,",
-882,-0.001,45643.6788,p,vis,Tvardovskyi,,",,,,,",
-880,0.0054,45646.419,p,vis,Kohl Michael,,"B,0069,B,0069,,",
-861,-0.0087,45672.3757,p,vis,Svoboda P Pr,,"C,0026,C,0026,,",
-861,-0.0004,45672.384,p,vis,Borovicka Jiri,,"C,0026,C,0026,,",
-861,0.0066,45672.391,p,vis,Wagner V,,"C,0026,C,0026,,",
-845,-0.0046,45694.25,p,vis,Kohl Michael,,"B,0070,B,0070,,",
-842,-0.0163,45698.339,p,vis,Peter H,,,"B,0070,B,0070,,"
-842,-0.0103,45698.345,p,vis,Kohl Michael,,"B,0070,B,0070,,",
-804,0.002,45750.299,p,vis,Germann R,,"B,0071,B,0071,,",
-760,-0.0081,45810.432,p,vis,Borovicka Jiri,,"C,0027,C,0027,,",
-760,-0.0001,45810.44,p,vis,Kohl Michael,,"B,0072,B,0072,,",
-752,-0.0002,45821.375,p,vis,Kohl Michael,,"B,0072,B,0072,,",
-700,-0.0014,45892.452,p,vis,Peter H,,,"B,0073,B,0073,,"
-692,-0.0085,45903.38,p,vis,Locher Kurt,,"B,0073,B,0073,,",
-670,-0.004,45933.456,p,vis,Brelstaff T,,"R,0007,R,0007,VSSC 61.16,",
-670,0,45933.46,p,vis,Peter H,,,"B,0073,B,0073,,"
-662,-0.0111,45944.384,p,vis,Kohl Michael,,"B,0074,B,0074,,",
-640,-0.0067,45974.46,p,vis,Kohl Michael,,"B,0074,B,0074,,",
-626,-0.0027,45993.6004,p,vis,Tvardovskyi,,",,,,,",
-616,-0.005,46007.267,p,vis,Germann R,,"B,0074,B,0074,,",
-597,0.0001,46033.243,p,vis,Kohl Michael,,"B,0074,B,0074,,",
-596,-0.0008,46034.609,p,vis,Tvardovskyi,,",,,,,",
-593,-0.0052,46038.7052,p,vis,Tvardovskyi,,",,,,,",
-561,-0.0062,46082.4446,p,vis,Varady M,,"C,0027,C,0027,,",
-553,0.0001,46093.386,p,vis,Mavrofridis G,,"B,0076,B,0076,,",
-534,0.0042,46119.361,p,vis,Peter H,,,"B,0076,B,0076,,"
-517,-0.0008,46142.5931,p,vis,Tvardovskyi,,",,,,,",
-405,0.0021,46295.6874,p,vis,Tvardovskyi,,",,,,,",
-403,0.0009,46298.42,p,vis,Peter H,,,"B,0078,B,0078,,"
-365,-0.0099,46350.351,p,vis,Germann R,,"B,0078,B,0078,,",
-365,-0.0099,46350.351,p,vis,Peter H,,,"B,0078,B,0078,,"
-343,-0.0094,46380.423,p,vis,Brelstaff T,,"R,0008,R,0008,VSSC 63.21,",
-338,-0.0049,46387.262,p,vis,Brelstaff T,,"R,0008,R,0008,VSSC 63.21,",
-334,-0.008,46392.7264,p,vis,Tvardovskyi,,",,,,,",
-327,-0.0126,46402.29,p,vis,Kohl M,,,"B,0079,D,Lich,,"
-327,-0.0096,46402.293,p,vis,Peter H,,,"B,0079,B,0079,,"
-326,-0.0023,46403.6672,p,vis,Tvardovskyi,,",,,,,",
-318,-0.0045,46414.6001,p,vis,Tvardovskyi,,",,,,,",
-316,-0.0084,46417.33,p,vis,Peter H,,,"B,0079,B,0079,,"
-315,-0.0071,46418.6981,p,vis,Tvardovskyi,,",,,,,",
-247,0.0032,46511.6569,p,vis,Tvardovskyi,,",,,,,",
-163,-0.0123,46626.46,p,vis,Sedlak L,,"C,0028,C,0028,,",
-163,-0.0083,46626.464,p,vis,Locher Kurt,,"B,0080,B,0080,,",
-152,-0.003,46641.505,p,vis,Brelstaff T,,"R,0010,R,0010,VSSC 66.33,",
-133,-0.0129,46667.466,p,vis,Brelstaff T,,"R,0010,R,0010,VSSC 66.33,",
-108,-0.0078,46701.6433,p,vis,Tvardovskyi,,",,,,,",
-106,-0.0052,46704.3797,p,vis,Wagner V,,"C,0028,C,0028,,",
-106,-0.0049,46704.38,p,vis,Sedlak L,,"C,0028,D,Lich,,",
-103,-0.0055,46708.48,p,vis,Peter H,,,"B,0082,B,0082,,"
-100,-0.0076,46712.5786,p,vis,Tvardovskyi,,",,,,,",
-84,-0.0144,46734.442,p,vis,Kirby G,,,"R,0010,R,0010,VSSC 66.33,"
-83,-0.0053,46735.818,p,vis,Tvardovskyi,,",,,,,",
-76,-0.0085,46745.383,p,vis,Peter H,,,"B,0082,B,0082,,"
-62,-0.0079,46764.52,p,vis,Peter H,,,"B,0082,B,0082,,"
-59,-0.0075,46768.6211,p,vis,Tvardovskyi,,",,,,,",
-51,-0.011,46779.5527,p,vis,Tvardovskyi,,",,,,,",
-38,-0.0093,46797.324,p,vis,Mavrofridis G,,"B,0083,B,0083,,",
-29,-0.0067,46809.6285,p,vis,Tvardovskyi,,",,,,,",
0,-0.008,46849.267,p,vis,Mavrofridis G,,"B,0083,B,0083,,",
6,-0.0113,46857.465,p,vis,Kirby G,,,"R,0013,R,0013,VSSC 70.18,"
66,-0.0136,46939.476,p,vis,Middlemist J,,"R,0013,R,0013,VSSC 70.18,",
104,-0.0193,46991.4121,p,vis,Hroch F,,,"C,   0,C,   0,,"
132,-0.0126,47029.6916,p,vis,Tvardovskyi,,",,,,,",
134,-0.013,47032.425,p,vis,Rehacek O,,"C,0030,C,0030,,",
134,-0.001,47032.437,p,vis,Middlemist J,,"R,0013,R,0013,VSSC 70.18,",
140,-0.0114,47040.6279,p,vis,Tvardovskyi,,",,,,,",
170,-0.0159,47081.6301,p,vis,Tvardovskyi,,",,,,,",
173,-0.0091,47085.7375,p,vis,Tvardovskyi,,",,,,,",
175,-0.0064,47088.474,p,vis,Peter H,,,"B,0086,B,0086,,"
192,-0.0117,47111.7058,p,vis,Tvardovskyi,,",,,,,",
197,-0.0102,47118.5417,p,vis,Tvardovskyi,,",,,,,",
221,-0.0142,47151.343,p,vis,Peter H,,,"B,0086,B,0086,,"
221,-0.0052,47151.352,p,vis,Locher Kurt,,"B,0086,B,0086,,",
259,-0.004,47203.295,p,vis,Mavrofridis G,,"B,0088,B,0088,,",
262,-0.0147,47207.385,p,vis,Koch,,,"D,0052,D,0052,,"
303,-0.0081,47263.434,p,vis,Kohl Michael,,"B,0089,B,0089,,",
352,-0.0086,47330.411,p,vis,Blaettler Ernst,,"B,0089,B,0089,,",
382,-0.0092,47371.417,p,vis,Santler R,,"C,0030,C,0030,,",
388,-0.0165,47379.611,p,vis,Locher Kurt,,"B,0089,B,0089,,",
404,-0.0158,47401.482,p,vis,Paschke Anton,,"B,0089,B,0089,,",
412,-0.0059,47412.427,p,vis,Peter H,,,"B,0089,B,0089,,"
418,-0.011,47420.6231,p,vis,Tvardovskyi,,",,,,,",
437,-0.0108,47446.5942,p,vis,Tvardovskyi,,",,,,,",
447,-0.0149,47460.259,p,vis,Locher Kurt,,"B,0090,B,0090,,",
475,-0.0132,47498.5336,p,vis,Tvardovskyi,,",,,,,",
507,-0.0102,47542.277,p,vis,Blaettler Ernst,,"B,0091,B,0091,,",
516,-0.011,47554.5782,p,vis,Tvardovskyi,,",,,,,",
518,-0.013,47557.31,p,vis,Locher Kurt,,"B,0091,B,0091,,",
527,-0.0123,47569.6127,p,vis,Tvardovskyi,,",,,,,",
559,-0.0154,47613.35,p,vis,Blendin W,,"D,0052,D,0052,,",
559,-0.0144,47613.351,p,vis,Peter H,,,"B,0091,B,0091,,"
559,-0.0104,47613.355,p,vis,Stuhl A,,,"C,0031,C,0031,,"
589,0.001,47654.373,p,vis,Stuhl A,,,"C,0031,C,0031,,"
641,-0.0082,47725.442,p,vis,Hroch F,,,"C,0030,C,0030,,"
655,-0.0256,47744.561,p,vis,Locher Kurt,,"B,0092,B,0092,,",
660,-0.0151,47751.406,p,vis,Brelstaff T,,"R,0015,R,0015,VSSC 73,",
688,-0.0078,47789.6861,p,vis,Tvardovskyi,,",,,,,",
698,-0.0158,47803.347,p,vis,Kohl Michael,,"B,0092,B,0092,,",
709,-0.0086,47818.39,p,vis,Peter H,,,"B,0093,B,0093,,"
739,-0.0172,47859.388,p,vis,Peter H,,,"B,0093,B,0093,,"
777,-0.012,47911.335,p,vis,Peter H,,,"B,0094,B,0094,,"
818,-0.0184,47967.371,p,vis,Locher Kurt,,"B,0094,B,0094,,",
911,-0.013,48094.497,p,vis,Kohl Michael,,"B,0096,B,0096,,",
938,-0.0019,48131.414,p,vis,Polloczek R,,"C,0031,C,0031,,",
949,-0.0097,48146.442,p,vis,Peter H,,,"B,0096,B,0096,,"
955,-0.0071,48154.646,p,vis,Tvardovskyi,,",,,,,",
958,-0.0124,48158.7413,p,vis,Tvardovskyi,,",,,,,",
979,-0.0134,48187.445,p,vis,Locher Kurt,,"B,0096,B,0096,,",
982,-0.0158,48191.5432,p,vis,Tvardovskyi,,",,,,,",
1015,-0.0144,48236.6519,p,vis,Tvardovskyi,,",,,,,",
1026,-0.005,48251.6971,p,vis,Tvardovskyi,,",,,,,",
1036,-0.01,48265.361,p,vis,Peter H,,,"B,0097,B,0097,,"
1066,-0.0186,48306.359,p,vis,Maintz Gisela,,"D,0059,D,0059,,",
1085,-0.0125,48332.336,p,vis,Locher Kurt,,"B,0097,B,0097,,",
1085,-0.0125,48332.336,p,vis,Peter H,,,"B,0097,B,0097,,"
1159,-0.0162,48433.482,p,vis,Locher Kurt,,"B,0098,B,0098,,",
1187,-0.0117,48471.7594,p,vis,Tvardovskyi,,",,,,,",
1195,-0.0105,48482.6956,p,vis,Tvardovskyi,,",,,,,",
1205,-0.009,48496.366,p,vis,Peter H,,,"B,0098,B,0098,,"
1208,-0.0097,48500.466,p,vis,Peter H,,,"B,0098,B,0098,,"
1208,-0.0016,48500.4741,p,V,Hipparcos,,"0,Hipp,0,Hipp,,",
1236,-0.0172,48538.7313,p,vis,Tvardovskyi,,",,,,,",
1241,-0.003,48545.58,p,vis,Locher Kurt,,"B,0099,B,0099,,",
1243,-0.0058,48548.311,p,vis,Peter H,,,"B,0099,B,0099,,"
1282,-0.0093,48601.6161,p,vis,Tvardovskyi,,",,,,,",
1295,-0.0344,48619.3606,p,vis,Louzilova P,,"C,0031,C,0031,,",
1295,-0.034,48619.361,p,vis,Rottenborn M,,"C,0031,C,0031,,",
1295,-0.033,48619.362,p,vis,Smolik P,,"C,0031,C,0031,,",
1295,-0.025,48619.37,p,vis,Rehor M,,,"C,0031,C,0031,,"
1295,-0.021,48619.374,p,vis,Honzik L,,"C,0031,C,0031,,",
1295,-0.018,48619.377,p,vis,Kratochvil A,,"C,0031,C,0031,,",
1295,-0.0094,48619.3856,p,vis,Zibar M,,,"C,0031,C,0031,,"
1295,-0.003,48619.392,p,vis,Peter H,,,"B,0100,B,0100,,"
1314,-0.0118,48645.354,p,vis,Locher Kurt,,"B,0100,B,0100,,",
1342,-0.0123,48683.6264,p,vis,Tvardovskyi,,",,,,,",
1459,-0.0146,48843.55,p,vis,Locher Kurt,,"B,0102,B,0102,,",
1464,-0.012,48850.387,p,vis,Peter H,,,"B,0102,B,0102,,"
1492,-0.0085,48888.6634,p,vis,Tvardovskyi,,",,,,,",
1494,-0.0057,48891.4,p,vis,Peter H,,,"B,0102,B,0102,,"
1511,-0.0106,48914.6321,p,vis,Tvardovskyi,,",,,,,",
1579,-0.0108,49007.5803,p,vis,Tvardovskyi,,",,,,,",
1579,-0.0067,49007.5844,p,vis,Tvardovskyi,,",,,,,",
1580,-0.011,49008.947,p,vis,Hirosawa Kenji,,"J,0047,,,,",
1622,-0.0123,49066.355,p,vis,Locher Kurt,,"B,0103,B,0103,,",
1735,-0.0109,49220.8148,p,vis,Tvardovskyi,,",,,,,",
1770,-0.0097,49268.6571,p,vis,Tvardovskyi,,",,,,,",
1790,-0.0112,49295.9934,p,pe,Momose Masahiko,,"J,0068,,,,92 cm",
1850,-0.0103,49378.0075,p,pe,Momose Masahiko,,"J,0068,,,,92 cm",
1898,-0.0034,49443.625,p,vis,Tvardovskyi,,",,,,,",
1999,-0.0061,49581.678,p,vis,Tvardovskyi,,",,,,,",
2018,-0.015,49607.64,p,vis,Locher Kurt,,"B,0107,B,0107,,",
2018,-0.005,49607.65,p,vis,Tvardovskyi,,",,,,,",
2079,-0.0052,49691.03,p,vis,Sekino Yuji,,"J,0023,,,,28SC",
2079,-0.0052,49691.03,p,vis,Sekino Yuji,,"J,0047,,,,",
2135,-0.0078,49767.5731,p,vis,Tvardovskyi,,",,,,,",
2151,-0.0121,49789.439,p,vis,Kohl Michael,,"B,0109,B,0109,,",
2203,-0.0153,49860.514,p,vis,Locher Kurt,,"B,0109,B,0109,,",
2247,-0.0076,49920.6648,p,vis,Tvardovskyi,,",,,,,",
2252,-0.0204,49927.4864,p,vis,Gojdic S,,"C,0032,C,0032,,",
2253,-0.0036,49928.8701,p,vis,Tvardovskyi,,",,,,,",
2280,-0.0102,49965.7694,p,vis,Tvardovskyi,,",,,,,",
2298,-0.0076,49990.376,p,vis,Kohl Michael,,"B,0111,B,0111,,",
2298,-0.0056,49990.378,p,vis,Peter H,,,"B,0110,B,0110,,"
2306,-0.0097,50001.309,p,vis,Peter H,,,"B,0110,B,0110,,"
2344,-0.0078,50053.2527,p,pe,Momose Masahiko,,"J,0068,,,,92 cm",
2345,-0.008,50054.6194,p,vis,Tvardovskyi,,",,,,,",
2346,-0.0079,50055.9863,p,pe,Momose Masahiko,,"J,0068,,,,92 cm",
2386,-0.005,50110.6647,p,vis,Tvardovskyi,,",,,,,",
2415,-0.0135,50150.296,p,vis,Peter H,,,"B,0111,B,0111,,"
2437,-0.0081,50180.373,p,vis,Locher Kurt,,"B,0112,B,0112,,",
2531,-0.0094,50308.8591,p,vis,Tvardovskyi,,",,,,,",
2533,-0.0013,50311.601,p,vis,Locher Kurt,,"B,0113,B,0113,,",
2544,-0.0064,50326.6317,p,vis,Tvardovskyi,,",,,,,",
2565,-0.0177,50355.325,p,vis,Peter H,,,"B,0113,B,0113,,"
2576,-0.0015,50370.377,p,vis,Peter H,,,"B,0113,B,0113,,"
2595,-0.0014,50396.348,p,vis,Peter H,,,"B,0114,B,0114,,"
2614,-0.0022,50422.318,p,vis,Peter H,,,"B,0114,B,0114,,"
2658,-0.0073,50482.456,p,vis,Kohl Michael,,"B,0114,B,0114,,",
2663,-0.0007,50489.297,p,vis,Peter H,,,"B,0114,B,0114,,"
2685,-0.0073,50519.362,p,vis,Locher Kurt,,"B,0114,B,0114,,",
2685,-0.0033,50519.366,p,vis,Kohl Michael,,"B,0114,B,0114,,",
2705,-0.0021,50546.7049,p,vis,Tvardovskyi,,",,,,,",
2713,-0.0131,50557.629,p,vis,Locher Kurt,,"B,0115,B,0115,,",
2768,-0.0046,50632.8164,p,vis,Tvardovskyi,,",,,,,",
2795,-0.0017,50669.7253,p,vis,Tvardovskyi,,",,,,,",
2797,-0.0057,50672.455,p,vis,Peter H,,,"B,0115,B,0115,,"
2814,-0.0041,50695.6937,p,vis,Tvardovskyi,,",,,,,",
2841,-0.0062,50732.5977,p,vis,Tvardovskyi,,",,,,,",
2854,-0.0034,50750.37,p,vis,Peter H,,,"B,0116,B,0116,,"
2854,-0.0016,50750.3718,p,ccd,Safar Jan,,"C,0032,I,4887,,",
2862,-0.0075,50761.301,p,vis,Locher Kurt,,"B,0116,B,0116,,",
3018,0,50974.543,p,vis,Locher Kurt,,"B,0118,B,0118,,",
3095,-0.0085,51079.7849,p,vis,Tvardovskyi,,",,,,,",
3111,-0.0093,51101.6543,p,vis,Tvardovskyi,,",,,,,",
3113,-0.019,51104.3783,p,vis,Polloczek R,,"C,0032,,,,SB",
3118,-0.0078,51111.224,p,vis,Maehara Hiroyuki,"J,0033,,,,20L",,
3118,-0.0078,51111.224,p,vis,Maehara Hiroyuki,"J,0047,,,,",,
3138,-0.0117,51138.5578,p,vis,Tvardovskyi,,",,,,,",
3152,-0.0098,51157.6962,p,vis,Tvardovskyi,,",,,,,",
3181,-0.0097,51197.336,p,vis,Locher Kurt,,"B,0119,B,0119,,",
3181,-0.0077,51197.338,p,vis,Meyer R,,,"D,0112,D,0112,,"
3201,-0.0069,51224.6766,p,vis,Tvardovskyi,,",,,,,",
3239,-0.0086,51276.6166,p,vis,Tvardovskyi,,",,,,,",
3252,-0.0108,51294.384,p,vis,Locher Kurt,,"B,0120,B,0120,,",
3289,-0.0186,51344.951,p,ccd,Paschke Anton,,"0,home,,,,Rotse",
3323,-0.0088,51391.435,p,vis,Braune Werner,,"D,0131,D,0131,,",
3335,-0.0074,51407.8391,p,vis,Tvardovskyi,,",,,,,",
3351,-0.0085,51429.7082,p,vis,Tvardovskyi,,",,,,,",
3351,-0.0056,51429.7111,p,vis,Tvardovskyi,,",,,,,",
3353,-0.0145,51432.436,p,vis,Meyer R,,,"D,0131,D,0131,,"
3353,-0.0095,51432.441,p,vis,Quester Wolfgang,"D,0131,D,0131,,",,
3359,-0.0073,51440.6445,p,vis,Tvardovskyi,,",,,,,",
3397,-0.0118,51492.5817,p,vis,Tvardovskyi,,",,,,,",
3410,-0.0071,51510.356,p,vis,Locher Kurt,,"B,0121,B,0121,,",
3440,-0.0077,51551.362,p,vis,Kohl Michael,,"B,0122,B,0122,,",
3506,-0.0123,51641.572,p,vis,Locher Kurt,,"B,0122,B,0122,,",
3609,-0.0048,51782.369,p,vis,Meyer Ralf,,"D,0143,D,0143,,",
3626,-0.0109,51805.6,p,vis,Locher Kurt,,"B,0123,B,0123,,",
3686,-0.0052,51887.619,p,vis,Stephan Chris,,"W,0267,A,A008,,",
3696,-0.009,51901.284,p,vis,Locher Kurt,,"B,0124,B,0124,,",
3871,-0.0102,52140.4882,p,V,Quester Wolfgang,"D,0158,I,5484,,",,
3904,-0.0118,52185.594,p,vis,Locher Kurt,,"B,0126,B,0126,,",
3937,-0.0051,52230.708,p,vis,Locher Kurt,,"B,0127,B,0127,,",
4092,-0.0157,52442.565,p,vis,Locher Kurt,,"B,0128,B,0128,,",
4108,-0.0099,52464.441,p,ccd,Ehrenberger R,,"C,0034,E,0074,,RL150",
4127,-0.0048,52490.417,p,ccd,Demircan O,,"I,5364,I,5364,,",
4160,-0.0094,52535.5197,p,V,Quester Wolfgang,"D,0158,I,5484,,",,
4184,-0.0124,52568.322,p,vis,Locher Kurt,,"B,0129,I,5438,,",
4242,-0.0094,52647.6045,p,ccd,Nelson Robert,,"I,5493,,,,",
4266,-0.0032,52680.416,p,vis,Schabacher M,,"D,0157,,,,",
4274,-0.0073,52691.347,p,vis,Meyer Ralf,,"D,0157,,,,",
4400,-0.0095,52863.5727,p,ccd,Monninger Gerold,"D,0173,I,5657,,",,
4400,-0.0002,52863.582,p,vis,Locher Kurt,,"B,0130,I,5543,,",
4416,-0.0103,52885.4421,p,ccd,Bakis Volkan,,"I,5464,,,,",
4449,-0.0087,52930.551,p,vis,Baldwin M,,"A,0011,,,,",
4468,-0.0056,52956.525,p,V,Brauner Bernhard,"D,0172,I,5643,,",,
4490,-0.0089,52986.5932,p,ccd,Samolyk G,,"A,0011,,,,",
4501,-0.0069,53001.631,p,vis,Williams D,,"A,0011,,,,",
4637,-0.0067,53187.528,p,vis,Locher Kurt,,"E,0003,,,,",
4665,-0.0085,53225.799,p,vis,Stephan Chris,,"W,1371,,,,",
4665,-0.0082,53225.7993,p,vis,Tvardovskyi,,",,,,,",
4683,-0.0035,53250.408,p,vis,Meyer Ralf,,"D,0174,,,,",
4689,-0.0092,53258.6036,p,R,Tvardovskyi,,",,,,,",
4689,-0.009,53258.6038,p,R,Lubcke G,,"Y,0042,,,JAAVSO 42,",
4708,-0.0087,53284.575,p,vis,Chaple G,,"A,0011,,,,",
4711,-0.0114,53288.673,p,vis,Stephan Chris,,"W,1410,,,,",
4711,-0.0084,53288.676,p,vis,Williams D,,"A,0011,,,,",
4711,-0.0044,53288.68,p,vis,Stephan C,,"A,0011,,,,",
4719,-0.0095,53299.61,p,ccd,Cook S,,,"A,0011,,,,"
4723,-0.0088,53305.0782,p,ccd,Kim Chun-Hwey,,"I,5694,,,,",
4739,-0.0042,53326.953,p,vis,Hirosawa Kenji,,"J,0043,,,,28SC",
4798,-0.0136,53407.59,p,vis,Chaple G,,"A,0011,,,,",
4809,-0.0083,53422.6311,p,V,Tvardovskyi,,",,,,,",
4912,-0.0039,53563.425,p,vis,Raetz Kerstin,,"D,0179,,,,",
4947,-0.0059,53611.264,p,vis,Hirosawa Kenji,,"J,0044,,,,28SC",
4951,-0.0085,53616.729,p,vis,Williams D,,"A,0011,,,,",
4956,-0.0049,53623.567,p,vis,Chaple G,,"A,0011,,,,",
4959,-0.0086,53627.664,p,ccd,Cook S,,,"A,0011,,,,"
4961,-0.0079,53630.3985,p,V,Bakis Volkan,,"I,5662,,,,CUG301",
4962,-0.0208,53632.4365,s,V,Bakis Volkan,,"I,5662,,,,CUG301",
4967,-0.0117,53638.596,p,vis,Chaple G,,"A,0011,,,,",
4967,-0.0076,53638.6001,p,ccdI,Smelcer L,,"C,0034,E,0074,,RL280",
4978,-0.0105,53653.633,p,vis,Hays R,,,"A,0011,,,,"
4991,-0.0078,53671.4052,p,ccd,Zejda Milos,,"I,5741,,,,RL200",
5002,-0.0079,53686.4409,p,ccdI,Smelcer L,,"C,0034,E,0074,,RL280",
5019,-0.0099,53709.676,p,vis,Hays R,,,"A,0011,,,,"
5057,-0.0126,53761.615,p,vis,Hays R,,,"A,0011,,,,"
5076,-0.0085,53787.59,p,vis,Chaple G,,"A,0011,,,,",
5228,-0.0065,53995.359,p,ccd,Dogru S S,,"I,5746,,,,UG301",
5275,-0.0067,54059.6025,p,V,Tvardovskyi,,",,,,,",
5275,-0.0065,54059.6027,p,I,Tvardovskyi,,",,,,,",
5302,-0.0062,54096.509,p,ccd,Wischnewski M,,"D,0183,I,5761,,Meade DSI Pr",
5359,-0.0067,54174.4211,p,ccdI,Smelcer L,,"C,0034,E,0074,,Celestron 28",
5359,-0.0066,54174.4212,p,ccdR,Smelcer L,,"C,0034,E,0074,,Celestron 28",
5367,-0.0052,54185.3577,p,ccdV,Smelcer L,,"C,0034,E,0074,,Celestron 28",
5367,-0.0051,54185.3578,p,ccdR,Smelcer L,,"C,0034,E,0074,,Celestron 28",
5367,-0.005,54185.3579,p,ccdI,Smelcer L,,"C,0034,E,0074,,Celestron 28",
5504,-0.0057,54372.6209,p,ccd,Samolyk G,,"A,0079,,,,",
5518,-0.0058,54391.7572,p,ccd,Bialozynski J,,"A,0079,,,,",
5602,-0.0048,54506.5768,p,V,Vanleenhove M,,"I,5933,,,,28cm+ST-10",
5602,-0.0043,54506.5772,p,V,Tvardovskyi,,",,,,,",
5643,-0.0046,54562.6194,p,ccd,Samolyk G,,"A,0086,,,,",
5709,-0.0042,54652.8344,p,ccd,Samolyk G,,"A,0086,,,,",
5750,-0.0038,54708.8772,p,ccd,Samolyk G,,"A,0086,,,,",
5782,-0.0114,54753.294,s,R,Ehrenberger Roma,"C,0036,E,0107,,96/400 HX516",,
5803,-0.004,54781.3221,p,ccd,Ogmen Y,,,"A,0109,,,,"
5840,-0.0079,54831.893,p,vis,Hirosawa Kenji,,"J,0048,,,,28SC",
5842,-0.0044,54834.6303,p,V,Tvardovskyi,,",,,,,",
5850,-0.0044,54845.5654,p,V,Tvardovskyi,,",,,,,",
5912,-0.0038,54930.3131,p,C,Dogru S S,,"I,5893,,,,ST237",
6047,-0.0037,55114.843,p,V,Tvardovskyi,,",,,,,",
6071,0.0011,55148.3371,s,RI,Liakos A,,"I,5943,,,,20cm+ST-8",
6078,-0.0036,55157.2167,p,BVRI,Liakos A,,"I,5943,,,,20cm+ST-8",
6109,-0.0039,55199.5899,p,V,Tvardovskyi,,",,,,,",
6294,-0.0035,55452.4646,p,ccd,Hauteckler H,,"I,6230,,,,20cm+ST7ME",
6302,-0.0038,55463.3994,p,V,Pagel L,,,"D,0231,I,6070,,QHY8"
6302,-0.003,55463.4002,p,V,Tvardovskyi,,",,,,,",
6302,-0.0019,55463.4012,p,B,Tvardovskyi,,",,,,,",
6349,-0.0025,55527.6444,p,V,Tvardovskyi,,",,,,,",
6349,-0.0025,55527.6444,p,V,Poklar R,,"A,e151,,,,",
6551,0.0029,55804.4452,s,-Ir,Agerer Franz,,"D,0225,I,6026,,Sigma 1603",
6837,-0.0001,56194.6881,p,V,Tvardovskyi,,",,,,,",
6855,0.001,56219.2932,p,-I,Agerer Franz,,"D,0231,I,6070,,Sigma1603",
7091,0.0005,56541.8783,p,V,Samolyk G,,"Y,0042,,,JAAVSO 42,",
7091,0.0006,56541.8784,p,V,Tvardovskyi,,",,,,,",
7131,0.001,56596.5543,p,-I,Agerer Franz,,"D,0234,I,6118,,Sigma 1603",
7166,0.0014,56644.3958,p,-I,Agerer Franz,,"D,0234,I,6118,,Sigma 1603",
7371,0.0013,56924.6078,p,V,Tvardovskyi,,",,,,,",
7371,0.0014,56924.6078,p,V,Samolyk G,,"A,,,,JAAVSO 62,",
7385,0.0016,56943.7445,p,V,Tvardovskyi,,",,,,,",
7621,0.0013,57266.3297,p,-I,Agerer Franz,,"D,0244,I,6196,,Sigma 1603",
7630,0.0024,57278.6329,p,V,Tvardovskyi,,",,,,,",
7630,0.0028,57278.6332,p,V,Samolyk G,,",,,,JAAVSO-43,",
7668,0.0024,57330.5746,p,V,Tvardovskyi,,",,,,,",
7668,0.0025,57330.5747,p,V,Samolyk G,,",,,,JAAVSO-44,",
7671,0.0019,57334.6747,p,V,Simmons N,,",,,,JAAVSO-44,",
7895,0.0037,57640.8595,p,V,Tvardovskyi,,",,,,,",
7919,0.0027,57673.6638,p,V,Tvardovskyi,,",,,,,",
7951,-0.0042,57718.0813,s,V,Akazawa Hidehiko,"J,0073,,,,20cm+ST-9XE",,
7959,-0.0035,57729.0171,s,V,Akazawa Hidehiko,"J,0073,,,,20cm+ST-9XE",,
7965,0.0029,57736.5409,p,V,Tvardovskyi,,",,,,,",
7972,0.0033,57746.1095,p,V,Akazawa Hidehiko,"J,0073,,,,28cm+G2-1600",,
7992,-0.0064,57773.4375,p,ccd,Bragagnolo U.,,"C,0041,E,0194,,10cm+QHY9",
7997,-0.0065,57780.2718,p,ccd,Bragagnolo U.,,"C,0041,E,0194,,10cm+QHY9",
8132,0.0026,57964.8108,p,V,Tvardovskyi,,",,,,,",
8150,0.003,57989.4152,p, -Ir,Agerer Franz,,"D,0247,I,6244,, 1603",
8156,0.0026,57997.6161,p,V,Samolyk G.,,"A,0461,,,,",
8156,0.0033,57997.6169,p,V,Tvardovskyi,,",,,,,",
8196,0.0022,58052.2913,p,V,Akazawa Hidehiko,"J,0073,,,,28cm+G2-1600",,
8409,0.0013,58343.4375,p,-Ir,Agerer Franz,,"D,0031,,,,Sigma1603",
8431,0.002,58373.5097,p,-Ir,Agerer Franz,,"D,0031,,,,Sigma1603",
8440,0.0019,58385.8117,p,V,Tvardovskyi,,",,,,,",
8440,0.0028,58385.8125,p,V,Samolyk G,,"A,,,,JAAVSO 47,",
8448,0.002,58396.7468,p,V,Cook S,,,"A,,,,JAAVSO 47,"
8471,0.0015,58428.1847,p,Rc,Akazawa Hidehiko,"J,0073,,,,28cm+ST-9XE",,
8472,0.0013,58430.2354,s,Rc,Akazawa Hidehiko,"J,0073,,,,28cm+ST-9XE",,
8474,0.0018,58432.2857,p,Rc,Akazawa Hidehiko,"J,0073,,,,28cm+ST-9XE",,
8474,-0.0013,58432.9666,s,Rc,Akazawa Hidehiko,"J,0073,,,,28cm+ST-9XE",,
8502,0.0014,58470.5582,p,V,Samolyk G,,"A,,,,JAAVSO 47,",
8502,0.0015,58470.5583,p,V,Tvardovskyi,,",,,,,",
8707,0.0009,58750.7697,p,V,Tvardovskyi,,",,,,,",
8810,0.0007,58891.559,p,V,Samolyk Gerry,,"A,,,,JAAVSO 48,",
8948,0.0033,59080.1921,p,V,Itoh Hiroshi,,"J,0069,,,,12.7SC+ST-9X",
