40570,0.0312,45346.42,p,pg,Frank Peter,,"D,0068,D,0068,,",
41228,0.053,45671.564,p,pg,Frank Peter,,"D,0038,D,0038,,",
41254,0.0442,45684.649,s,pg,Frank Peter,,"D,0038,D,0038,,",
45121,0.0473,47595.3627,s,B,Agerer Franz,,"D,0052,D,0052,,",
45121,0.0515,47595.3669,s,V,Agerer Franz,,"D,0052,D,0052,,",
45510,0.0563,47787.5792,s,V,Agerer Franz,,"D,0056,D,0056,,",
45510,0.0564,47787.5793,s,B,Agerer Franz,,"D,0056,D,0056,,",
45545,0.0548,47804.6245,p,V,Agerer Franz,,"D,0056,D,0056,,",
45545,0.055,47804.6247,p,B,Agerer Franz,,"D,0056,D,0056,,",
45636,0.0529,47849.5863,p,B,Agerer Franz,,"D,0056,D,0056,,",
45636,0.0539,47849.5873,p,V,Agerer Franz,,"D,0056,D,0056,,",
45662,0.0546,47862.4347,p,V,Agerer Franz,,"D,0056,D,0056,,",
45662,0.0564,47862.4365,p,B,Agerer Franz,,"D,0056,D,0056,,",
45662,0.0522,47862.6793,s,V,Agerer Franz,,"D,0056,D,0056,,",
45662,0.0529,47862.68,s,B,Agerer Franz,,"D,0056,D,0056,,",
45709,0.0543,47885.6575,p,B,Agerer Franz,,"D,0056,D,0056,,",
45709,0.057,47885.6602,p,V,Agerer Franz,,"D,0056,D,0056,,",
46449,0.0543,48251.2964,p,B,Agerer Franz,,"D,0059,D,0059,,",
46449,0.0554,48251.2975,p,V,Agerer Franz,,"D,0059,D,0059,,",
46528,0.0564,48290.3329,p,V,Agerer Franz,,"D,0059,D,0059,,",
46528,0.0575,48290.334,p,B,Agerer Franz,,"D,0059,D,0059,,",
46562,0.0571,48307.3803,s,V,Agerer Franz,,"D,0059,D,0059,,",
46562,0.0579,48307.3811,s,B,Agerer Franz,,"D,0059,D,0059,,",
46953,0.0581,48500.33,p,V,Hipparcos,,"0,Hipp,0,Hipp,,",
47077,0.0574,48561.5985,p,V,Agerer Franz,,"D,0060,D,0060,,",
47077,0.0582,48561.5993,p,B,Agerer Franz,,"D,0060,D,0060,,",
47930,0.0619,48983.323,s,B,Agerer Franz,,"D,0062,D,0062,,",
47930,0.0626,48983.3237,s,V,Agerer Franz,,"D,0062,D,0062,,",
48772,0.0706,49399.3696,s,B,Agerer Franz,,"D,0068,D,0068,,",
48772,0.0719,49399.3709,s,V,Agerer Franz,,"D,0068,D,0068,,",
49460,0.0749,49739.3193,s,ccd,Agerer Franz,,"D,0091,I,4383,,",
52567,0.0631,51274.25,p,ccd,Paschke Anton,,"0,home,,,,Rotse",
53233,0.067,51603.329,p,V,Agerer Franz,,"D,0152,I,5296,,EMI 9781A",
53847,0.0687,51906.9592,s,ccd,Nelson Robert,,"I,5040,I,5040,,",
53887,0.0691,51926.4768,p,ccd,Agerer Franz,,"D,0152,I,5296,,ST-6",
53945,0.0664,51955.3793,s,BV,Agerer Franz,,"D,0152,I,5296,,EMI 9781A",
55124,0.0721,52537.9368,s,ccd,Dvorak S W,,"I,5378,,,,",
55359,0.0725,52654.0523,s,V,Kim Chun-Hwey,,"I,5694,,,,",
55361,0.0719,52655.0399,s,V,Nakajima Kazuhir,"W,0846,J,0042,,",,
55370,0.0718,52659.2398,p,R,Kotkova Lenka,,"I,5676,,,,",
55373,0.0774,52660.9747,s,V,Nakajima Kazuhir,"W,0857,J,0042,,",,
55374,0.0732,52661.2176,p,V,Nakajima Kazuhir,"W,0857,J,0042,,",,
55387,0.0727,52667.6405,p,ccd,Nelson Robert,,"I,5493,,,,",
55388,0.0731,52668.135,p,V,Nakajima Kazuhir,"W,0865,J,0042,,",,
55392,0.0726,52670.1109,p,V,Nakajima Kazuhir,"W,0869,J,0042,,",,
55406,0.0764,52677.0322,p,V,Nakajima Kazuhir,"W,0884,J,0042,,",,
55507,0.0704,52726.931,p,V,Nakajima Kazuhir,"W,0941,J,0042,,",,
55970,0.0721,52955.7041,p,R,Kotkova Lenka,,"I,5676,,,,",
56016,0.07,52978.4309,p,VRI,Karampotsiou E,,"I,6158,,,,40cm+ST-8",
56044,0.0724,52992.5153,s,VRI,Karampotsiou E,,"I,6158,,,,40cm+ST-8",
56289,0.0725,53113.3245,p,VRI,Karampotsiou E,,"I,6158,,,,40cm+ST-8",
56884,0.0699,53407.3154,p,BVR,Pribulla Theodor,"I,5668,,,,G1",,
56890,0.0722,53410.2824,p,BV,Pribulla Theodor,"I,5668,,,,G2",,
56890,0.0732,53410.2834,p,BV,Oezguer O,,"I,5649,,,,",
56904,0.0721,53417.4468,s,BV,Alpay I,,,"I,5649,,,,"
56976,0.0705,53453.0208,s,ccd,Kim Chun-Hwey,,"I,5694,,,,",
57456,0.0675,53690.1891,s,V,Nakajima Kazuhi,,"J,0044,,,,25SC+CV-04",
57475,0.069,53699.3316,p,V,Nakajima Kazuhi,,"J,0044,,,,25SC+CV-04",
57489,0.0641,53706.4911,s,R,Brat L,,,"C,0034,E,0074,,RL200"
57582,0.0658,53752.4448,s,BV,Oezguer E,,"I,5754,,,,",
57614,0.068,53768.2584,s,VRI,Pribulla Theo,,"I,5777,,,,50cmNewton",
58281,0.0647,54097.8243,s,R,Nelson Robert,,"I,5760,,,,",
58384,0.0654,54148.471,p,-Ir,Agerer Franz,,"D,0186,I,5802,,ST-6",
58444,0.0638,54178.3628,s,VRI,Liakos A,,"I,5897,,,,",
58495,0.063,54203.3144,p,VRI,Liakos A,,"I,5897,,,,",
58961,0.0601,54433.5652,p,ccd,Parimucha S,,"I,5898,,,,256mm Newton",
58992,0.0714,54449.1408,s,V,Itoh Hiroshi,,"J,0046,,,,30SC+DSI-Pro",
59223,0.0604,54563.0215,p,V,Itoh Hiroshi,,"J,0048,,,,30SC+DSI-Pro",
59682,0.0647,54789.8208,p,R,Nelson Robert,,"I,5875,,,,ST-7XME",
59708,0.0572,54802.907,s,V,Diethelm Roger,,"I,5871,,,,",
59766,0.0615,54831.3225,p,V,Agerer Franz,,"D,0209,I,5918,,Sig 1603",
59768,0.0625,54832.3117,p,-Ir,Agerer Franz,,"D,0209,I,5918,,Sig 1603",
59768,0.0581,54832.5543,s,-Ir,Agerer Franz,,"D,0209,I,5918,,Sig 1603",
59819,0.0581,54857.5068,p,-Ir,Agerer Franz,,"D,0209,I,5918,,Sig 1603",
60422,0.0564,55155.4514,p,I,Smelcer L,,"C,0037,E,0137,,280mm+ST7",
60422,0.0593,55155.4543,p,R,Smelcer L,,"C,0037,E,0137,,280mm+ST7",
60426,0.0594,55157.4308,p,ccd,Vrastak M,,"C,0037,E,0137,,63mm+G2",
61078,0.0621,55479.5912,p,R,Lehky M,,,"C,0037,E,0137,,250mm+ST7"
61158,0.0633,55519.1209,p,Rc,Shiokawa Kazuhik,"J,0051,,,,35SC+ST-9E",,
61198,0.0625,55538.8843,p,V,Diethelm Roger,,"I,5960,,,,",
61304,0.0631,55591.2602,p,R,Smelcer L,,"C,0037,E,0137,,280mm+G2",
61304,0.0642,55591.2613,p,V,Smelcer L,,"C,0037,E,0137,,280mm+G2",
61365,0.0629,55621.4006,p,I,Smelcer L,,"C,0037,E,0137,,280mm+G2",
61365,0.0634,55621.4011,p,R,Smelcer L,,"C,0037,E,0137,,280mm+G2",
61365,0.064,55621.4017,p,V,Smelcer L,,"C,0037,E,0137,,280mm+G2",
61369,0.0638,55623.3779,p,ccd,Jungbluth H,,"D,0220,I,6010,,ST-7",
61381,0.0628,55629.3062,p,V,Kasai Kiyoshi,,"J,0053,,,,28SC+ST7XME",
61409,0.0595,55643.3849,s,R,Smelcer L.,,"C,0038,E,0160,,28cm+G2",
61409,0.0604,55643.3858,s,I,Smelcer L.,,"C,0038,E,0160,,28cm+G2",
61409,0.062,55643.3874,s,V,Smelcer L.,,"C,0038,E,0160,,28cm+G2",
61423,0.0584,55650.3012,s,I,Smelcer L.,,"C,0038,E,0160,,28cm+G2",
61423,0.0586,55650.3014,s,R,Smelcer L.,,"C,0038,E,0160,,28cm+G2",
61423,0.0605,55650.3033,s,V,Smelcer L.,,"C,0038,E,0160,,28cm+G2",
61913,0.061,55892.1691,p,V,Itoh Hiroshi,,"J,0053,,,,30SC+DSI-Pro",
61962,0.0593,55916.3786,p,R,Smelcer L.,,"C,0038,E,0160,,35cm+G2",
61962,0.0597,55916.379,p,V,Smelcer L.,,"C,0038,E,0160,,35cm+G2",
61962,0.0599,55916.3792,p,CCD+U,Smelcer L.,,"C,0038,E,0160,,35cm+G2",
62014,0.0608,55942.3207,s,V,Magris M.,,"C,0038,E,0160,,20cm+MX716",
62043,0.0581,55956.4001,p,ccd,Smelcer L.,,"C,0038,E,0160,,28cm+ST7",
62134,0.0605,56001.3662,p,V,Agerer Franz,,"D,0228,I,6048,,Sigma 1603",
62632,0.0517,56247.4226,p,I,Smelcer L.,,"C,0038,E,0160,,35cm+G2",
62632,0.0535,56247.4243,p,R,Smelcer L.,,"C,0038,E,0160,,35cm+G2",
62632,0.0544,56247.4252,p,V,Smelcer L.,,"C,0038,E,0160,,35cm+G2",
62670,0.0546,56266.2015,p,V,Itoh Hiroshi,,"J,0055,,,,30SC+ST-9XE",
62808,0.0549,56334.3885,p,-I,Agerer Franz,,"D,0232,I,6084,,Sigma1603",
62850,0.0528,56355.3859,s,-I,Agerer Franz,,"D,0232,I,6084,,Sigma1603",
63340,0.0457,56597.4911,s,V,Magris M,,"C,0039,,,,25cm+Atik",
63350,0.0491,56602.4356,s,ccd,Magris M,,"C,0039,,,,25cm+Atik",
63532,0.0479,56692.3617,s,R,Smelcer L,,"C,0039,,,,25cm+G2-402",
63532,0.0482,56692.3621,s,B,Smelcer L,,"C,0039,,,,25cm+G2-402",
63534,0.0456,56693.3477,s,B,Smelcer L,,"C,0039,,,,25cm+G2-402",
63534,0.0466,56693.3486,s,R,Smelcer L,,"C,0039,,,,25cm+G2-402",
63573,0.0455,56712.3708,p,DSLR,Walter F,,"C,0039,,,,Canon",
63575,0.0457,56713.3592,p,ccd,Jungbluth H,,"D,0238,I,6149,,ST-7",
63617,0.0465,56734.3594,s,-I,Agerer Franz,,"D,0238,I,6149,,Sigma 1603",
64336,0.0379,57089.3666,p,ccd,Jungbluth H,,"D,0241,I,6157,,ST-7",
64909,0.0356,57372.7343,s,R,Nelson Robert,,"I,6164,,,,33cm+ST-10XM",
64931,0.039,57383.3611,p,-I,Agerer Franz,,"D,0244,I,6196,,Sigma 1603",
64931,0.0364,57383.6055,s,-I,Agerer Franz,,"D,0244,I,6196,,Sigma 1603",
65638,0.0234,57732.926,s,Rc,Shiokawa Kazuhik,"J,0063,,,,35SC+ST-9E",,
65639,0.0247,57733.1744,p,Rc,Shiokawa Kazuhik,"J,0063,,,,35SC+ST-9E",,
65698,0.0252,57762.3272,p,V,Suchan J,,"C,0041,E,0194,,25cm+Algol_0",
65771,0.0217,57798.6405,s,R,Nelson Robert,,"I,6234,,,,33cm+ST10XME",
65831,0.0247,57828.2899,s,R,Smelcer L,,"C,0041,E,0194,,25cm+G2-402",
67113,0.006,58461.469,p,V,Arranz T,,"A,,,,JAAVSO 47,",
67151,0.0057,58480.4917,s,V,Arranz T,,"A,,,,JAAVSO 47,",
68015,-0.0025,58907.3917,s,V,Arranz T,,"A,,,,JAAVSO 48,",
