-15267,-0.0027,42455.652,p,vis,Locher Kurt,,"B,0021,B,0021,,",
-15252,-0.0061,42461.64,s,vis,Locher Kurt,,"B,0021,B,0021,,",
-15239,-0.0046,42466.666,s,vis,Locher Kurt,,"B,0021,B,0021,,",
-15174,-0.0029,42491.596,p,vis,Locher Kurt,,"B,0021,B,0021,,",
-15128,0.0062,42509.578,s,vis,Locher Kurt,,"B,0022,B,0022,,",
-15086,-0.0087,42525.602,p,vis,Locher Kurt,,"B,0022,B,0022,,",
-15079,-0.0042,42528.506,s,vis,Locher Kurt,,"B,0022,B,0022,,",
-15053,-0.0111,42538.354,p,vis,Locher Kurt,,"B,0022,B,0022,,",
-15022,-0.0076,42550.533,s,vis,Locher Kurt,,"B,0022,B,0022,,",
-14993,-0.005,42561.55,p,vis,Locher Kurt,,"B,0022,B,0022,,",
-14970,-0.0094,42570.435,p,vis,Diethelm Roger,,"B,0023,B,0023,,",
-14968,-0.0134,42571.398,s,vis,Diethelm Roger,,"B,0023,B,0023,,",
-14833,-0.0086,42623.386,p,vis,Diethelm Roger,,"B,0023,B,0023,,",
-14818,-0.011,42629.375,s,vis,Diethelm Roger,,"B,0023,B,0023,,",
-14408,-0.008,42787.648,p,vis,Locher Kurt,,"B,0026,B,0026,,",
-14204,-0.0055,42866.496,p,vis,Locher Kurt,,"B,0027,B,0027,,",
-14202,-0.0005,42867.468,s,vis,Locher Kurt,,"B,0027,B,0027,,",
-14196,-0.0035,42869.59,p,pg,Berthold T,,"M,,M,,MVS 11.156,",
-14173,-0.0059,42878.477,p,vis,Locher Kurt,,"B,0027,B,0027,,",
-14153,0.0021,42886.409,s,vis,Germann R,,"B,0027,B,0027,,",
-14150,-0.0074,42887.365,p,vis,Germann R,,"B,0027,B,0027,,",
-14148,-0.0074,42888.332,s,vis,Germann R,,"B,0027,B,0027,,",
-14117,0.0102,42900.331,s,vis,Germann R,,"B,0028,B,0028,,",
-14106,-0.0103,42904.368,p,vis,Germann R,,"B,0028,B,0028,,",
-14104,-0.0013,42905.344,s,vis,Germann R,,"B,0028,B,0028,,",
-14103,-0.0088,42905.529,p,vis,Diethelm Roger,,"B,0028,B,0028,,",
-14083,-0.0077,42913.454,s,vis,Peter H,,,"B,0028,B,0028,,"
-14075,-0.0007,42916.359,p,vis,Germann R,,"B,0028,B,0028,,",
-14049,-0.0106,42926.398,p,vis,Germann R,,"B,0028,B,0028,,",
-14049,-0.0046,42926.404,p,vis,Locher Kurt,,"B,0028,B,0028,,",
-14018,-0.003,42938.387,p,vis,Germann R,,"B,0028,B,0028,,",
-13992,-0.009,42948.43,p,vis,Peter H,,,"B,0028,B,0028,,"
-13990,-0.003,42949.403,s,vis,Germann R,,"B,0028,B,0028,,",
-13979,-0.0064,42953.457,p,vis,Peter H,,,"B,0028,B,0028,,"
-13964,-0.0059,42959.449,s,vis,Germann R,,"B,0028,B,0028,,",
-13933,-0.0163,42971.42,s,vis,Germann R,,"B,0029,B,0029,,",
-13824,-0.0056,43013.365,p,vis,Germann R,,"B,0029,B,0029,,",
-13399,0.002,43177.634,p,vis,Locher Kurt,,"B,0032,B,0032,,",
-13371,-0.0009,43188.647,s,vis,Locher Kurt,,"B,0032,B,0032,,",
-13311,-0.0048,43211.639,p,vis,Locher Kurt,,"B,0033,B,0033,,",
-13146,-0.0099,43275.406,p,vis,Locher Kurt,,"B,0033,B,0033,,",
-13131,-0.0123,43281.395,s,vis,Germann R,,"B,0033,B,0033,,",
-13113,-0.0023,43288.362,s,vis,Germann R,,"B,0033,B,0033,,",
-13102,0.0062,43292.428,p,vis,Royer A,,,"G,EB03,G,EB03,,"
-13084,0.0103,43299.389,p,vis,Royer A,,,"G,EB03,G,EB03,,"
-12968,-0.0044,43344.402,s,vis,Germann R,,"B,0034,B,0034,,",
-12957,-0.0039,43348.46,p,vis,Diethelm Roger,,"B,0034,B,0034,,",
-12277,-0.0192,43611.457,s,vis,Germann R,,"B,0037,B,0037,,",
-12158,-0.0024,43657.467,s,vis,Peter H,,,"B,0037,B,0037,,"
-12153,-0.0009,43659.401,s,vis,Germann R,,"B,0037,B,0037,,",
-12023,0.0014,43709.454,p,vis,Peter H,,,"B,0038,B,0038,,"
-12018,0.002,43711.387,p,vis,Peter H,,,"B,0038,B,0038,,"
-11956,-0.0019,43735.346,p,vis,Germann R,,"B,0038,B,0038,,",
-11518,0.0002,43904.634,p,vis,Locher Kurt,,"B,0041,B,0041,,",
-11250,-0.0001,44008.409,s,vis,Germann R,,"B,0043,B,0043,,",
-11250,0.0039,44008.413,s,vis,Locher Kurt,,"B,0043,B,0043,,",
-11229,0.0054,44016.531,s,vis,Locher Kurt,,"B,0043,B,0043,,",
-11208,0,44024.448,p,vis,Peter H,,,"B,0043,B,0043,,"
-11177,-0.0004,44036.429,p,vis,Locher Kurt,,"B,0044,B,0044,,",
-11146,0.0021,44048.413,p,vis,Germann R,,"B,0044,B,0044,,",
-11092,0.0033,44069.479,s,vis,Peter H,,,"B,0044,B,0044,,"
-11058,0.0034,44082.426,p,vis,Peter H,,,"B,0044,B,0044,,"
-10569,0.0081,44271.622,s,vis,Locher Kurt,,"B,0046,B,0046,,",
-10486,0.0048,44303.504,p,vis,Locher Kurt,,"B,0047,B,0047,,",
-10442,0.0119,44320.517,p,vis,Locher Kurt,,"B,0047,B,0047,,",
-10390,0.007,44340.61,p,vis,Locher Kurt,,"B,0047,B,0047,,",
-10388,0.001,44341.377,p,vis,Germann R,,"B,0047,B,0047,,",
-10380,0.0141,44344.482,p,vis,Mourikis D,,"B,0047,B,0047,,",
-10380,0.0171,44344.485,p,vis,Andrakakou M,,"B,0047,B,0047,,",
-10339,0.0117,44360.52,s,vis,Locher Kurt,,"B,0047,B,0047,,",
-10313,0.0087,44370.372,p,vis,Andrakakou M,,"B,0048,B,0048,,",
-10313,0.0127,44370.376,p,vis,Mourikis D,,"B,0048,B,0048,,",
-10313,0.0137,44370.377,p,vis,Antoniadou T,,"B,0048,B,0048,,",
-10295,0.0128,44377.527,s,vis,Locher Kurt,,"B,0048,B,0048,,",
-10274,0.0063,44385.443,p,vis,Peter H,,,"B,0048,B,0048,,"
-10233,0.0109,44401.488,s,vis,Mourikis D,,"B,0048,B,0048,,",
-10233,0.0129,44401.49,s,vis,Andrakakou M,,"B,0048,B,0048,,",
-10233,0.0149,44401.492,s,vis,Elias D,,,"B,0048,B,0048,,"
-10230,0.0134,44402.456,p,vis,Germann R,,"B,0048,B,0048,,",
-10228,0.0004,44403.41,s,vis,Peter H,,,"B,0048,B,0048,,"
-10212,0.0205,44409.42,p,vis,Elias D,,,"B,0048,B,0048,,"
-10171,0.0041,44425.444,s,vis,Elias D,,,"B,0050,B,0050,,"
-10171,0.0051,44425.445,s,vis,Andrakakou M,,"B,0049,B,0049,,",
-10171,0.0051,44425.445,s,vis,Mourikis D,,"B,0049,B,0049,,",
-10153,0.0051,44432.402,s,vis,Peter H,,,"B,0049,B,0049,,"
-10137,0.0022,44438.389,p,vis,Diethelm Roger,,"B,0049,B,0049,,",
-10127,0.0102,44442.456,s,vis,Peter H,,,"B,0049,B,0049,,"
-10106,0.0087,44450.377,p,vis,Peter H,,,"B,0049,B,0049,,"
-10029,0.0054,44480.328,s,vis,Andrakakou M,,"B,0050,B,0050,,",
-10029,0.0104,44480.333,s,vis,Mourikis D,,"B,0050,B,0050,,",
-10000,0.012,44491.349,p,vis,Peter H,,,"B,0050,B,0050,,"
-9730,0.0067,44595.698,p,vis,Locher Kurt,,"B,0052,B,0052,,",
-9593,0.0115,44648.653,p,vis,Locher Kurt,,"B,0053,B,0053,,",
-9441,0.0329,44707.616,s,vis,Germann R,,"B,0054,B,0054,,",
-9438,0.0234,44708.572,p,vis,Locher Kurt,,"B,0054,B,0054,,",
-9431,0.0139,44711.462,s,vis,Locher Kurt,,"B,0054,B,0054,,",
-9402,0.012,44722.4745,p,pe,Elias D,,,"B,0055,0,GCVS,,"
-9371,0.0041,44734.448,p,vis,Peter H,,,"B,0054,B,0054,,"
-9330,0.0127,44750.497,s,vis,Elias D,,,"B,0055,B,0055,,"
-9234,0.0089,44787.403,p,vis,Diethelm Roger,,"B,0056,B,0056,,",
-9219,0.0235,44793.409,s,vis,Germann R,,"B,0056,B,0056,,",
-9162,0.0061,44815.422,s,vis,Germann R,,"B,0056,B,0056,,",
-9159,0.0266,44816.408,p,vis,Germann R,,"B,0056,B,0056,,",
-9157,0.0046,44817.353,s,vis,Locher Kurt,,"B,0056,B,0056,,",
-9102,0.0142,44838.426,p,vis,Peter H,,,"B,0056,B,0056,,"
-9084,0.0153,44845.384,p,vis,Germann R,,"B,0056,B,0056,,",
-8646,0.0114,45014.666,p,vis,Locher Kurt,,"B,0059,B,0059,,",
-8626,0.0184,45022.597,s,vis,Locher Kurt,,"B,0059,B,0059,,",
-8510,0.0127,45067.425,s,vis,Locher Kurt,,"B,0060,B,0060,,",
-8484,0.0248,45077.486,s,vis,Locher Kurt,,"B,0060,B,0060,,",
-8479,0.0163,45079.41,s,vis,Peter H,,,"B,0060,B,0060,,"
-8458,0.0299,45087.346,p,vis,Locher Kurt,,"B,0060,B,0060,,",
-8422,0.0179,45101.442,s,vis,Peter H,,,"B,0060,B,0060,,"
-8416,0.013,45103.562,p,vis,Diethelm Roger,,"B,0060,B,0060,,",
-8386,0.026,45115.364,s,vis,Germann R,,"B,0060,B,0060,,",
-8317,0.0164,45142.0227,s,V,Kennedy Harold,,"I,2742,I,2742,AU Ser,",
-8314,0.0166,45142.9884,p,V,Kennedy Harold,,"I,2742,I,2742,AU Ser,",
-8308,0.0182,45145.503,s,vis,Peter H,,,"B,0061,B,0061,,"
-8272,0.0173,45159.416,s,vis,Germann R,,"B,0061,B,0061,,",
-8212,0.0225,45182.417,p,vis,Peter H,,,"B,0061,B,0061,,"
-8166,0.0096,45200.377,s,vis,Germann R,,"B,0062,B,0062,,",
-8166,0.0206,45200.388,s,vis,Peter H,,,"B,0062,B,0062,,"
-8135,0.0242,45212.373,s,vis,Peter H,,,"B,0062,B,0062,,"
-8086,0.0178,45231.305,s,vis,Peter H,,,"B,0062,B,0062,,"
-7699,0.0183,45380.686,p,vis,Locher Kurt,,"B,0065,B,0065,,",
-7684,0.0128,45386.672,s,vis,Locher Kurt,,"B,0065,B,0065,,",
-7542,0.0261,45441.374,p,vis,Germann R,,"B,0066,B,0066,,",
-7400,0.0205,45496.445,s,vis,Peter H,,,"B,0067,B,0067,,"
-7379,0.0121,45504.553,s,vis,Locher Kurt,,"B,0067,B,0067,,",
-7312,0.0027,45530.439,s,vis,Germann R,,"B,0067,B,0067,,",
-7247,0.0194,45555.384,p,vis,Germann R,,"B,0068,B,0068,,",
-6827,0.0224,45717.716,p,vis,Locher Kurt,,"B,0070,B,0070,,",
-6760,0.0351,45743.624,p,vis,Locher Kurt,,"B,0071,B,0071,,",
-6587,0.022,45810.475,p,vis,Kohl Michael,,"B,0072,B,0072,,",
-6574,0.0216,45815.499,p,pg,Berthold T,,"M,,M,,MVS 11.156,",
-6574,0.0216,45815.499,p,vis,Kohl Michael,,"B,0072,B,0072,,",
-6566,0.0226,45818.592,p,vis,Germann R,,"B,0071,B,0071,,",
-6437,0.0234,45868.451,p,vis,Germann R,,"B,0072,B,0072,,",
-6422,0.0199,45874.439,s,vis,Peter H,,,"B,0072,B,0072,,"
-6411,0.0175,45878.494,p,vis,Kohl Michael,,"B,0073,B,0073,,",
-6396,0.021,45884.489,s,vis,Peter H,,,"B,0073,B,0073,,"
-6391,0.0175,45886.418,s,vis,Peter H,,,"B,0073,B,0073,,"
-6316,0.0282,45915.416,s,vis,Peter H,,,"B,0073,B,0073,,"
-6236,0.0224,45946.33,s,vis,Germann R,,"B,0074,B,0074,,",
-5834,0.0234,46101.703,s,vis,Locher Kurt,,"B,0076,B,0076,,",
-5426,0.0214,46259.392,s,vis,Peter H,,,"B,0077,B,0077,,"
-5413,0.027,46264.422,s,vis,Peter H,,,"B,0077,B,0077,,"
-5400,0.0095,46269.429,s,vis,Germann R,,"B,0077,B,0077,,",
-5400,0.0245,46269.444,s,vis,Kohl Michael,,"B,0077,B,0077,,",
-5397,0.031,46270.416,p,vis,Kohl Michael,,"B,0077,B,0077,,",
-5325,0.0202,46298.427,s,vis,Peter H,,,"B,0078,B,0078,,"
-4525,0.0142,46607.425,p,vis,Germann R,,"B,0080,B,0080,,",
-3809,0.027,46884.364,s,vis,Locher Kurt,,"B,0083,B,0083,,",
-3747,0.0331,46908.333,s,vis,Blaettler Ernst,,"B,0084,B,0084,,",
-3741,0.0241,46910.449,p,vis,Kohl Michael,,"B,0083,B,0083,,",
-3666,0.0258,46939.438,p,vis,Peter H,,,"B,0084,B,0084,,"
-3666,0.0268,46939.439,p,vis,Blaettler Ernst,,"B,0084,B,0084,,",
-3648,0.0279,46946.397,p,vis,Blaettler Ernst,,"B,0084,B,0084,,",
-3410,0.0255,47038.381,p,vis,Peter H,,,"B,0085,B,0085,,"
-3361,0.0231,47057.317,p,vis,Blaettler Ernst,,"B,0086,B,0086,,",
-2915,0.0332,47229.705,p,vis,Locher Kurt,,"B,0087,B,0087,,",
-2722,0.0292,47304.489,s,vis,Peter H,,,"B,0088,B,0088,,"
-2706,0.0272,47310.477,p,vis,Locher Kurt,,"B,0088,B,0088,,",
-2665,0.0278,47326.518,s,vis,Peter H,,,"B,0088,B,0088,,"
-2655,0.0359,47330.391,s,vis,Blaettler Ernst,,"B,0089,B,0089,,",
-2644,0.0294,47334.442,p,vis,Peter H,,,"B,0088,B,0088,,"
-2595,0.037,47353.388,p,vis,Germann R,,"B,0089,B,0089,,",
-2556,0.0436,47368.468,p,vis,Kohl Michael,,"B,0089,B,0089,,",
-2549,0.0261,47371.35,s,vis,Germann R,,"B,0089,B,0089,,",
-2523,0.0342,47381.407,s,vis,Kohl Michael,,"B,0090,B,0090,,",
-2507,0.0172,47387.38,p,vis,Germann R,,"B,0089,B,0089,,",
-2443,0.0284,47412.321,s,vis,Germann R,,"B,0089,B,0089,,",
-2051,0.0304,47563.636,p,vis,Locher Kurt,,"B,0091,B,0091,,",
-1780,0.0326,47668.379,p,vis,Locher Kurt,,"B,0092,B,0092,,",
-1115,0.0357,47925.597,s,vis,Locher Kurt,,"B,0094,B,0094,,",
-1004,0.0225,47968.485,s,vis,Kohl Michael,,"B,0094,B,0094,,",
-916,0.0227,48002.497,s,vis,Peter H,,,"B,0095,B,0095,,"
-895,0.0343,48010.431,p,vis,Peter H,,,"B,0095,B,0095,,"
-880,0.0348,48016.423,s,vis,Peter H,,,"B,0095,B,0095,,"
-771,0.0276,48058.544,s,vis,Locher Kurt,,"B,0095,B,0095,,",
-745,0.0326,48068.404,p,vis,Peter H,,,"B,0095,B,0095,,"
-701,0.0307,48085.408,p,vis,Peter H,,,"B,0096,B,0096,,"
-608,0.0285,48121.35,p,vis,Peter H,,,"B,0096,B,0096,,"
-500,0.0217,48163.279,s,vis,Locher Kurt,,"B,0096,B,0096,,",
-85,0.0303,48323.684,s,vis,Locher Kurt,,"B,0097,B,0097,,",
0,0.0244,48356.3364,p,pe,Zongyun L,,"I,3802,I,3802,IBVS 3802,",
5,0.0295,48358.468,s,vis,Peter H,,,"B,0097,B,0097,,"
124,0.0303,48404.462,s,vis,Peter H,,,"B,0098,B,0098,,"
127,0.0238,48405.421,p,vis,Locher Kurt,,"B,0098,B,0098,,",
189,0.021,48429.381,p,vis,Peter H,,,"B,0098,B,0098,,"
217,0.034,48440.41,s,vis,Peter H,,,"B,0098,B,0098,,"
308,0.0248,48475.378,p,vis,Peter H,,,"B,0098,B,0098,,"
336,0.0318,48486.401,s,vis,Peter H,,,"B,0098,B,0098,,"
383,0.0225,48504.363,p,vis,Peter H,,,"B,0099,B,0099,,"
733,0.0283,48639.643,p,vis,Locher Kurt,,"B,0100,B,0100,,",
991,0.03,48739.361,p,vis,Peter H,,,"B,0101,B,0101,,"
1048,0.0196,48761.381,p,vis,Peter H,,,"B,0101,B,0101,,"
1048,0.0256,48761.387,p,vis,Locher Kurt,,"B,0101,B,0101,,",
1061,0.0242,48766.41,p,vis,Peter H,,,"B,0101,B,0101,,"
1105,0.0193,48783.411,p,vis,Peter H,,,"B,0101,B,0101,,"
1136,0.0228,48795.396,p,vis,Peter H,,,"B,0101,B,0101,,"
1193,0.0185,48817.422,p,vis,Peter H,,,"B,0101,B,0101,,"
1226,0.0161,48830.368,s,vis,Peter H,,,"B,0101,B,0101,,"
1252,0.0281,48840.429,s,vis,Peter H,,,"B,0102,B,0102,,"
1301,0.0278,48859.367,s,vis,Peter H,,,"B,0102,B,0102,,"
1646,0.0191,48992.7,s,vis,Locher Kurt,,"B,0103,B,0103,,",
1866,0.0207,49077.537,p,ccd,Paschke Anton,,"B,0104,B,0104,,",
1904,0.0258,49092.423,s,vis,Peter H,,,"B,0104,B,0104,,"
2008,0.02,49132.419,p,vis,Peter H,,,"B,0104,B,0104,,"
2021,0.0206,49137.444,p,vis,Peter H,,,"B,0104,B,0104,,"
2047,0.0306,49147.503,p,vis,Peter H,,,"B,0104,B,0104,,"
2096,0.0222,49166.433,p,vis,Peter H,,,"B,0104,B,0104,,"
2111,0.0198,49172.422,s,vis,Peter H,,,"B,0104,B,0104,,"
2114,0.0163,49173.384,p,vis,Locher Kurt,,"B,0104,B,0104,,",
2186,0.0195,49201.409,s,vis,Paschke Anton,,"B,0105,B,0105,,",
2199,0.022,49206.436,s,vis,Peter H,,,"B,0105,B,0105,,"
2266,0.0147,49232.324,s,vis,Peter H,,,"B,0105,B,0105,,"
2808,0.017,49441.614,p,vis,Locher Kurt,,"B,0106,B,0106,,",
3012,0.0185,49520.461,p,vis,Peter H,,,"B,0107,B,0107,,"
3074,0.0157,49544.421,p,vis,Diethelm Roger,,"B,0107,B,0107,,",
3074,0.0177,49544.423,p,vis,Peter H,,,"B,0107,B,0107,,"
3087,0.0172,49549.447,p,vis,Locher Kurt,,"B,0107,B,0107,,",
3133,0.0193,49567.422,s,vis,Peter H,,,"B,0107,B,0107,,"
3242,0.0111,49609.348,p,vis,Peter H,,,"B,0107,B,0107,,"
3558,0.0179,49731.682,s,vis,Locher Kurt,,"B,0108,B,0108,,",
3829,0.0211,49836.426,s,vis,Peter H,,,"B,0109,B,0109,,"
3842,0.0266,49841.456,s,vis,Peter H,,,"B,0109,B,0109,,"
3871,0.0142,49852.458,p,vis,Locher Kurt,,"B,0109,B,0109,,",
3979,0.0214,49894.401,s,vis,Martignoni Max,,"B,0113,B,0113,,",
3992,0.018,49899.422,s,vis,Peter H,,,"B,0109,B,0109,,"
4039,0.0186,49917.394,p,vis,Peter H,,,"B,0110,B,0110,,"
4067,0.0157,49928.407,s,vis,Peter H,,,"B,0110,B,0110,,"
4129,0.0088,49952.363,s,vis,Peter H,,,"B,0110,B,0110,,"
4176,0.0194,49970.345,p,vis,Peter H,,,"B,0110,B,0110,,"
4521,0.0088,50103.676,p,vis,Locher Kurt,,"B,0111,B,0111,,",
4797,0.0135,50210.354,p,vis,Peter H,,,"B,0112,B,0112,,"
4885,0.0127,50244.559,s,vis,Locher Kurt,,"B,0112,B,0112,,",
4898,0.0122,50249.389,p,vis,Peter H,,,"B,0112,B,0112,,"
4986,0.0205,50283.409,p,vis,Peter H,,,"B,0112,B,0112,,"
5030,0.0156,50300.41,p,vis,Peter H,,,"B,0113,B,0113,,"
5063,0.0132,50313.356,s,vis,Peter H,,,"B,0113,B,0113,,"
5125,0.0093,50337.315,s,vis,Locher Kurt,,"B,0113,B,0113,,",
5141,0.0134,50343.309,p,vis,Peter H,,,"B,0113,B,0113,,"
5566,0.0139,50507.571,p,vis,Locher Kurt,,"B,0114,B,0114,,",
5666,0.0162,50546.417,s,vis,Peter H,,,"B,0115,B,0115,,"
5703,0.0038,50560.511,p,vis,Locher Kurt,,"B,0115,B,0115,,",
5904,0.0148,50638.402,s,vis,Peter H,,,"B,0115,B,0115,,"
5990,0.013,50671.445,p,vis,Peter H,,,"B,0115,B,0115,,"
6070,0.0082,50702.36,p,vis,Peter H,,,"B,0116,B,0116,,"
6134,0.0063,50727.288,s,vis,Peter H,,,"B,0116,B,0116,,"
6378,0.0229,50821.61,s,vis,Locher Kurt,,"B,0117,B,0117,,",
6691,0.0122,50942.573,s,vis,Locher Kurt,,"B,0118,B,0118,,",
6880,0.0029,51015.4177,p,vis,Brat Lubos,,"C,0032,,,,RF80",
6880,0.0043,51015.4191,p,vis,Sobotka P,,"C,0032,,,,RF80",
6880,0.0112,51015.426,p,vis,Fedorova P,,"C,0032,,,,RF80",
6880,0.014,51015.4288,p,vis,Lutcha P,,"C,0032,,,,RF80",
6880,0.0147,51015.4295,p,vis,Nemcova V,,"C,0032,,,,RF80",
7307,0.0088,51180.652,s,,Locher Kurt,,"B,0119,B,0119,,",
7493,0.0032,51252.535,s,,Locher Kurt,,"B,0120,B,0120,,",
7945,0.0024,51427.037,p,ccd,Paschke Anton,,"0,home,,,,Rotse",
8218,-0.0035,51532.739,s,,Locher Kurt,,"B,0121,B,0121,,",
8298,0.0057,51563.668,s,vis,Locher Kurt,,"B,0122,B,0122,,",
8519,0.0048,51648.889,p,ccd,Nelson Robert,,"I,5040,I,5040,,",
8663,0.0122,51704.552,p,vis,Locher Kurt,,"B,0123,B,0123,,",
9305,0.0058,51952.677,p,,Locher Kurt,,"B,0124,B,0124,,",
9393,0.011,51986.694,p,vis,Locher Kurt,,"B,0125,B,0125,,",
9502,0.0027,52028.8139,p,ccd,Nelson Robert,,"I,5224,,,,BYO",
9535,0.0027,52041.5684,p,-Ir,Poschinger K,,"D,0152,I,5296,,ST-8E",
10321,0.0033,52345.55,s,vis,Locher Kurt,,"B,0127,B,0127,,",
10344,0.0017,52354.2438,p,V,Nakajima Kazuhir,"W,0577,J,0040,,",,
10373,-0.0003,52365.4503,p,23),Raetz Manfred,,"D,0158,I,5484,,",
10373,0.0003,52365.6449,s,23),Raetz Manfred,,"D,0158,I,5484,,",
10378,0.0009,52367.578,s,vis,Locher Kurt,,"B,0128,B,0128,,",
10598,-0.0014,52452.4111,p,ccd,Baldinelli Luigi,"A,0109,,,,",,
11116,0.0038,52652.622,p,vis,Locher Kurt,,"B,0129,I,5438,,",
11171,0.0003,52673.8759,p,V,Dvorak S W,,"I,5502,,,,",
11276,-0.0005,52714.6513,s,-Ir,Raetz Manfred,,"D,0172,I,5643,,",
11451,0,52782.0949,p,V,Nakajima Kazuhir,"W,1001,J,0042,,",,
11553,0.0002,52821.5178,p,C,Bakis Volkan,,"I,5662,,,,CUG302",
12120,-0.0027,53040.659,p,vis,Locher Kurt,,"B,0130,I,5543,,",
12194,-0.0002,53069.2623,p,V,Nakajima Kazuhir,"J,0043,,,,25SC+CV-04",,
12219,0.0004,53078.9254,p,ccd,Dvorak S,,"A,0109,,,,",
12443,0.0015,53165.5019,p,ccd,Poschinger Konst,"D,0173,I,5657,,",,
12523,-0.0003,53196.4199,p,V,Csizmadia Szilar,"I,5579,,,,Pi100",,
12536,0.0013,53201.446,p,vis,Locher Kurt,,"E,0003,,,,",
12572,0.0022,53215.3608,p,BV,Guerol B,,"I,5791,,,,30 cm Maksut",
13123,-0.0017,53428.317,p,Rc,Nakajima Kazuhi,,"J,0044,,,,25SC+CV-04",
13263,0.0011,53482.4294,p,-Ir,Raetz Manfred,,"D,0178,I,5731,,",
13335,-0.0001,53510.4501,s,ccd,Agerer Franz,,"D,0173,I,5657,,",
13516,0.0008,53580.407,s,vis,Locher Kurt,,"E,0003,,,,",
14130,0.0003,53817.522,p,-Ir,Raetz M,,,"D,0186,I,5802,,ST-6"
15136,-0.0018,54206.5304,s,-Ir,Raetz Manfred,,"D,0201,I,5874,,ST-6",
15186,-0.0012,54225.8558,s,R,Nelson Robert,,"I,5820,,,,ST-7",
15206,0.0017,54233.3947,p,ccdR,Ehrenberger R,,"C,0034,E,0074,,RL96/400 + H",
15915,-0.0015,54507.6122,s,V,Parimucha S,,"I,5898,,,,280mm Newton",
15918,0.0011,54508.5803,p,V,Parimucha S,,"I,5898,,,,280mm Newton",
16093,0.0001,54576.2164,p,Ic,Nakajima Kazuhir,"J,0048,,,,20SC+CV-04",,
16173,-0.001,54607.1351,p,V,Itoh Hiroshi,,"J,0048,,,,30SC+DSI-Pro",
16412,-0.001,54699.508,p,V,Diethelm Roger,,"I,5992,,,base,",
17067,-0.0009,54952.8579,s,V,Diethelm Roger,,"I,5894,,,,",
17074,0.0008,54955.3711,p,V,Parimucha S,,"I,5898,,,,256mm Newton",
17084,-0.0004,54959.4289,s,-U-I,Raetz M,,,"D,0214,I,5959,,ST-6"
17133,0.0003,54978.368,s,ccd,Salvaggio F,,"I,5917,,,,SC23/ST7",
17224,-0.0023,55013.3426,p,ccd,Ogmen Y,,,"A,0109,,,,"
17325,0.002,55052.3832,p,I,Smelcer L,,"C,0037,E,0137,,280mm+ST7",
17325,0.0025,55052.3837,p,R,Smelcer L,,"C,0037,E,0137,,280mm+ST7",
17325,0.003,55052.3842,p,V,Smelcer L,,"C,0037,E,0137,,280mm+ST7",
17343,0.0039,55059.342,p,V,Parimucha Stefan,"I,5980,,,,265mm+MeadeD",,
17882,-0.002,55267.8523,s,V,Diethelm Roger,,"I,5945,,,,Astrokolchoz",
17990,0.0025,55309.4045,p,-Ir,Frank Peter,,"D,0214,I,5959,,LcCCD12",
17990,-0.0023,55309.5937,s,-Ir,Frank Peter,,"D,0214,I,5959,,LcCCD12",
18070,-0.0058,55340.316,p,ccd,Ogmen Y,,,"A,0130,,,,"
18875,0.0018,55651.4541,p,R,Smelcer L.,,"C,0038,E,0160,,28cm+G2",
18875,0.002,55651.4543,p,V,Smelcer L.,,"C,0038,E,0160,,28cm+G2",
18875,0.0022,55651.4545,p,V,Parimucha S,,"I,6044,,,,K1-M",
18883,0.0021,55654.5464,p,-U-I,Raetz M,,,"D,0231,I,6070,,G2"
18889,0.0025,55656.8658,p,V,Diethelm Roger,,"I,5992,,,,",
18910,0.0003,55665.174,s,Rc,Shiokawa Kazuhik,"J,0053,,,,35SC+ST-9E",,
18983,0.0005,55693.3885,s,V,Parimucha S,,"I,6044,,,,K1-M",
19079,0,55730.4918,s,BVRI,Liakos A,,"I,6005,,,,C1+T1",
19082,0.002,55731.4593,p,BVRI,Liakos A,,"I,6005,,,,C1+T1",
19102,-0.0003,55739.3809,s,BVRI,Liakos A,,"I,6005,,,,C1+T1",
19105,0.0019,55740.3486,p,BVRI,Liakos A,,"I,6005,,,,C1+T1",
19867,-0.0005,56034.8573,p,V,Diethelm Roger,,"I,6029,,,,Astrokolchoz",
19946,-0.0007,56065.3904,p,V,Agerer Franz,,"D,0231,I,6070,,Sigma1603",
21100,-0.0018,56511.4074,p,ccd,Urbaniok M,,"C,0038,E,0165,,80mm+G1",
21801,-0.0006,56782.5374,s,-I,Agerer Franz,,"D,0238,I,6149,,Sigma 1603",
21804,-0.0017,56783.5018,p,-I,Agerer Franz,,"D,0238,I,6149,,Sigma 1603",
21814,-0.001,56787.3675,p,VR,Parimucha S,,"I,6167,,,,C11+G2",
21814,-0.001,56787.3675,p,VR,Parimucha S,,"I,6167,,,,C11+G2",
21814,-0.0007,56787.3678,p,ccd,Urbanik M,,"C,0039,,,,80mm+G1-300",
21879,-0.0014,56812.4894,p,-I,Agerer Franz,,"D,0238,I,6149,,Sigma 1603",
22584,-0.0015,57084.97,p,ccd,Nelson Robert,,"I,6164,,,,33cm+ST-10XM",
22644,-0.0005,57108.1609,p,V,Itoh Hiroshi,,"J,0061,,,,6R+DSI-II",
22715,-0.0014,57135.7953,s,ccd,Nelson Robert,,"I,6164,,,,33cm+ST-10XM",
22717,-0.0006,57136.5691,s,-I,Agerer Franz,,"D,0244,I,6196,,Sigma 1603",
23001,-0.0012,57246.3338,s,VR,Parimucha S,,"I,6167,,,,C11+G2",
23001,-0.0012,57246.3338,s,VR,Parimucha S,,"I,6167,,,,C11+G2",
23437,-0.004,57414.6499,p,ccd,Martin Magris,,"C,0040,E,0179,,Achromatic r",
23607,-0.001,57480.5515,s,V,Parimucha S,,"I,6167,,,,ZIGA-G4",
23607,-0.001,57480.5515,s,V,Parimucha S,,"I,6167,,,,ZIGA-G4",
23695,-0.0021,57514.3682,p,-I,Agerer Franz,,"D,0244,I,6196,,Sigma 1603",
23695,-0.003,57514.5613,s,-I,Agerer Franz,,"D,0244,I,6196,,Sigma 1603",
23698,-0.0023,57515.5275,p,-I,Agerer Franz,,"D,0244,I,6196,,Sigma 1603",
24626,-0.0033,57874.3901,s,-Ir,Agerer Franz,,"D,0247,I,6244,,1603",
24627,-0.0051,57874.5808,p,-Ir,Agerer Franz,,"D,0247,I,6244,,1603",
25586,-0.0068,58245.4242,s,-Ir,Agerer Franz,,"D,0031,,,,Sigma1603",
27449,-0.0101,58965.4658,s,-Ir,Agerer Franz,,"D,0052,,,,S1603",
