-39045,-0.1178,37225.6274,p,E,Chou K C,,",,D,Lich,SAC 37,",
-24696,-0.0471,41249.276,s,vis,Locher Kurt,,"B,..33,,,Ori 128,",
-15636,-0.0199,43790.0303,p,pe,Samec Ronald,,"0,home,,,,",
-15635,-0.0202,43790.1704,s,pe,Samec Ronald,,"0,home,,,,",
-15635,-0.0198,43790.1708,s,pe,Leung K C,,"I,3392,,,,",
-15632,-0.0192,43791.0126,s,pe,Samec Ronald,,"0,home,,,,",
-15632,-0.0194,43791.1524,p,pe,Samec Ronald,,"0,home,,,,",
-15457,-0.0203,43840.0847,s,pe,Samec Ronald,,"0,home,,,,",
-15440,-0.0213,43844.9908,p,pe,Samec Ronald,,"0,home,,,,",
-14191,-0.0169,44195.2373,p,pe,Hoffmann,,"I,2999,,,,",
-14190,-0.0175,44195.3771,s,pe,Hoffmann,,"I,2999,0,GCVS,,",
-11954,-0.0062,44822.403,s,vis,Carbol K,,"C,0026,,,,",
-11879,-0.0176,44843.423,s,vis,Brelstaff T,,"R,0005,,,,",
-11879,-0.0066,44843.574,p,vis,Brelstaff T,,"R,0005,,,,",
-11876,-0.0128,44844.409,p,vis,Brelstaff T,,"R,0005,,,,",
-11787,-0.004,44869.375,p,vis,Brelstaff T,,"R,0005,,,,",
-10695,0.0045,45175.46,s,vis,Brelstaff T,,"R,0006,,,,",
-10638,-0.0093,45191.43,s,vis,Brelstaff T,,"R,0006,,,,",
-10624,-0.0052,45195.5,p,vis,Brelstaff T,,"R,0006,,,,",
-10617,-0.0121,45197.456,p,vis,Brelstaff T,,"R,0006,,,,",
-9319,-0.0047,45561.446,p,vis,Brelstaff T,,"R,0006,,,,",
-9301,-0.0112,45566.487,p,vis,Brelstaff T,,"R,0006,,,,",
-9276,0.0054,45573.374,s,vis,Brelstaff T,,"R,0006,,,,",
-9265,-0.0022,45576.451,s,vis,Brelstaff T,,"R,0006,,,,",
-9262,0.0085,45577.443,p,vis,Brelstaff T,,"R,0006,,,,",
-9162,-0.0013,45605.335,s,vis,Frank Peter,,"D,0038,,,,",
-9162,-0.0003,45605.476,p,vis,Frank Peter,,"D,0038,,,,",
-9105,-0.0031,45621.317,s,vis,Frank Peter,,"D,0038,,,,",
-9105,-0.0021,45621.458,p,vis,Frank Peter,,"D,0038,,,,",
-9038,-0.0036,45640.2445,p,vis,Agerer Franz,,"D,0038,I,2999,,",
-9016,-0.0027,45646.2746,s,vis,Agerer Franz,,"D,0038,I,2999,,",
-8998,-0.0029,45651.3219,s,vis,Agerer Franz,,"D,0038,I,2999,,",
-8819,-0.0107,45701.649,p,vis,Samolyk Gerry,,"0,home,,,,",
-8021,0.0108,45925.444,p,vis,Brelstaff T,,"R,0007,,,VSSC 61.16,",
-7996,-0.0027,45932.441,p,vis,Brelstaff T,,"R,0007,,,VSSC 61.16,",
-7992,0.0027,45933.428,s,vis,Brelstaff T,,"R,0007,,,VSSC 61.16,",
-7960,0.0083,45942.407,s,vis,Brelstaff T,,"R,0007,,,VSSC 61.16,",
-6787,0.0174,46271.4864,p,vis,Svoboda P Pr,,"C,0027,,,,",
-6723,0.0268,46289.4426,p,vis,Svoboda P Pr,,"C,0027,,,,",
-6712,0.0144,46292.5148,p,vis,Safar Jan,,"C,0027,,,,",
-6712,0.0227,46292.5231,p,vis,Svoboda P Pr,,"C,0027,,,,",
-6712,0.0248,46292.5252,p,vis,Hajek P,,,"C,0027,,,,"
-6712,0.0269,46292.5273,p,vis,Lutcha P,,"C,0027,,,,",
-6712,0.0269,46292.5273,p,vis,Cervinka T,,"C,0027,,,,",
-6712,0.0269,46292.5273,p,vis,Varady M,,"C,0027,,,,",
-6712,0.0276,46292.528,p,vis,Hanzl Dalibor,,"C,0027,,,,",
-6712,0.0276,46292.528,p,vis,Berka M,,,"C,0027,,,,"
-6694,0.0061,46297.414,s,vis,Brelstaff T,,"R,0012,,,,",
-6620,0.0132,46318.312,p,V,Braune W,,"D,0043,D,0046,,",
-6616,0.0025,46319.423,p,pg,Vielmetter H,,"D,0043,D,0046,,",
-6588,0.0138,46327.286,p,V,Braune W,,"D,0043,D,0046,,",
-6502,0.0118,46351.4,p,vis,Brelstaff T,,"R,0012,,,,",
-6399,0.0068,46380.278,p,vis,Brelstaff T,,"R,0012,,,,",
-5571,0.0312,46612.4885,p,vis,Berka M,,,"C,0028,,,,"
-5571,0.0326,46612.4899,p,vis,Brazda R,,"C,0028,,,,",
-5546,0.0108,46619.4786,p,vis,Kucera Petr ZD,,"C,0028,,,,",
-5546,0.0115,46619.4793,p,vis,Dvoracek M,,"C,0028,,,,",
-5546,0.0129,46619.4807,p,vis,Lenz M,,,"C,0028,,,,"
-5467,0.0062,46641.487,s,vis,Brelstaff T,,"R,0012,,,,",
-5403,0.0075,46659.435,s,vis,Brelstaff T,,"R,0012,,,,",
-5375,0.0038,46667.423,p,vis,Brelstaff T,,"R,0012,,,,",
-5336,0.015,46678.3706,p,vis,Hanzl Dalibor,,"C,0028,,,,",
-5336,0.0212,46678.3768,p,vis,Svoboda P Pr,,"C,0028,,,,",
-5336,0.0275,46678.3831,p,vis,Hajek P,,,"C,0028,,,,"
-5335,0.0287,46678.5247,s,vis,Hanzl Dalibor,,"C,0028,,,,",
-5335,0.0301,46678.5261,s,vis,Hajek P,,,"C,0028,,,,"
-5335,0.0308,46678.5268,s,vis,Svoboda P Pr,,"C,0028,,,,",
-5300,0.0074,46688.458,p,vis,Brelstaff T,,"R,0012,,,,",
-5252,0.008,46701.7787,s,pe,Samec Ronald,,"I,2999,I,3392,,",
-5245,0.0073,46703.7409,s,pe,Samec Ronald,,"I,2999,I,3392,,",
-5245,0.0061,46703.8797,p,pe,Samec Ronald,,"I,2999,I,3392,,",
-5242,0.0079,46704.7227,p,pe,Samec Ronald,,"I,2999,I,3392,,",
-5158,0.014,46728.284,p,vis,Hanzl Dalibor,,"C,0028,,,,",
-5104,0.0105,46743.283,s,vis,Paschke Anton,,"B,0079,,,,",
-4048,0.0141,47039.548,p,vis,Vielmetter H,,"D,0050,,,,",
-3991,0.0122,47055.39,s,vis,Paschke Anton,,"B,0086,,,,",
-3988,0.001,47056.36,p,vis,Paschke Anton,,"B,0086,,,,",
-3984,0.0073,47057.348,s,vis,Paschke Anton,,"B,0086,,,,",
-2998,0.0072,47333.84,s,pe,Samec Ronald,,"I,3392,,,,",
-2896,0.0165,47362.452,s,vis,Peter H,,,"B,0089,,,,"
-2854,0.007,47374.36,p,vis,Peter H,,,"B,0089,,,,"
-2839,0.0127,47378.432,s,vis,Peter H,,,"B,0089,,,,"
-2807,0.0085,47387.5412,p,vis,Dedoch A,,"C,0030,,,,",
-2800,0.0184,47389.514,p,vis,Peter H,,,"B,0089,,,,"
-2743,0.0116,47405.491,p,vis,Moschner Wolfg,,"D,0052,,,,",
-2582,0.0072,47450.6339,p,pe,Samec Ronald,,"I,3392,,,,",
-2578,0.0072,47451.7556,p,pe,Samec Ronald,,"I,3392,,,,",
-2319,0.0053,47524.242,s,vis,Peter H,,,"B,0090,,,,"
-1595,0.0087,47727.408,p,vis,Moschner Wolfg,,"D,0056,,,,",
-1594,0.0083,47727.548,s,vis,Moschner Wolfg,,"D,0056,,,,",
-1570,0.0383,47734.448,p,vis,Lutcha P,,"C,0030,,,,",
-1570,0.0383,47734.448,p,vis,Hajek P,,,"C,0030,,,,"
-1488,0.004,47757.408,p,vis,Brelstaff T,,"R,0015,,,VSSC 73,",
-1470,0.0045,47762.456,p,vis,Brelstaff T,,"R,0015,,,VSSC 73,",
-1370,0.0047,47790.358,s,vis,Frank Peter,,"D,0056,,,,",
-1288,0.0064,47813.354,s,vis,Brelstaff T,,"R,0015,,,VSSC 73,",
-1256,0.006,47822.327,s,vis,Moschner Wolfg,,"D,0056,,,,",
-1256,0.0065,47822.3275,s,B,Agerer Franz,,"D,0056,,,,",
-1256,0.0068,47822.3278,s,V,Agerer Franz,,"D,0056,,,,",
-1167,0.0061,47847.2843,s,B,Agerer Franz,,"D,0056,,,,",
-1167,0.0062,47847.2844,s,V,Agerer Franz,,"D,0056,,,,",
-1167,0.0068,47847.285,s,vis,Brelstaff T,,"R,0015,,,VSSC 73,",
-1142,0.0104,47854.299,s,vis,Blaettler Ernst,,"B,0093,,,,",
-1124,0.0238,47859.36,s,vis,Peter H,,,"B,0093,,,,"
-318,0.015,48085.5081,p,vis,Hroch F,,,"C,0031,,,,"
-193,0.0089,48120.4142,s,vis,Lubena L,,"C,0031,,,,",
-193,0.0159,48120.4212,s,vis,Sliz J,,,"C,0031,,,,"
-193,0.018,48120.4233,s,vis,Tichy Mar,,"C,0031,,,,",
-193,0.0249,48120.4302,s,vis,Hajek P,,,"C,0031,,,,"
-193,0.0263,48120.4316,s,vis,Lutcha P,,"C,0031,,,,",
-193,0.027,48120.4323,s,vis,"Dvorak J., Z.",,"C,0031,,,,",
-172,0.0249,48126.459,p,vis,Peter H,,,"B,0096,,,,"
-97,0.0045,48147.33,s,vis,Peter H,,,"B,0096,,,,"
0,0.0043,48174.5303,s,ccd,DeYoung James,,"I,3578,,,,",
45,0.0002,48187.285,p,vis,Peter H,,,"B,0096,,,,"
53,-0.0042,48189.384,s,vis,Peter H,,,"B,0096,,,,"
60,0.0078,48191.4989,p,ccd,DeYoung James,,"I,3578,,,,",
139,0.0053,48213.5094,s,ccd,DeYoung James,,"I,3578,,,,",
182,0.0051,48225.5672,s,ccd,DeYoung James,,"I,3578,,,,",
182,0.006,48225.5681,s,ccd,DeYoung James,,"I,3578,,,,",
873,0.0295,48419.5004,p,vis,Hroch F,,,"C,0031,,,,"
1130,0.0034,48491.4017,s,B,Agerer Franz,,"D,0060,,,,",
1130,0.004,48491.4023,s,V,Agerer Franz,,"D,0060,,,,",
1159,0.0095,48499.54,s,vis,Moschner Wolfg,,"D,0062,,,,",
2332,-0.0028,48828.458,s,vis,Marek T,,,"C,0031,,,,"
2353,0.0026,48834.4922,p,vis,Pata P,,,"C,0100,,,,"
2353,0.0075,48834.4971,p,vis,Santolikova H,,"C,0031,,,,",
2353,0.0088,48834.4984,p,vis,Santolik O,,"C,0031,,,,",
3555,0.0022,49171.4142,s,vis,Moschner Wolfg,,"D,0068,,,,",
3555,0.0029,49171.5549,p,vis,Moschner Wolfg,,"D,0068,,,,",
3708,-0.0057,49214.4502,p,vis,Stuhl A,,,"C,0031,,,,"
3723,-0.001,49218.5212,s,vis,Marek T,,,"C,0031,,,,"
3758,0.0026,49228.3394,s,vis,Moschner Wolfg,,"D,0068,,,,",
3836,0.0016,49250.351,p,vis,Paschke Anton,,"B,0105,,,,",
3837,0.0011,49250.491,s,vis,Paschke Anton,,"B,0105,,,,",
4075,0.0023,49317.2317,s,vis,Moschner Wolfg,,"D,0068,,,,",
6226,0.0065,49920.555,p,vis,Zejda Miloslav,,"C,0032,,,,RF150",
6237,-0.0013,49923.4918,s,vis,Zejda Miloslav,,"C,0032,,,,RF150",
7517,0.0058,50282.4339,s,vis,Surova L,,"C,0032,,,,RF100",
7517,0.0065,50282.4346,s,vis,Parimucha S,,"C,0032,,,,RF100",
7517,0.0092,50282.4373,s,vis,Rusnak M,,"C,0032,,,,RF100",
7517,0.0113,50282.4394,s,vis,Kramarova M,,"C,0032,,,,RF100",
7517,0.0148,50282.4429,s,vis,Rusinko J,,"C,0032,,,,RF100",
7638,0.002,50316.3607,s,vis,Safar Jan,,"C,0032,I,4887,,RF150",
7638,0.0016,50316.5003,p,ccd,Zejda Miloslav,,"C,0032,I,4887,,",
9018,-0.0162,50703.4593,p,vis,Kral L,,,"C,0032,,,,RF70"
9033,0.0084,50707.5502,s,ccd,Safar Jan,,"C,0032,I,4887,,",
9053,0.0044,50713.2946,p,ccd,Safar Jan,,"C,0032,I,4887,,",
9467,0.0021,50829.2453,s,ccd,Safar Jan,,"C,0032,I,4887,,",
10042,-0.0053,50990.4783,s,vis,Nevaril F,,"C,0032,,,,RL200",
10152,0.0009,51021.4704,p,vis,Lutcha P,,"C,0032,,,,RF80",
10152,0.003,51021.4725,p,vis,Adamova L,,"C,0032,,,,SB",
10152,0.0058,51021.4753,p,vis,Brat Lubos,,"C,0032,,,,RF80",
10188,0.0045,51031.4291,s,vis,Hajek P,,,"C,0032,,,,RL170"
10191,0.0032,51032.409,p,vis,Hajek P,,,"C,0032,,,,RL170"
11081,0.0001,51281.838,s,ccd,Paschke Anton,,"0,home,,,,Rotse",
11618,0.0009,51432.4232,s,vis,Jindra J,,"C,0032,,,,RL180",
11618,0.003,51432.4253,s,vis,Major M,,,"C,0032,,,,RL180"
11618,0.0086,51432.4309,s,vis,Suchan P,,"C,0032,,,,RL180",
11621,0.0023,51433.4059,p,vis,Svoboda J,,"C,0032,,,,RL180",
11621,0.0044,51433.408,p,vis,Jindra J,,"C,0032,,,,RL180",
11621,0.0092,51433.4128,p,vis,Major M,,,"C,0032,,,,RL180"
11621,0.0127,51433.4163,p,vis,Hajek M,,,"C,0032,,,,RL180"
11625,-0.002,51434.5232,p,vis,Major M,,,"C,0032,,,,RL180"
12780,0.0147,51758.4227,p,vis,Citriak P,,"C,0034,E,0074,,",
12780,0.0147,51758.4227,p,vis,Citriak P,,"C,0034,E,0074,,",
12780,0.0154,51758.4234,p,vis,Bilanska M,,"C,0034,E,0074,,",
12780,0.0189,51758.4269,p,vis,Derenik D,,"C,0034,E,0074,,",
12780,0.0237,51758.4317,p,vis,Parimucha s,,"C,0034,E,0074,,",
12780,0.0272,51758.4352,p,vis,Sura F,,,"C,0034,E,0074,,"
12793,0.002,51761.9155,s,ccd,Nelson Robert,,"I,5040,,,,",
13283,0.0042,51899.3225,s,ccd,Safar Jan,,"C,0034,E,0074,,RL400",
13699,0.0028,52015.975,s,ccd,Nelson Robert,,"I,5224,,,,BYO",
14075,0.0079,52121.4173,s,ccd,Baldinelli Luigi,"B,0127,I,5220,,",,
14132,0.0037,52137.3969,s,ccd,Agerer Franz,,"D,0152,I,5296,,ST-6",
14132,0.0033,52137.5365,p,ccd,Agerer Franz,,"D,0152,I,5296,,ST-6",
14161,0.0036,52145.5289,s,R,Zejda Miloslav,,"I,5583,,,,RL400",
14335,0.0035,52194.3215,s,ccd,Blaettler Ernst,,"B,0126,,,,",
15302,-0.0092,52465.473,s,vis,Hirjak M,,"C,0034,E,0074,,RL150",
15302,-0.0078,52465.4744,s,vis,Rusnak M,,"C,0034,E,0074,,RL150",
15441,0.0149,52504.4752,s,vis,Novotna Pe,,"C,0034,E,0074,,RF160",
15444,0.0037,52505.4453,p,ccd,Agerer Franz,,"D,0158,I,5484,,",
15445,0.0039,52505.5859,s,ccd,Agerer Franz,,"D,0158,I,5484,,",
15462,0.0032,52510.4923,p,ccd,Agerer Franz,,"D,0158,I,5484,,",
15487,0.0168,52517.5163,p,vis,Netolicky M,,"C,0034,E,0074,,RF160",
15501,0.0034,52521.4288,p,R,Zejda Miloslav,,"I,5583,,,,RF80",
15502,0.0039,52521.5697,s,R,Zejda Miloslav,,"I,5583,,,,RF80",
15591,0.004,52546.667,p,ccd,Nelson Robert,,"I,5371,,,,",
15642,0.0083,52560.9727,p,V,Nakajima Kazuhir,"W,0687,J,0040,,",,
15643,0.0075,52561.1123,s,V,Nakajima Kazuhir,"W,0687,J,0040,,",,
16550,0.003,52815.4469,s,V,Guerdemir L,,"I,5443,,,,",
16550,0.0061,52815.45,s,B,Guerdemir L,,"I,5443,,,,",
16774,0.0043,52878.4018,p,ccd,Agerer Franz,,"D,0173,I,5657,,",
16775,0.0046,52878.5425,s,ccd,Agerer Franz,,"D,0173,I,5657,,",
16803,0.0038,52886.3935,s,ccd,Krajci T,,"I,5592,,,,",
16806,0.0047,52887.3756,p,ccd,Agerer Franz,,"D,0172,I,5643,,",
16807,0.0036,52887.5149,s,ccd,Agerer Franz,,"D,0172,I,5643,,",
16807,0.0037,52887.515,s,ccd,Paschke Anton,,"B,0130,I,5543,,",
16860,0.0023,52902.3758,s,ccd,Proksch Willi,,"D,0172,I,5643,,",
16881,0.0005,52908.4028,p,vis,Vrastak M,,"C,0034,E,0074,,RL240",
16904,0.0031,52914.715,s,V,Macejewski Graci,"I,5494,,,,",,
16904,0.0045,52914.8564,p,V,Macejewski Graci,"I,5494,,,,",,
16956,0.0031,52929.4367,p,ccd,Agerer Franz,,"D,0172,I,5643,,",
16957,0.0053,52929.5793,s,ccd,Agerer Franz,,"D,0172,I,5643,,",
16963,-0.0031,52931.3934,p,vis,Machon M,,"C,0034,E,0074,,RL114",
16999,0.0024,52941.3539,s,vis,Machon M,,"C,0034,E,0074,,RL114",
17052,0.0054,52956.3592,p,ccd,Ehrenberger R,,"C,0034,E,0074,,RL100",
17951,0.0035,53208.453,p,ccd,Szasz Gabriel,,"I,5668,,,,HL",
17955,0.002,53209.4332,s,ccd,Agerer Franz,,"D,0173,I,5657,,",
17955,0.0023,53209.4335,s,ccd,Szasz Gabriel,,"I,5668,,,,HL",
17955,0.0031,53209.5743,p,ccd,Szasz Gabriel,,"I,5668,,,,HL",
17965,0.0049,53212.3803,p,ccd,Szasz Gabriel,,"0,priv,,,Uni Komenske,ST-9XE",
17966,0.0022,53212.518,s,ccd,Szasz Gabriel,,"I,5668,,,,HL",
17983,0.0033,53217.4262,p,ccd,Agerer Franz,,"D,0173,I,5657,,",
17994,0.0026,53220.3701,s,ccd,Szasz Gabriel,,"I,5668,,,,HL",
17994,0.0024,53220.5099,p,ccd,Szasz Gabriel,,"I,5668,,,,HL",
17994,0.0037,53220.5112,p,ccd,Raetz Manfred,,"D,0173,I,5657,,",
17998,0.0036,53221.4928,s,ccd,Agerer Franz,,"D,0173,I,5657,,",
18008,0.0025,53224.4358,p,ccd,Szasz Gabriel,,"I,5668,,,,HL",
18016,0.0025,53226.5392,s,ccd,Szasz Gabriel,,"I,5668,,,,HL",
18016,0.0025,53226.5392,s,ccd,Agerer Franz,,"D,0173,I,5657,,",
18022,0.002,53228.3612,p,ccd,Ehrenberger R,,"C,0034,E,0074,,RL100",
18040,0.0028,53233.4095,p,ccd,Agerer Franz,,"D,0173,I,5657,,",
18041,0.0017,53233.5488,s,ccd,Agerer Franz,,"D,0173,I,5657,,",
18051,0.0025,53236.3538,s,V,Szasz Gabriel,,"I,5668,,,,HL",
18051,0.0018,53236.4931,p,V,Szasz Gabriel,,"I,5668,,,,HL",
18065,0.0008,53240.418,p,V,Szasz Gabriel,,"I,5668,,,,HL",
18066,0.0021,53240.5597,s,V,Szasz Gabriel,,"I,5668,,,,HL",
18101,0.0025,53250.3747,s,ccd,Agerer Franz,,"D,0173,I,5657,,",
18101,-0.0038,53250.5084,p,V,Csizmadia,,"I,5684,,,,Pi100",
18101,0.0018,53250.514,p,ccd,Agerer Franz,,"D,0173,I,5657,,",
18109,0.0015,53252.6171,s,ccd,Bialozynski J,,"A,0012,,,,",
18119,0.0022,53255.4219,s,ccd,Agerer Franz,,"D,0173,I,5657,,",
18119,0.0031,53255.5628,p,ccd,Agerer Franz,,"D,0173,I,5657,,",
18126,0.0018,53257.3845,s,ccd,Agerer Franz,,"D,0173,I,5657,,",
18126,-0.0001,53257.5226,p,ccd,Agerer Franz,,"D,0173,I,5657,,",
18198,0.0018,53277.5746,s,ccd,Samolyk G,,"A,0012,,,,",
18215,0.0018,53282.3417,s,ccd,Agerer Franz,,"D,0173,I,5657,,",
18215,0.0035,53282.4834,p,ccd,Agerer Franz,,"D,0173,I,5657,,",
18425,0.0008,53341.2285,s,ccd,Blaettler Ernst,,"B,0131,I,5653,,",
18493,0.0013,53360.2974,s,ccd,Zejda Miloslav,,"I,5741,,,,RL200",
19311,-0.0003,53589.6777,s,ccd,Samolyk G,,"A,0012,,,,",
19353,0.0013,53601.4569,s,-Ir,Agerer Franz,,"D,0178,I,5731,,",
19395,0.001,53613.3741,p,-Ir,Agerer Franz,,"D,0178,I,5731,,",
19396,0.0015,53613.515,s,ccd,Zejda Miloslav,,"I,5741,,,,RL400",
19396,0.0024,53613.5159,s,-Ir,Agerer Franz,,"D,0178,I,5731,,",
19399,0.0018,53614.3566,s,ccd,Ehrenberger R,,"C,0034,E,0074,,RL100",
19399,0.0022,53614.497,p,-Ir,Poschinger K,,"D,0178,I,5731,,",
19406,-0.0004,53616.4573,p,I,Smelcer L,,"C,0034,E,0074,,RL280",
19410,0.0013,53617.4406,s,R,Smelcer L,,"C,0034,E,0074,,RL280",
19462,0.0005,53632.0216,s,V,Kubotera Katsua,,"J,0044,,,,16L+BJ41L",
19462,0.0012,53632.1623,p,V,Kubotera Katsua,,"J,0044,,,,16L+BJ41L",
19520,0.0018,53648.4272,p,-Ir,Poschinger K,,"D,0178,I,5731,,",
19531,0.0011,53651.3711,s,ccd,Ehrenberger R,,"C,0034,E,0074,,RL100",
19531,0.0014,53651.3714,s,-Ir,Agerer Franz,,"D,0178,I,5731,,",
19531,0.0011,53651.5111,p,-Ir,Agerer Franz,,"D,0178,I,5731,,",
19559,0.0012,53659.3629,p,-Ir,Frank Peter,,"D,0178,I,5731,,",
19560,0.0012,53659.5033,s,-Ir,Frank Peter,,"D,0178,I,5731,,",
19576,0.0003,53663.9891,s,V,Kubotera Katsua,,"J,0044,,,,16L+BJ41L",
20519,-0.0008,53928.4221,s,V,Parimucha S,,"I,5898,,,,256mm Newton",
20600,-0.0008,53951.136,s,V,Maehara Hiroyuki,"J,0045,,,,20L+ST-7E",,
20600,0.0002,53951.277,p,V,Maehara Hiroyuki,"J,0045,,,,20L+ST-7E",,
20654,0.0009,53966.4203,p,-Ir,Agerer Franz,,"D,0183,I,5761,,ST-6",
20655,-0.0001,53966.5597,s,-Ir,Agerer Franz,,"D,0183,I,5761,,ST-6",
20722,0.0012,53985.489,p,ccd,Dogru S S,,"I,5746,,,,UG301",
20737,0.0019,53989.696,p,ccd,Ogloza Waldemar,,"I,5843,,,,Pi of Sky",
20747,-0.0008,53992.3574,s,-Ir,Walter F,,"D,0183,I,5761,,Pictor 416XT",
20747,0.0045,53992.3628,s,I,Smelcer L,,"C,0034,E,0074,,RL280",
20775,-0.0013,54000.3487,p,R,Ehrenberger R,,"C,0034,E,0074,,RL96/400",
20783,-0.0009,54002.4524,s,ccd,Schmidt U,,"D,0183,I,5761,,ST-7",
21001,-0.005,54063.5794,s,ccd,Li K,,,",,,,New Astr 41,AAVSO"
21058,-0.0013,54079.5669,s,ccd,Samolyk G,,"A,0012,,,,",
21771,0.0007,54279.647,p,ccd,Paschke Anton,,"E,0073,,,,Takahashi",
21779,0.0009,54281.7505,s,ccd,Bialozynski J,,"A,0012,,,,",
21835,0.0007,54297.4537,s,V,Parimucha S,,"I,5898,,,,256mm Newton",
21942,0.0003,54327.4581,s,R,Brat L,,,"C,0034,E,0074,,RL200, f/10"
21945,-0.0004,54328.4386,p,ccd,Fischerova Z,,"C,0034,E,0074,,ED80/600 + M",
21945,0.0003,54328.4393,p,R,Brat L,,,"C,0034,E,0074,,RL200, f/10"
21953,0.0005,54330.5428,s,ccd,Turan I,,,"C,0034,E,0074,,Meade DSI Pr"
21953,0.0008,54330.5431,s,R,Brat L,,,"C,0034,E,0074,,RL200, f/10"
22058,0.0012,54359.9874,s,V,Itoh Hiroshi,,"J,0046,,,,30SC+DSI-Pro",
22153,0.0021,54386.6281,s,ccd,Samolyk G,,"A,0079,,,,",
22179,0.0032,54393.92,s,V,Itoh Hiroshi,,"J,0046,,,,30SC+DSI-Pro",
22274,0.0002,54420.5567,s,ccd,Samolyk G,,"A,0079,,,,",
23095,0.0002,54650.7799,s,ccd,Menzies K,,"A,0086,,,,",
23193,0.0001,54678.4008,p,ccd,Dubovsky Pavol,,"I,5898,,,,70/180mm",
23236,0.0018,54690.4604,p,ccd,Baludansky D,,"I,5898,,,,70/700mm",
23280,0.0009,54702.6579,s,ccd,Samolyk G,,"A,0086,,,,",
23348,0.002,54721.7275,s,ccd,Li K,,,",,,,New Astr 41,AAVSO"
23401,0.0006,54736.7282,p,BVR,Lee Jae Woo,,",,,,ph-0910.3977,",
23402,0,54736.868,s,BVR,Lee Jae Woo,,",,,,ph-0910.3977,",
23405,-0.0001,54737.7092,s,BVR,Lee Jae Woo,,",,,,ph-0910.3977,",
23405,0.0007,54737.85,p,BVR,Lee Jae Woo,,",,,,ph-0910.3977,",
23408,0.0006,54738.6912,p,BVR,Lee Jae Woo,,",,,,ph-0910.3977,",
23475,0.0005,54757.3391,s,ccd,Jungbluth H,,"D,0203,I,5889,,ST-7",
23483,0.0006,54759.7225,p,BVR,Lee Jae Woo,,",,,,ph-0910.3977,",
23487,-0.0003,54760.7032,s,BVR,Lee Jae Woo,,",,,,ph-0910.3977,",
23490,0.0007,54761.6856,p,BVR,Lee Jae Woo,,",,,,ph-0910.3977,",
23576,0.0001,54785.6608,s,BVR,Lee Jae Woo,,",,,,ph-0910.3977,",
23579,0.0005,54786.6426,p,BVR,Lee Jae Woo,,",,,,ph-0910.3977,",
24342,-0.0023,55000.4587,s,R,Smelcer L,,"C,0037,E,0137,,280mm+ST7",
24342,-0.0023,55000.4587,s,V,Smelcer L,,"C,0037,E,0137,,280mm+ST7",
24342,-0.002,55000.459,s,I,Smelcer L,,"C,0037,E,0137,,280mm+ST7",
24545,-0.0021,55057.3837,s,V,Parimucha Stefan,"I,5980,,,,265mm+MeadeD",,
24558,-0.0012,55061.03,s,V,Shiokawa Kazuhik,"J,0050,,,,35SC+ST-9E",,
24558,-0.0007,55061.1705,p,V,Shiokawa Kazuhik,"J,0050,,,,35SC+ST-9E",,
24633,0.0059,55082.0685,s,V,Shiokawa Kazuhik,"J,0050,,,,35SC+ST-9E",,
24653,-0.0025,55087.6685,s,ccd,Li K,,,",,,,New Astr 41,AAVSO"
24723,-0.0317,55107.2685,s,ccd,Li K,,,",,,,New Astr 41,AAVSO"
24774,0.001,55121.6025,s,V,Diethelm Roger,,"I,5920,,,,",
24774,-0.0025,55121.739,p,V,Diethelm Roger,,"I,5920,,,,",
24863,-0.0017,55146.557,s,ccd,Li K,,,",,,,New Astr 41,AAVSO"
25709,-0.002,55383.7904,s,V,Diethelm Roger,,"I,5960,,,,",
26057,-0.0059,55481.3719,s,-Ir,Agerer Franz,,"D,0215,I,5984,,Sigma 1603",
26057,-0.0012,55481.5166,p,-Ir,Agerer Franz,,"D,0215,I,5984,,Sigma 1603",
26060,-0.003,55482.3561,p,R,Parimucha Stefan,"I,5980,,,,lens+StarLig",,
26072,-0.0098,55485.5743,s,ccd,Li K,,,",,,,New Astr 41,AAVSO"
26097,-0.0158,55492.5787,s,ccd,Li K,,,",,,,New Astr 41,AAVSO"
26161,-0.0113,55510.53,s,ccd,Li K,,,",,,,New Astr 41,AAVSO"
27112,-0.0049,55777.3539,p,V,Parimucha S,,"I,6044,,,,K1-M",
27316,-0.0073,55834.4168,s,I,Smelcer L.,,"C,0038,E,0160,,28cm+G2",
27316,-0.0067,55834.4174,s,R,Smelcer L.,,"C,0038,E,0160,,28cm+G2",
27316,-0.0066,55834.4175,s,V,Smelcer L.,,"C,0038,E,0160,,28cm+G2",
27331,-0.0072,55838.6232,s,ccd,Li K,,,",,,,New Astr 41,AAVSO"
27356,-0.0067,55845.6341,s,ccd,Li K,,,",,,,New Astr 41,AAVSO"
27370,-0.0046,55849.7021,p,ccd,Diethelm Roger,,"I,6011,,,,Astrokolchoz",
27374,-0.0074,55850.6809,s,ccd,Diethelm Roger,,"I,6011,,,,Astrokolchoz",
27395,-0.0221,55856.555,s,vis,Stephan Chris,,"J,0053,,,,",
28411,-0.006,56141.4758,s,V,Raetz M,,,"D,0232,I,6084,,G2-1600"
28477,-0.0051,56160.1243,p,Rc,Shiokawa Kazuhik,"J,0055,,,,35SC+ST-9E",,
28478,-0.0061,56160.2637,s,Rc,Shiokawa Kazuhik,"J,0055,,,,35SC+ST-9E",,
28481,-0.0065,56161.1046,s,V,Itoh Hiroshi,,"J,0055,,,,30SC+ST-9XE",
28481,-0.0053,56161.2458,p,V,Itoh Hiroshi,,"J,0055,,,,30SC+ST-9XE",
28542,-0.0056,56178.351,p,R,Raetz M,,,"D,0232,I,6084,,G2-1600"
28549,-0.0053,56180.3142,p,R,Parimucha S,,"I,6044,,,,K1-G",
28553,-0.0062,56181.295,s,R,Parimucha S,,"I,6044,,,,K1-G",
28574,-0.0053,56187.3246,p,-I,Boehme D,,"D,0232,I,6084,,DSI Pro3",
28606,-0.0046,56196.2987,p,ccd,Ayiomamitis A,,"I,6230,,,,30cm+ST10XME",
28607,-0.0056,56196.4381,s,ccd,Ayiomamitis A,,"I,6230,,,,30cm+ST10XME",
28608,-0.0023,56196.7218,s,ccd,Li K,,,",,,,New Astr 41,AAVSO"
28672,-0.0071,56214.6638,s,V,Diethelm Roger,,"I,6042,,,,Astrokolchoz",
28690,-0.0068,56219.7116,s,V,Diethelm Roger,,"I,6042,,,,Astrokolchoz",
28743,-0.0046,56234.576,s,vis,Chris Stephan,,"J,0055,,,,",
28768,-0.006,56241.585,s,vis,Chris Stephan,,"J,0055,,,,",
29646,-0.0039,56487.7941,s,V,Samolyk G,,"A,0042,,,JAAVSO 42,",
29743,-0.0025,56515.1361,p,V,Itoh Hiroshi,,"J,0056,,,,30SC+ST-9XE",
29744,-0.0035,56515.2755,s,V,Itoh Hiroshi,,"J,0056,,,,30SC+ST-9XE",
29813,-0.0038,56534.624,s,vis,Chris Stephan,,"J,0056,,,,",
29837,-0.003,56541.3549,s,B,Smelcer L.,,"C,0038,E,0160,,25cm+G2",
29837,-0.0028,56541.355,s,R,Smelcer L.,,"C,0038,E,0165,,25cm+G2",
29837,-0.0028,56541.355,s,V,Smelcer L.,,"C,0038,E,0160,,35cm+G2",
29837,-0.0016,56541.4962,p,R,Smelcer L.,,"C,0038,E,0160,,25cm+G2",
29837,-0.0016,56541.4963,p,V,Smelcer L.,,"C,0038,E,0160,,25cm+G2",
29837,-0.0014,56541.4964,p,B,Smelcer L.,,"C,0038,E,0160,,25cm+G2",
29884,-0.0025,56554.535,s,V,Menzies K,,"A,0042,,,JAAVSO 42,",
30116,-0.001,56619.5935,s,V,Sabo R,,,"A,,,,JAAVSO 62,"
31074,0.0021,56888.3771,p,V,Magris M,,"C,0039,,,,25cm+Atik",
31112,-0.0017,56899.0291,p,ccd,Li K,,,",,,,New Astr 41,1 m"
31152,-0.0028,56910.1047,s,ccd,Li K,,,",,,,New Astr 41,1 m"
31152,-0.0023,56910.2452,p,ccd,Li K,,,",,,,New Astr 41,1 m"
31270,-0.0022,56943.3347,p,VI,Parimucha S,,"I,6167,,,,C11+G2",
31274,-0.003,56944.3155,s,R,Smelcer L,,"C,0040,E,0179,,Newton 254/1",
32237,-0.0028,57214.4983,p,VI,Parimucha S,,"I,6167,,,,C11+G2",
32237,-0.0028,57214.4983,p,BVRI,Daugun Merve,,"I,6209,,,,14in+Alta",
32310,-0.0054,57234.8262,s,V,Samolyk G,,",,,,JAAVSO-43,",
32401,-0.004,57260.4856,p,ccd,Schmidt U,,"D,0244,I,6196,,ST-7",
32402,-0.0056,57260.6244,s,ccd,Schmidt U,,"D,0244,I,6196,,ST-7",
32540,-0.0044,57299.3233,s,ccd,Walter F,,"D,0244,I,6196,,ST-6",
32637,-0.0053,57326.523,s,V,Menzies K,,",,,,JAAVSO-43,",
32726,-0.0054,57351.4801,s,V,Menzies K,,",,,,JAAVSO-44,",
33621,-0.0044,57602.4552,s,VR,Acar Nur,,"I,6209,,,,14in+Alta",
33806,-0.004,57654.4729,p,V,Vrastak M,,"C,0040,E,0179,,NWT 280/1500",
33806,-0.004,57654.4729,p,R,Vrastak M,,"C,0040,E,0179,,NWT 280/1500",
33810,-0.0049,57655.4537,s,R,Vrastak M,,"C,0040,E,0179,,NWT 280/1200",
33810,-0.0048,57655.4538,s,V,Vrastak M,,"C,0040,E,0179,,NWT 280/1500",
33871,-0.0041,57672.56,s,vis,Stephan Chris,,"J,0063,,,,",
33874,-0.0049,57673.4004,s,ccd,Banfi M.,,"C,0040,E,0179,,MEADE LX200R",
35112,-0.0069,58020.5559,s,V,Menzies K.,,"A,0461,,,,",
35148,-0.006,58030.6519,s,V,Menzies K.,,"A,0461,,,,",
36007,-0.0073,58271.5296,s,R,Oezavci I,,"E,0203,,,,35cm+Apogee",
36179,-0.0081,58319.7607,s,V,Menzies K.,,"A,0462,,,,",
36252,-0.0068,58340.3726,p,R,Oezavci I,,"E,0203,,,,35cm+Apogee",
36257,-0.0077,58341.6337,s,V,Samolyk G.,,"A,0462,,,,",
36310,-0.0077,58356.4959,s,RI,Oezavci I,,"E,0203,,,,35cm+Apogee",
36414,-0.008,58385.6591,s,V,Samolyk G,,"A,,,,JAAVSO 47,",
36510,-0.0085,58412.5787,s,V,Samolyk G,,"A,,,,JAAVSO 47,",
37491,-0.009,58687.6682,s,V,Samolyk G,,"A,,,,JAAVSO 47,",
37801,-0.0018,58774.605,s,vis,Chris Stephan,,"J,0067,,,,",
38654,-0.0074,59013.796,s,V,Menzies K,,"A,,,,JAAVSO 48,",
39010,-0.0102,59113.622,s,vis,Chris Stephan,,"J,0069,,,,",
