-77626,-0.1084,27775.29,p,pg,Parenago P,,"P,,D,Lich,PZ 5.162,",
-76785,-0.0813,28043.48,p,pg,Parenago P,,"P,,D,Lich,PZ 5.162,",
-75061,-0.0694,28593.21,p,pg,Parenago P,,"P,,D,Lich,PZ 5.162,",
-75049,-0.0258,28597.24,s,pg,Parenago P,,"P,,D,Lich,PZ 5.162,",
-74412,-0.0809,28800.3,s,vis,Zverev M,,"P,,D,Lich,PZ 5.193,",
-62912,-0.0729,32467.061,p,pg,Kaho S,,,",,D,Lich,BTOK 49.384,"
-59460,-0.0605,33567.945,s,pg,Kaho S,,,",,D,Lich,BTOK 49.384,"
-58324,-0.0837,33929.989,p,pg,Kaho S,,,",,D,Lich,BTOK 49.384,"
-58274,-0.0678,33946.108,s,pg,Kaho S,,,",,D,Lich,BTOK 49.384,"
-52631,-0.0574,35745.4567,s,pe,Broglia P,,",,D,Lich,MSAI 35.25,",
-52630,-0.0573,35745.6156,p,pe,Broglia P,,",,D,Lich,MSAI 35.25,",
-52625,-0.0562,35747.3711,s,pe,Broglia P,,",,D,Lich,MSAI 35.25,",
-52624,-0.0581,35747.528,p,pe,Broglia P,,",,D,Lich,MSAI 35.25,",
-52599,-0.0582,35755.4995,p,pe,Broglia P,,",,D,Lich,MSAI 35.25,",
-52593,-0.0562,35757.4146,p,pe,Broglia P,,",,D,Lich,MSAI 35.25,",
-52593,-0.0572,35757.5736,s,pe,Broglia P,,",,D,Lich,MSAI 35.25,",
-52421,-0.0541,35812.261,p,pe,Broglia P,,",,D,Lich,MSAI 35.25,",
-52414,-0.0551,35814.492,p,pe,Broglia P,,",,D,Lich,MSAI 35.25,",
-52349,-0.0532,35835.22,p,pg,Zonn W,,,",,D,Lich,AA 9.154,"
-52349,-0.0512,35835.382,s,pg,Zonn W,,,",,D,Lich,AA 9.154,"
-51407,-0.0542,36135.587,p,pe,Broglia P,,",,D,Lich,MSAI 35.25,",
-51404,-0.0528,36136.545,p,pe,Broglia P,,",,D,Lich,MSAI 35.25,",
-51402,-0.0537,36137.3418,s,pe,Broglia P,,",,D,Lich,MSAI 35.25,",
-50125,-0.0482,36544.374,p,pe,Broglia P,,",,D,Lich,MSAI 35.25,",
-50100,-0.0488,36552.345,p,pe,Broglia P,,",,D,Lich,MSAI 35.25,",
-50100,-0.0491,36552.5047,s,pe,Broglia P,,",,D,Lich,MSAI 35.25,",
-50034,-0.0486,36573.3901,p,pe,Broglia P,,",,D,Lich,MSAI 35.25,",
-50031,-0.0484,36574.3469,p,pe,Broglia P,,",,D,Lich,MSAI 35.25,",
-48617,-0.0541,37025.372,s,pg?,Busch H,,,"D,H054,,,HBZ 054,"
-48554,-0.0445,37045.47,s,pg?,Busch H,,,"D,H054,,,HBZ 054,"
-47883,-0.0439,37259.427,s,pe,Broglia P,,",,D,Lich,MSAI 35.25,",
-47695,-0.0427,37319.3742,s,pe,Broglia P,,",,D,Lich,MSAI 35.25,",
-47654,-0.0424,37332.2879,p,pe,Broglia P,,",,D,Lich,MSAI 35.25,",
-47620,-0.0436,37343.288,s,pe,Broglia P,,",,D,Lich,MSAI 35.25,",
-47600,-0.0558,37349.493,p,pg?,Busch H,,,"D,H054,,,HBZ 054,"
-42319,-0.012,39033.447,p,pg?,Busch H,,,"D,H054,,,HBZ 054,"
-42313,-0.0802,39035.452,s,pg?,Busch H,,,"D,H054,,,HBZ 054,"
-42257,-0.0245,39053.364,s,pg?,Busch H,,,"D,H054,,,HBZ 054,"
-42244,-0.0237,39057.35,p,pg?,Busch H,,,"D,H054,,,HBZ 054,"
-42232,-0.025,39061.335,s,pg?,Busch H,,,"D,H054,,,HBZ 054,"
-41206,-0.0284,39388.484,s,pg?,Busch H,,,"D,H054,,,HBZ 054,"
-41203,-0.028,39389.441,s,pg?,Busch H,,,"D,H054,,,HBZ 054,"
-41056,-0.0267,39436.315,s,pg?,Busch H,,,"D,H054,,,HBZ 054,"
-41034,-0.0147,39443.342,s,pg?,Busch H,,,"D,H054,,,HBZ 054,"
-38813,-0.0092,40151.38,p,pg?,Busch H,,,"D,H054,,,HBZ 054,"
-37772,-0.0085,40483.476,s,pg?,Busch H,,,"D,H054,,,HBZ 054,"
-34169,0.0007,41632.345,s,V,Burchi R,,"I,0962,I,0962,,",
-34162,0.0012,41634.4176,p,V,Burchi R,,"I,0962,I,0962,,",
-34115,0.0004,41649.4033,p,V,Burchi R,,"I,0962,0,GCVS,,",
-34112,0,41650.3595,p,V,Burchi R,,"I,0962,I,0962,,",
-34112,-0.0007,41650.5188,s,V,Burchi R,,"I,0962,I,0962,,",
-34087,-0.0002,41658.3308,p,V,Burchi R,,"I,0962,I,0962,,",
-34087,-0.0005,41658.4905,s,V,Burchi R,,"I,0962,I,0962,,",
-32158,0.0122,42273.428,p,vis,Diethelm Roger,,"B,0017,B,0017,,",
-32152,0.004,42275.333,p,vis,Diethelm Roger,,"B,0017,B,0017,,",
-32086,0.0011,42296.375,p,vis,Diethelm Roger,,"B,0017,B,0017,,",
-28776,0.0139,43351.821,p,vis,Samolyk G,,",,D,Lich,AVSJ 21.34,",
-28659,0.0131,43389.287,s,vis,Diethelm Roger,,"B,0041,D,Lich,,",
-28522,0.013,43432.811,p,vis,Wedemayer G,,",,D,Lich,AVSJ 21.34,",
-27666,0.0171,43705.761,p,vis,Samolyk G,,",,D,Lich,AVSJ 21.34,",
-27404,0.0012,43789.287,p,vis,Diethelm Roger,,"B,0041,B,0041,,",
-27398,0.0051,43791.364,s,vis,Diethelm Roger,,"B,0041,B,0041,,",
-26487,0.0138,44081.696,p,vis,Samolyk G,,",,D,Lich,AVSJ 21.34,",
-25254,0.0129,44474.852,p,vis,Samolyk G,,",,D,Lich,AVSJ 21.34,",
-25104,0.0266,44522.695,p,vis,Samolyk G,,",,D,Lich,AVSJ 21.34,",
-24207,0.0224,44808.71,p,vis,Samolyk G,,",,D,Lich,AVSJ 21.34,",
-20983,0.0253,45836.724,p,vis,Samolyk G,,",,D,Lich,AVSJ 21.34,",
-20381,0.0324,46028.686,p,vis,Samolyk G,,",,D,Lich,AVSJ 21.34,",
-18233,0.0258,46713.595,p,vis,Samolyk G,,",,D,Lich,AVSJ 21.34,",
-16854,0.0381,47153.318,p,vis,Peter H,,,"B,0086,B,0086,,"
-16835,0.0328,47159.371,p,vis,Peter H,,,"B,0086,B,0086,,"
-16104,0.0396,47392.466,p,vis,Peter H,,,"B,0089,B,0089,,"
-16032,0.0366,47415.421,p,vis,Peter H,,,"B,0089,B,0089,,"
-15885,0.0399,47462.297,p,vis,Peter H,,,"B,0090,B,0090,,"
-15857,0.0177,47471.363,s,vis,Peter H,,,"B,0090,B,0090,,"
-15819,0.024,47483.326,p,vis,Peter H,,,"B,0090,B,0090,,"
-15697,0.0378,47522.401,s,vis,Peter H,,,"B,0090,B,0090,,"
-15688,0.0181,47525.251,s,vis,Peter H,,,"B,0090,B,0090,,"
-15684,0.0366,47526.385,p,vis,Peter H,,,"B,0090,B,0090,,"
-15678,0.0384,47528.3,p,vis,Peter H,,,"B,0091,B,0091,,"
-15565,0.047,47564.5,s,pg,Frank Peter,,"D,0052,D,Lich,,",
-15022,0.031,47737.466,p,vis,Peter H,,,"B,0092,B,0092,,"
-14922,0.0398,47769.361,p,vis,Peter H,,,"B,0092,B,0092,,"
-14881,0.0294,47782.424,p,vis,Peter H,,,"B,0092,B,0092,,"
-14530,0.0359,47894.351,p,vis,Peter H,,,"B,0094,B,0094,,"
-14527,0.0443,47895.316,p,vis,Peter H,,,"B,0094,B,0094,,"
-13928,0.0489,48086.479,s,vis,Peter H,,,"B,0096,B,0096,,"
-13912,0.0331,48091.405,p,vis,Peter H,,,"B,0096,B,0096,,"
-13846,0.0483,48112.465,p,vis,Peter H,,,"B,0096,B,0096,,"
-13802,0.0293,48126.476,p,vis,Peter H,,,"B,0096,B,0096,,"
-13784,0.0388,48132.385,s,vis,Peter H,,,"B,0096,B,0096,,"
-13749,0.0456,48143.392,p,vis,Peter H,,,"B,0096,B,0096,,"
-13686,0.0243,48163.459,p,vis,Peter H,,,"B,0096,B,0096,,"
-13646,0.0389,48176.388,s,B,Agerer Franz,,"D,0059,D,0059,,",
-13646,0.0403,48176.3894,s,V,Agerer Franz,,"D,0059,D,0059,,",
-13645,0.0369,48176.5449,p,V,Agerer Franz,,"D,0059,D,0059,,",
-13645,0.0413,48176.5493,p,B,Agerer Franz,,"D,0059,D,0059,,",
-13639,0.0248,48178.446,p,vis,Peter H,,,"B,0096,B,0096,,"
-12895,0.0485,48415.703,p,vis,Samolyk G,,",,D,Lich,AVSJ 21.34,",
-12620,0.0514,48503.393,p,vis,Peter H,,,"B,0099,B,0099,,"
-12608,0.0631,48507.391,s,vis,Peter H,,,"B,0099,B,0099,,"
-12011,0.0485,48697.577,p,vis,Samolyk G,,",,D,Lich,AVSJ 21.34,",
-11435,0.046,48881.399,s,vis,Peter H,,,"B,0102,B,0102,,"
-11400,0.0428,48892.396,p,vis,Peter H,,,"B,0102,B,0102,,"
-9199,0.0473,49594.3758,s,V,Agerer Franz,,"D,0080,I,4222,,",
-9199,0.0479,49594.3764,s,B,Agerer Franz,,"D,0080,I,4222,,",
-7956,0.0511,49990.565,p,vis,Martignoni Max,,"B,0113,B,0113,,",
-7891,0.058,50011.298,p,vis,Peter H,,,"B,0110,B,0110,,"
-7822,0.0656,50033.307,p,vis,Peter H,,,"B,0111,B,0111,,"
-7775,0.0514,50048.2793,p,ccd,Diethelm Roger,,"B,0111,B,0111,,",
-6947,0.0413,50312.447,s,vis,Peter H,,,"B,0113,B,0113,,"
-6906,0.066,50325.385,p,vis,Peter H,,,"B,0113,B,0113,,"
-6750,0.0525,50375.274,s,vis,Peter H,,,"B,0113,B,0113,,"
-6602,0.0629,50422.316,p,vis,Peter H,,,"B,0114,B,0114,,"
-6558,0.056,50436.339,p,vis,Peter H,,,"B,0114,B,0114,,"
-6398,0.0581,50487.359,p,vis,Peter H,,,"B,0114,B,0114,,"
-6351,0.0446,50502.332,p,vis,Peter H,,,"B,0114,B,0114,,"
-6304,0.053,50517.327,p,vis,Peter H,,,"B,0114,B,0114,,"
-5921,0.0499,50639.448,p,vis,Peter H,,,"B,0115,B,0115,,"
-5755,0.0338,50692.363,p,vis,Peter H,,,"B,0115,B,0115,,"
-5705,0.0517,50708.324,p,vis,Peter H,,,"B,0116,B,0116,,"
-5564,0.0582,50753.29,p,vis,Peter H,,,"B,0116,B,0116,,"
-5379,0.0647,50812.286,p,vis,Peter H,,,"B,0116,B,0116,,"
-5244,0.0493,50855.317,p,vis,Peter H,,,"B,0117,B,0117,,"
-5222,0.0584,50862.341,p,vis,Peter H,,,"B,0117,B,0117,,"
-3736,0.0484,51336.16,p,ccd,Paschke Anton,,"0,home,,,,Rotse",
-3077,0.0503,51546.2919,p,BV,Agerer Franz,,"D,0132,I,5016,,2",
-2917,0.0506,51597.3101,p,ccd,Blaettler Ernst,,"B,0122,B,0122,,",
-2917,0.0511,51597.4706,s,ccd,Blaettler Ernst,,"B,0122,B,0122,,",
-2913,0.0506,51598.5856,p,ccd,Blaettler Ernst,,"B,0122,B,0122,,",
-2323,0.051,51786.8746,s,ccd,Nelson Robert,,"I,5040,I,5040,,",
-1572,0.0496,52026.3385,s,ccd,Blaettler Ernst,,"B,0125,B,0125,,",
-1449,0.05,52065.399,p,ccd,Blaettler Ernst,,"B,0125,B,0125,,",
-1449,0.0503,52065.5593,s,ccd,Blaettler Ernst,,"B,0125,B,0125,,",
-1066,0.0505,52187.5236,p,V,Sarounova Lenka,,"I,5594,,,,",
-1026,0.0501,52200.2777,p,BV,Pribulla Theodor,"I,5341,,,,Stara Lesna",,
-678,0.0502,52311.2418,p,BV,Pribulla Theodor,"I,5341,,,,Stara Lesna",,
-69,0.0501,52505.4286,p,-Ir,Raetz Manfred,,"D,0158,I,5484,,",
0,0.0499,52527.4299,p,BV,Pribulla Theodor,"I,5341,,,,Stara Lesna",,
147,0.0474,52574.3001,p,ccd,Blaettler Ernst,,"B,0129,I,5438,,",
411,0.0494,52658.6417,s,ccd,Nelson Robert,,"I,5493,,,,",
536,0.0493,52698.3393,p,ccd,Agerer Franz,,"D,0158,I,5484,,",
536,0.0495,52698.4995,s,ccd,Agerer Franz,,"D,0158,I,5484,,",
1119,0.0484,52884.395,s,ccd,Krajci T,,"I,5592,,,,",
1257,0.0478,52928.3973,s,ccd,Krajci T,,"I,5592,,,,",
1267,0.0486,52931.4268,p,BVI,Pribulla Theodor,"I,5668,,,,G1",,
1267,0.0481,52931.5863,s,BVRI,Pribulla Theodor,"I,5668,,,,G1",,
1291,0.0481,52939.2389,s,ccd,Kim Chun-Hwey,,"I,5694,,,,",
1333,0.0479,52952.631,s,R,Kotkova Lenka,,"I,5676,,,,",
1345,0.0486,52956.298,p,BVRI,Pribulla Theodor,"I,5668,,,,G1",,
1370,0.0482,52964.2691,p,ccd,Blaettler Ernst,,"B,0130,I,5543,,",
1405,0.0481,52975.5892,s,ccd,Nelson Robert,,"I,5493,,,,",
1423,0.0471,52981.3277,s,ccd,Blaettler Ernst,,"B,0130,I,5543,,",
2327,0.0469,53269.5788,s,R,Lubcke G,,"Y,0042,,,JAAVSO 42,",
2480,0.0481,53318.2059,p,ccd,Kim Chun-Hwey,,"I,5694,,,,",
2536,0.0483,53336.2223,s,ccd,Wang J J,,",,,,AJ 148.95,",
2537,0.0468,53336.3797,p,ccd,Wang J J,,",,,,AJ 148.95,",
2590,0.0474,53353.28,p,ccd,Blaettler Ernst,,"B,0131,I,5653,,",
2615,0.0467,53361.2508,p,ccd,Zejda Miloslav,,"I,5741,,,,RL200",
2615,0.0474,53361.4115,s,ccd,Zejda Miloslav,,"I,5741,,,,RL200",
3403,0.0469,53612.5143,p,ccd,Zejda Miloslav,,"I,5741,,,,RL200",
3418,0.0466,53617.2969,p,V,Kubotera Katsua,,"J,0044,,,,16L+BJ41L",
3528,0.046,53652.3711,p,-Ir,Raetz Manfred,,"D,0178,I,5731,,",
3531,0.0464,53653.3281,p,ccdR,Brat L,,,"C,0034,E,0074,,RL200"
3553,0.0468,53660.3435,p,-Ir,Agerer Franz,,"D,0178,I,5731,,",
3553,0.0461,53660.5028,s,-Ir,Agerer Franz,,"D,0178,I,5731,,",
3554,0.0465,53660.662,p,-Ir,Agerer Franz,,"D,0178,I,5731,,",
3589,0.0463,53671.822,p,R,Nelson Robert,,"I,5672,,,,",
3600,0.046,53675.3292,p,-Ir,Raetz Manfred,,"D,0178,I,5731,,",
3601,0.0466,53675.6487,p,ccdR,Svoboda P,,"C,0034,E,0074,,RL200",
3601,0.0466,53675.6487,p,ccdI,Svoboda P,,"C,0034,E,0074,,RL200",
3601,0.0466,53675.6487,p,ccdV,Svoboda P,,"C,0034,E,0074,,RL200",
3645,0.0466,53689.6786,p,ccd,Poklar R,,"A,0012,,,,",
3879,0.0457,53764.2914,p,ccdI,Smelcer L,,"C,0034,E,0074,,RL280",
4162,0.0448,53854.5284,p,ccd,Parimucha Stefan,"I,5777,,,,26cmNewton",,
4372,0.0455,53921.4902,p,V,Parimucha Stefan,"I,5777,,,,26cmNewton",,
4387,0.0451,53926.4327,s,V,Parimucha Stefan,"I,5777,,,,26cmNewton",,
4400,0.0455,53930.4183,p,V,Parimucha Stefan,"I,5777,,,,26cmNewton",,
4438,0.0454,53942.535,p,-Ir,Raetz M,,,"D,0186,I,5802,,ST-6"
4444,0.045,53944.4477,p,V,Parimucha Stefan,"I,5777,,,,26cmNewton",,
4585,0.0422,53989.4045,p,ccd,Klagyivik P,,"I,5736,,,,E40",
4613,0.0443,53998.3347,p,ccd,Dogru S S,,"I,5746,,,,UG301",
4673,0.0442,54017.4663,p,ccdI,Smelcer L,,"C,0034,E,0074,,RL280",
4698,0.0452,54025.4389,p,RI,Klagyivik P,,"I,5736,,,,E40",
4704,0.0451,54027.352,p,ccdR,Smelcer L,,"C,0034,E,0074,,RL280",
4726,0.0442,54034.366,p,ccdI,Smelcer L,,"C,0034,E,0074,,RL280",
4770,0.0483,54048.56,s,vis,Stephan Chris,,"A,0012,,,,",
4802,0.0487,54058.604,p,vis,Stephan Chris,,"A,0012,,,,",
4805,0.0501,54059.562,p,vis,Stephan Chris,,"A,0012,,,,",
4814,0.044,54062.5857,s,ccd,Samolyk G,,"A,0012,,,,",
5287,0.0417,54213.4051,s,R,Baludansky D,,"I,5898,,,,400mm Cas",
5444,0.0401,54263.3048,p,R,Baludansky D,,"I,5898,,,,400mm Cas",
5447,0.0406,54264.4219,s,R,Baludansky D,,"I,5898,,,,400mm Cas",
5469,0.0418,54271.4381,s,R,Baludansky D,,"I,5898,,,,400mm Cas",
5494,0.042,54279.4098,s,R,Baludansky D,,"I,5898,,,,400mm Cas",
5549,0.0425,54296.7877,p,ccd,Samolyk G,,"A,0012,,,,",
5607,0.0418,54315.441,s,V,Parimucha S,,"I,5898,,,,256mm Newton",
5709,0.043,54347.8062,p,V,Petriew V,,",,,,JAAVSO-44,",
5709,0.0418,54347.965,s,V,Petriew V,,",,,,JAAVSO-44,",
5768,0.0414,54366.7774,s,ccd,Samolyk G,,"A,0079,,,,",
5811,0.0425,54380.3296,p,V,Van den Abbeel F,"E,0116,,,,20cm+ST7",,
5898,0.0419,54408.07,p,V,Itoh Hiroshi,,"J,0046,,,,30SC+DSI-Pro",
6690,0.0407,54660.7675,s,ccd,Samolyk G,,"A,0086,,,,",
6756,0.0397,54681.8114,s,ccd,Samolyk G,,"A,0086,,,,",
6787,0.041,54691.5374,p,ccd,Parimucha S,,"I,5898,,,,256mm Newton",
6831,0.0404,54705.7267,s,ccd,Menzies K,,"A,0086,,,,",
6894,0.0409,54725.8155,s,R,Nelson Robert,,"I,5875,,,,ST-7XME",
6952,0.041,54744.1496,p,V,Itoh Hiroshi,,"J,0048,,,,30SC+DSI-Pro",
6991,0.0398,54756.744,s,B,Diethelm Roger,,"I,5871,,,,",
7275,0.0393,54847.3004,s,-Ir,Agerer Franz,,"D,0209,I,5918,,Sig 1603",
7276,0.0409,54847.4608,p,-Ir,Agerer Franz,,"D,0209,I,5918,,Sig 1603",
7828,0.0382,55023.4699,p,ccd,Arena C,,,"I,5917,,,,NW20/DSI"
7847,0.039,55029.5291,p,-Ir,Agerer Franz,,"D,0212,I,5941,,Sigma 1603",
7916,0.0382,55051.5298,p,V,Parimucha Stefan,"I,5980,,,,265mm+MeadeD",,
7932,0.0379,55056.6313,p,ccd,Samolyk G,,"A,0109,,,,",
7963,0.0374,55066.6755,s,ccd,Samolyk G,,"A,0109,,,,",
8050,0.0374,55094.4165,s,V,Parimucha Stefan,"I,5980,,,,265mm+MeadeD",,
8069,0.038,55100.3155,p,V,Parimucha Stefan,"I,5980,,,,265mm+MeadeD",,
8252,0.0401,55158.6693,p,V,Diethelm Roger,,"I,5920,,,,",
8270,0.0375,55164.4062,p,V,Parimucha Stefan,"I,5980,,,,265mm+MeadeD",,
8320,0.0379,55180.3497,p,V,Parimucha Stefan,"I,5980,,,,265mm+MeadeD",,
8945,0.0338,55379.7944,s,ccd,Samolyk G,,"A,0130,,,,",
9169,0.0343,55451.22,s,V,Itoh Hiroshi,,"J,0051,,,,30SC+DSI-Pro",
9188,0.0324,55457.2765,s,V,Itoh Hiroshi,,"J,0051,,,,30SC+DSI-Pro",
9258,0.0338,55479.4382,p,-Ir,Agerer Franz,,"D,0215,I,5984,,Sigma 1603",
9258,0.0333,55479.5977,s,-Ir,Agerer Franz,,"D,0215,I,5984,,Sigma 1603",
9267,0.0325,55482.4667,s,R,Parimucha Stefan,"I,5980,,,,lens+StarLig",,
9299,0.0337,55492.6714,s,V,Menzies K,,"A,e151,,,,",
9314,0.0328,55497.2935,p,R,Parimucha Stefan,"I,5980,,,,lens+StarLig",,
9334,0.0325,55503.6704,p,V,Poklar R,,"A,e151,,,,",
9381,0.0334,55518.6578,p,V,Diethelm Roger,,"I,5960,,,,",
10155,0.0317,55765.4553,p,V,Parimucha S,,"I,6044,,,,K1-M",
10189,0.0321,55776.457,s,V,Parimucha S,,"I,6044,,,,K1-M",
10262,0.0306,55799.5724,p,ccd,Moudra Milada ,,"C,0038,E,0160,,15cm+ST7",
10312,0.0302,55815.5151,p,R,Honkova Katerina,"C,0038,E,0160,,20cm+ST8XME",,
10312,0.0302,55815.5151,p,B,Honkova Katerina,"C,0038,E,0160,,20cm+ST8XME",,
10312,0.0302,55815.5151,p,I,Honkova Katerina,"C,0038,E,0160,,20cm+ST8XME",,
10312,0.0302,55815.5151,p,V,Honkova Katerina,"C,0038,E,0160,,20cm+ST8XME",,
10345,0.0306,55826.198,s,ccd,Wang J J,,",,,,AJ 148.95,",
10346,0.0301,55826.3563,p,ccd,Wang J J,,",,,,AJ 148.95,",
10349,0.0332,55827.316,p,ccd,Wang J J,,",,,,AJ 148.95,",
10377,0.0306,55836.4016,s,ccd,Vrastak M,,"C,0038,E,0160,,15cm+G2",
10391,0.0297,55840.7047,p,ccd,Nelson Robert,,"I,6018,,,,ST-10XE",
10527,0.0304,55884.2307,s,ccd,Frank Peter,,"D,0225,I,6026,,EOS450D",
10528,0.0302,55884.3893,p,ccd,Frank Peter,,"D,0225,I,6026,,EOS450D",
11431,0.0264,56172.3179,p,V,Ogmen Y,,,"Y,0042,,,JAAVSO 42,"
11460,0.0253,56181.5638,p,R,Parimucha S,,"I,6044,,,,K1-G",
11462,0.0259,56182.3621,s,R,Parimucha S,,"I,6044,,,,K1-G",
11500,0.0248,56194.3178,p,ccd,Ayiomamitis A,,"I,6230,,,,30cm+ST10XME",
11500,0.0258,56194.4788,s,ccd,Ayiomamitis A,,"I,6230,,,,30cm+ST10XME",
11571,0.026,56217.1182,s,V,Itoh Hiroshi,,"J,0055,,,,30SC+ST-9XE",
11705,0.0259,56259.6856,p,V,Diethelm Roger,,"I,6042,,,,Astrokolchoz",
11770,0.0275,56280.4133,p,ccd,Magris M.,,"C,0038,E,0160,,20cm+MX716",
12548,0.0206,56528.641,s,V,Simmons N,,"Y,0042,,,JAAVSO 42,",
12549,0.0193,56528.7985,p,V,Simmons N,,"Y,0042,,,JAAVSO 42,",
12580,0.0196,56538.6836,p,V,Manske B,,"Y,0042,,,JAAVSO 42,",
12599,0.0201,56544.7424,p,V,Menzies K,,"Y,0042,,,JAAVSO 42,",
12639,0.0193,56557.6561,s,V,Manske B,,",,,,,",
12642,0.0204,56558.6138,s,V,Manske B,,"Y,0042,,,JAAVSO 42,",
12643,0.0194,56558.7717,p,V,Menzies K,,"Y,0042,,,JAAVSO 42,",
12805,0.0199,56610.5878,s,V,Samolyk G,,"A,,,,JAAVSO 62,",
13537,0.0168,56843.8317,p,V,Samolyk G,,"A,,,,JAAVSO 62,",
13570,0.0142,56854.5115,s,ccd,Magris M,,"C,0039,,,,25cm+Atik",
13653,0.0166,56880.8195,p,V,Menzies K,,"A,,,,JAAVSO 62,",
13805,0.016,56929.2859,p,VI,Parimucha S,,"I,6167,,,,C14+G2",
14038,0.0175,57003.5823,p,V,Magris M.,,"C,0040,E,0179,,Schmidt-Newt",
14699,0.0127,57214.5052,s,VR,Parimucha S,,"I,6167,,,,ZIGA-G4",
14766,0.0128,57235.8691,s,V,Samolyk G,,",,,,JAAVSO-43,",
14800,0.0118,57246.5494,p,VI,Parimucha S,,"I,6167,,,,C14+G2",
14856,0.0114,57264.4052,p,R,Mazanec J.,,"C,0040,E,0179,,ORION NWT 50",
14856,0.0116,57264.4055,p,I,Mazanec J.,,"C,0040,E,0179,,ORION NWT 50",
14856,0.0118,57264.4056,p,V,Mazanec J.,,"C,0040,E,0179,,ORION NWT 50",
14856,0.0125,57264.4064,p,B,Mazanec J.,,"C,0040,E,0179,,ORION NWT 50",
15001,0.0103,57310.6392,p,V,Simmons N,,",,,,JAAVSO-43,",
15010,0.0106,57313.6692,s,V,Simmons N,,",,,,JAAVSO-43,",
15013,0.0102,57314.6254,s,V,Samolyk G,,",,,,JAAVSO-43,",
15014,0.0114,57314.7855,p,V,Samolyk G,,",,,,JAAVSO-43,",
15063,0.0099,57330.4082,p,-I,Agerer Franz,,"D,0244,I,6196,,Sigma 1603",
15079,0.01,57335.6701,s,V,Menzies K,,",,,,JAAVSO-44,",
15129,0.0099,57351.6131,s,R,Nelson Robert,,"I,6164,,,,33cm+ST-10XM",
15950,0.0051,57613.394,s,I,Vrastak M,,"C,0040,E,0179,,NWT 150/750+",
15950,0.0054,57613.3943,s,R,Vrastak M,,"C,0040,E,0179,,NWT 150/750+",
15950,0.0059,57613.3948,s,V,Vrastak M,,"C,0040,E,0179,,NWT 150/750+",
17049,-0.0004,57963.8178,s,ccd,Nelson Robert,,"I,6234,,,,33cm+ST10XME",
17187,-0.0003,58007.8209,s,V,Menzies K.,,"A,0461,,,,",
17253,-0.0015,58028.8646,s,V,Menzies K.,,"A,0461,,,,",
17334,-0.0023,58054.5316,p,ccd,Bragagnolo U.,,"C,0041,E,0194,,10cm+QHY9",
17425,-0.0022,58083.5482,p,V,Arranz  T.,,"A,0461,,,,",
17428,-0.0016,58084.6653,s,V,Cook    S.,,"A,0461,,,,",
17590,-0.0045,58136.3181,s,V,Arranz  T.,,"A,0461,,,,",
17600,-0.003,58139.3482,p,V,Arranz  T.,,"A,0461,,,,",
17625,-0.0034,58147.3193,p,V,Arranz  T.,,"A,0461,,,,",
18218,-0.0052,58336.4027,p,-Ir,Agerer Franz,,"D,0031,,,,Sigma1603",
18218,-0.0066,58336.5613,s,-Ir,Agerer Franz,,"D,0031,,,,Sigma1603",
18234,-0.008,58341.6617,s,V,Samolyk G.,,"A,0462,,,,",
18363,-0.0098,58382.6331,p,V,Arranz T,,"A,,,,JAAVSO 47,",
18371,-0.0077,58385.3461,s,V,Arranz T,,"A,,,,JAAVSO 47,",
18447,-0.0079,58409.5794,s,Ic,Lubcke G,,"A,,,,JAAVSO 47,",
18447,-0.0074,58409.5799,s,V,Lubcke G,,"A,,,,JAAVSO 47,",
18447,-0.0073,58409.58,s,B,Lubcke G,,"A,,,,JAAVSO 47,",
18488,-0.0088,58422.6519,s,V,Menzies K,,"A,,,,JAAVSO 47,",
18595,-0.0094,58456.6095,p,G,Conrad G,,"A,,,,JAAVSO 47,",
20510,-0.0166,59067.223,p,V,Itoh Hiroshi,,"J,0069,,,,12.7SC+ST-9X",
