-2395,0.0001,51274.076,p,ccd,Paschke Anton,,"0,home,,,,Rotse",
0,0.0004,51996.4143,p,ccd,Blaettler Ernst,,"B,0125,B,0125,,",
0,0.0002,51996.5649,s,ccd,Blaettler Ernst,,"B,0125,B,0125,,",
16,0.0001,52001.3904,s,ccd,Blaettler Ernst,,"B,0125,B,0125,,",
17,0.0006,52001.5417,p,ccd,Blaettler Ernst,,"B,0125,B,0125,,",
86,-0.0007,52022.351,p,ccd,Blaettler Ernst,,"B,0125,B,0125,,",
86,-0.0004,52022.5021,s,ccd,Blaettler Ernst,,"B,0125,B,0125,,",
122,-0.0007,52033.3595,s,ccd,Blaettler Ernst,,"B,0125,B,0125,,",
149,-0.0005,52041.503,s,ccd,Blaettler Ernst,,"B,0125,B,0125,,",
1230,0.0039,52367.3889,p,ccd,Blaettler Ernst,,"B,0128,B,0128,,",
1240,0.003,52370.404,p,ccd,Moschner Wolfg,,"D,0158,I,5484,,",
1240,0.0042,52370.556,s,ccd,Moschner Wolfg,,"D,0158,I,5484,,",
1670,0.0015,52500.0916,p,BVR,Kreiner J,,",,,,AJ 149.164,",
2298,0.001,52689.4974,p,ccd,Moschner Wolfg,,"D,0172,I,5643,,",
2543,0.001,52763.3901,p,ccd,Blaettler Ernst,,"B,0129,I,5438,,",
3597,0.0043,53081.4332,s,ccd,Blaettler Ernst,,"B,0130,I,5543,,",
3641,-0.0026,53094.546,p,vis,Vandenbroere Jac,"G,1043,,,,",,
3693,0.0033,53110.386,s,ccd,Agerer Franz,,"D,0173,I,5657,,",
3803,0.0108,53143.419,p,vis,Vandenbroere Jac,"G,1043,,,,",,
4804,0.0027,53445.4658,s,ccd,Blaettler Ernst,,"B,0131,I,5653,,",
5016,0.0026,53509.4054,s,V,Martignoni Massi,"I,6006,,,,",,
5020,0.0015,53510.4599,p,V,Martignoni Massi,"I,6006,,,,",,
5033,0.0018,53514.3811,p,V,Martignoni Massi,"I,6006,,,,",,
6008,0.0023,53808.444,p,ccd,Moschner W,,"D,0183,I,5761,,ST-9",
6008,0.0025,53808.595,s,ccd,Moschner W,,"D,0183,I,5761,,ST-9",
6173,0.0011,53858.358,s,-Ir,Raetz M,,,"D,0186,I,5802,,ST-6"
6187,0.0012,53862.4298,p,ccd,Moschner W,,"D,0183,I,5761,,ST-9",
6432,0.0004,53936.4724,s,R,Blaettler Ernst,,"B,0166,I,5781,,",
7215,-0.0003,54172.4756,p,ccd,Moschner Wolfg,,"D,0203,I,5889,,ST-9E",
7221,-0.0015,54174.4349,s,ccd,Blaettler Ernst,,"B,0166,I,5781,,",
7258,0.0002,54185.445,p,-Ir,Agerer Franz,,"D,0186,I,5802,,ST-6",
7258,0.0004,54185.596,s,-Ir,Agerer Franz,,"D,0186,I,5802,,ST-6",
7311,0.0002,54201.43,p,-Ir,Agerer Franz,,"D,0186,I,5802,,ST-6",
7350,0.0019,54213.345,s,-Ir,Agerer Franz,,"D,0186,I,5802,,ST-6",
7351,0.0011,54213.495,p,-Ir,Agerer Franz,,"D,0186,I,5802,,ST-6",
7374,0.0002,54220.4309,p,ccd,Moschner Wolfg,,"D,0234,I,6118,,ST-9E",
7410,0.0023,54231.4415,s,V,Martignoni Massi,"I,6006,,,,",,
7433,-0.0011,54238.375,s,V,Martignoni Massi,"I,6006,,,,",,
8410,-0.003,54532.8879,p,R,Nelson Robert,,"I,5875,,,,ST-7XME",
8461,-0.0036,54548.2691,p,V,Itoh Hiroshi,,"J,0048,,,,30SC+DSI-Pro",
8534,-0.0037,54570.4367,s,-Ir,Agerer Franz,,"D,0201,I,5874,,ST-6",
8535,-0.0036,54570.5876,p,-Ir,Agerer Franz,,"D,0201,I,5874,,ST-6",
8541,-0.0041,54572.3968,p,V,Martignoni Massi,"I,6006,,,,",,
9394,-0.0055,54829.6623,p,ccd,Moschner W,,"D,0209,I,5918,,ST-9XE",
9488,-0.005,54858.0134,p,ccd,Nelson Robert,,"I,5929,,,,ST-7XME",
9593,-0.0062,54889.8313,s,R,Nelson Robert,,"I,5929,,,,ST-7XME",
9854,-0.005,54968.3999,p,-Ir,Agerer Franz,,"D,0209,I,5918,,Sig 1603",
9854,-0.0063,54968.5494,s,-Ir,Agerer Franz,,"D,0209,I,5918,,Sig 1603",
9939,-0.0059,54994.0352,p,V,Shiokawa Kazuhik,"J,0050,,,,35SC+ST-9E",,
9939,-0.0078,54994.1841,s,V,Shiokawa Kazuhik,"J,0050,,,,35SC+ST-9E",,
10010,-0.0095,55015.4454,p,ccd,Bl„ttler Ernst,,"I,5920,,,,",
10890,-0.0071,55280.858,p,ccd,Paschke Anton,,"E,0162,,,,Catalina",
10987,-0.0092,55310.1114,p,BVR,Wang J J,,",,,,AJ 149.164,XLs-85 cm",
10987,-0.0089,55310.2624,s,BVR,Wang J J,,",,,,AJ 149.164,XLs-85 cm",
10988,-0.009,55310.4132,p,ccd,Moschner Wolfg,,"D,0234,I,6118,,ST-9E",
11004,-0.0081,55315.3905,s,-Ir,Agerer Franz,,"D,0214,I,5959,,Sigma 1603",
11005,-0.0086,55315.5408,p,-Ir,Agerer Franz,,"D,0214,I,5959,,Sigma 1603",
11073,-0.0085,55336.2007,s,BVR,Wang J J,,",,,,AJ 149.164,XLs-85 cm",
11076,-0.0089,55337.1051,s,BVR,Wang J J,,",,,,AJ 149.164,XLs-85 cm",
11077,-0.0087,55337.2561,p,BVR,Wang J J,,",,,,AJ 149.164,XLs-85 cm",
11079,-0.0078,55338.011,s,V,Itoh Hiroshi,,"J,0051,,,,30SC+DSI-Pro",
11080,-0.0085,55338.1611,p,V,Itoh Hiroshi,,"J,0051,,,,30SC+DSI-Pro",
11280,-0.0088,55398.4813,p,ccd,Blaettler Ernst,,"I,5960,,,,",
12019,-0.0028,55621.5223,s,R,Lehky M.,,"C,0038,E,0160,,25cm+ST7",
12023,-0.0044,55622.5764,p,R,Lehky M.,,"C,0038,E,0165,,25cm+ST7",
12093,-0.0018,55643.8419,s,V,Diethelm Roger,,"I,5992,,,,",
12128,-0.0004,55654.3994,s,ccd,Frank Peter,,"D,0220,I,6010,,EOS 450D",
12129,-0.0052,55654.5454,p,ccd,Frank Peter,,"D,0220,I,6010,,EOS 450D",
12137,-0.0021,55657.1121,s,Rc,Shiokawa Kazuhik,"J,0053,,,,35SC+ST-9E",,
12138,-0.0042,55657.2608,p,Rc,Shiokawa Kazuhik,"J,0053,,,,35SC+ST-9E",,
12232,-0.0024,55685.7641,s,V,Diethelm Roger,,"I,5992,,,,",
12237,-0.0049,55687.1188,p,BVR,Wang J J,,",,,,AJ 149.164,YNO-60 cm",
12237,-0.0019,55687.2726,s,BVR,Wang J J,,",,,,AJ 149.164,YNO-60 cm",
12238,-0.0039,55687.4214,p,-Ir,Agerer Franz,,"D,0220,I,6010,,Sigma 403",
12238,-0.0011,55687.575,s,-Ir,Agerer Franz,,"D,0220,I,6010,,Sigma 403",
13170,-0.0014,55968.6682,s,R,Lehky M.,,"C,0038,E,0160,,25cm+ST7",
13182,-0.0016,55972.2873,s,BVR,Wang J J,,",,,,AJ 149.164,YNO-60 cm",
13183,-0.0024,55972.4373,p,BVR,Wang J J,,",,,,AJ 149.164,YNO-60 cm",
13253,-0.0016,55993.5503,p,R,Lehky M.,,"C,0038,E,0160,,25cm+ST7",
13285,-0.0017,56003.3522,s,V,Yang Y G,,",,,,AJ 145.60,85 cm (XLs)",
13285,-0.0014,56003.3525,s,R,Yang Y G,,",,,,AJ 145.60,85 cm (XLs)",
13298,-0.0002,56007.2745,s,R,Yang Y G,,",,,,AJ 145.60,1.56 m (SHAO",
13302,0.0001,56008.3305,p,R,Yang Y G,,",,,,AJ 145.60,1.56 m (SHAO",
13305,-0.0013,56009.3847,s,-Ir,Agerer Franz,,"D,0228,I,6048,,Sigma 1603",
13306,-0.0002,56009.5366,p,-Ir,Agerer Franz,,"D,0228,I,6048,,Sigma 1603",
13337,-0.0015,56018.8849,p,V,Diethelm Roger,,"I,6029,,,,Astrokolchoz",
13417,-0.0009,56043.1645,s,R,Yang Y G,,",,,,AJ 145.60,85 cm (XLs)",
13417,-0.0008,56043.1646,s,V,Yang Y G,,",,,,AJ 145.60,85 cm (XLs)",
13418,-0.0009,56043.3154,p,V,Yang Y G,,",,,,AJ 145.60,85 cm (XLs)",
13418,-0.0008,56043.3154,p,R,Yang Y G,,",,,,AJ 145.60,85 cm (XLs)",
13465,-0.0013,56057.4903,p,V,Martignoni M,,"I,6091,,,,",
13468,-0.0008,56058.3956,p,V,Martignoni M,,"I,6091,,,,",
13480,-0.0011,56062.1653,s,BVR,Wang J J,,",,,,AJ 149.164,XLs-60 cm",
13481,-0.0008,56062.3164,p,BVR,Wang J J,,",,,,AJ 149.164,XLs-60 cm",
13481,-0.001,56062.467,s,V,Martignoni M,,"I,6091,,,,",
13494,-0.0007,56066.3881,s,V,Martignoni M,,"I,6091,,,,",
13495,-0.0006,56066.539,p,V,Martignoni M,,"I,6091,,,,",
13517,-0.0004,56073.1744,p,BVR,Wang J J,,",,,,AJ 149.164,XLs-85 cm",
13550,-0.0003,56083.2783,s,BVR,Wang J J,,",,,,AJ 149.164,XLs-85 cm",
14320,0.0015,56315.3632,p,BVR,Wang J J,,",,,,AJ 149.164,YNO-60 cm",
14330,0.0013,56318.3791,p,BVR,Wang J J,,",,,,AJ 149.164,YNO-60 cm",
14435,0.0014,56350.1981,s,BVR,Wang J J,,",,,,AJ 149.164,XLs-85 cm",
14436,0.0017,56350.3493,p,BVR,Wang J J,,",,,,AJ 149.164,XLs-85 cm",
14496,0.003,56368.5975,s,ccd,Honkova Katerina,"C,0038,E,0165,,15cm+ST7",,
14512,0.002,56373.2713,p,BVR,Wang J J,,",,,,AJ 149.164,XLs-85 cm",
14596,0.0027,56398.7575,s,VRI,Nelson Robert,,"I,6092,,,,",
14629,0.0036,56408.5605,p,-I,Agerer Franz,,"D,0232,I,6084,,Sigma1603",
14657,0.0023,56417.1549,s,BVR,Wang J J,,",,,,AJ 149.164,XLs-60 cm",
15588,0.0032,56697.9477,s,ccd,Nelson Robert,,"I,6131,,,,33cm+ST10",
15657,0.0048,56718.609,p,R,Lehky M,,,"C,0039,E,0168,,25cm+ST7"
15693,0.0042,56729.617,s,R,Lehky M,,,"C,0039,E,0168,,25cm+ST7"
15752,0.0045,56747.4118,s,-I,Agerer Franz,,"D,0238,I,6149,,Sigma 1603",
15753,0.0041,56747.5622,p,-I,Agerer Franz,,"D,0238,I,6149,,Sigma 1603",
15994,0.0014,56820.3965,s,ccd,Barani C,,",,,,NewAstr39.1,KAF-402",
16999,0.0018,57123.3566,p,-I,Agerer Franz,,"D,0244,I,6196,,Sigma 1603",
16999,0.0037,57123.5093,s,-I,Agerer Franz,,"D,0244,I,6196,,Sigma 1603",
17016,0.0002,57128.4822,p,-I,Agerer Franz,,"D,0244,I,6196,,Sigma 1603",
17036,0.0003,57134.5144,p,R,Lehky M.,,"C,0040,E,0179,,EQ6 + 0.25-m",
17045,0.0026,57137.3819,s,-I,Agerer Franz,,"D,0244,I,6196,,Sigma 1603",
17046,0.0006,57137.5307,p,-I,Agerer Franz,,"D,0244,I,6196,,Sigma 1603",
18130,0.0031,57464.4703,p,-I,Agerer Franz,,"D,0244,I,6196,,Sigma 1603",
18130,0.0013,57464.6193,s,-I,Agerer Franz,,"D,0244,I,6196,,Sigma 1603",
18171,0.0026,57476.8355,p,ccd,Nelson Robert,,"I,6195,,,,33cm+ST10XME",
18249,0.0028,57500.3607,p,-I,Agerer Franz,,"D,0244,I,6196,,Sigma 1603",
18249,0.0033,57500.512,s,-I,Agerer Franz,,"D,0244,I,6196,,Sigma 1603",
19386,0.0051,57843.4359,s,-Ir,Agerer Franz,,"D,0247,I,6244,,1603",
19387,0.0042,57843.5858,p,-Ir,Agerer Franz,,"D,0247,I,6244,,1603",
19389,0.0052,57844.3408,s,-Ir,Agerer Franz,,"D,0247,I,6244,,1603",
19390,0.0062,57844.4926,p,-Ir,Agerer Franz,,"D,0247,I,6244,,1603",
19390,0.0045,57844.6417,s,-Ir,Agerer Franz,,"D,0247,I,6244,,1603",
19592,0.0046,57905.4146,p,I,Lehky M.,,"C,0041,E,0194,,25cm+ST7",
19592,0.0049,57905.415,p,R,Lehky M.,,"C,0041,E,0194,,25cm+ST7",
19592,0.0053,57905.4154,p,V,Lehky M.,,"C,0041,E,0194,,25cm+ST7",
19671,0.0059,57929.3934,s,VRI,Oezavci I,,"E,0203,,,,35cm+Apogee",
20564,0.0066,58198.5743,p,VR,Oezavci I,,"E,0203,,,,35cm+Apogee",
20623,0.0071,58216.3694,p,-Ir,Agerer Franz,,"D,0031,,,,Sigma1603",
20623,0.0079,58216.521,s,-Ir,Agerer Franz,,"D,0031,,,,Sigma1603",
22903,0.0062,58904.173,s,V,Itoh Hiroshi,,"J,0069,,,,12.7SC+ATIK-",
23040,0.0052,58945.4915,s,-Ir,Agerer Franz,,"D,0052,,,,S1603",
