-30993,-0.0078,14718.26,p,pg,Kurochkin N E,,",,D,Lich,PZ 6.309,",
-8649,0.0496,25235.471,s,pg,Steiner-Sohn R,,",,D,Lich,MVS 11.63,",
-8570,-0.0043,25272.366,p,pg,Steiner-Sohn R,,",,D,Lich,MVS 11.63,",
-8449,0.0222,25329.345,p,pg,Steiner-Sohn R,,",,D,Lich,MVS 11.63,",
-8081,0.0622,25502.596,p,pg,Steiner-Sohn R,,",,D,Lich,MVS 11.63,",
-7827,0.085,25622.407,s,pg,Steiner-Sohn R,,",,D,Lich,MVS 11.63,",
-7782,0.1053,25643.373,p,pg,Steiner-Sohn R,,",,D,Lich,MVS 11.63,",
-7769,0.0705,25649.457,p,pg,Steiner-Sohn R,,",,D,Lich,MVS 11.63,",
-7765,0.1107,25651.38,p,pg,Steiner-Sohn R,,",,D,Lich,MVS 11.63,",
-7763,0.0814,25652.292,p,pg,Steiner-Sohn R,,",,D,Lich,MVS 11.63,",
-7723,0.0821,25671.355,s,pg,Steiner-Sohn R,,",,D,Lich,MVS 11.63,",
-7721,0.1137,25672.328,s,pg,Steiner-Sohn R,,",,D,Lich,MVS 11.63,",
-5678,0.0424,26633.625,p,pg,Steiner-Sohn R,,",,D,Lich,MVS 11.63,",
-2504,-0.0023,28127.525,p,pg,Steiner-Sohn R,,",,D,Lich,MVS 11.63,",
0,-0.01,29306.34,s,pg,Kurochkin N E,,",,0,GCVS,PZ 6.309,",
1642,0.0202,30079.23,s,pg,Kurochkin N E,,",,D,Lich,PZ 6.309,",
2973,0.0854,30705.538,p,pg,Steiner-Sohn R,,",,D,Lich,MVS 11.63,",
9060,0.0871,33570.581,p,pg,Steiner-Sohn R,,",,D,Lich,MVS 11.63,",
9808,0.0649,33922.629,p,pg,Steiner-Sohn R,,",,D,Lich,MVS 11.63,",
13706,0.1085,35757.626,s,pg,Steiner-Sohn R,,",,D,Lich,MVS 11.63,",
14465,0.0939,36114.624,p,pg,Steiner-Sohn R,,",,D,Lich,MVS 11.63,",
14569,0.0819,36163.563,p,pg,Steiner-Sohn R,,",,D,Lich,MVS 11.63,",
15512,0.0738,36607.408,p,pg,Steiner-Sohn R,,",,D,Lich,MVS 11.63,",
17596,0.1405,37588.611,s,pg,Steiner-Sohn R,,",,D,Lich,MVS 11.63,",
21724,0.1262,39531.337,p,pg,Steiner-Sohn R,,",,D,Lich,MVS 11.63,",
22457,0.1403,39876.361,p,pg,Steiner-Sohn R,,",,D,Lich,MVS 11.63,",
29242,0.116,43069.914,p,vis,Samolyk G,,",,D,Lich,AVSJ 14.13,",
29271,0.1112,43083.794,s,vis,Samolyk G,,",,D,Lich,AVSJ 14.13,",
29307,0.1016,43100.729,s,vis,Samolyk G,,",,D,Lich,AVSJ 14.13,",
29308,0.1129,43100.976,p,vis,Samolyk G,,",,D,Lich,AVSJ 14.13,",
29333,0.0979,43112.728,p,vis,Samolyk G,,",,D,Lich,AVSJ 14.13,",
29333,0.0989,43112.729,p,pg,Steiner R,,",,,,MVS 11.63,",
29356,0.1102,43123.801,s,vis,Samolyk G,,",,D,Lich,AVSJ 14.13,",
29373,0.0976,43131.79,s,vis,Samolyk G,,",,D,Lich,AVSJ 14.13,",
29445,0.0975,43165.679,s,vis,Samolyk G,,",,D,Lich,AVSJ 14.13,",
29445,0.1065,43165.688,s,vis,Wedemayer G,,",,D,Lich,AVSJ 14.13,",
30021,0.1067,43436.801,s,vis,Samolyk G,,",,D,Lich,AVSJ 14.13,",
30276,0.1128,43556.596,p,vis,Samolyk G,,",,D,Lich,AVSJ 14.13,",
30308,0.0929,43571.638,p,vis,Samolyk G,,",,D,Lich,AVSJ 14.13,",
30962,0.0989,43879.705,s,vis,Samolyk G,,",,D,Lich,AVSJ 14.13,",
31076,0.1102,43933.374,s,pg,Steiner-Sohn R,,",,D,Lich,MVS 11.63,",
31502,0.0986,44133.873,s,vis,Samolyk G,,",,D,Lich,AVSJ 14.13,",
31582,0.0861,44171.515,s,pg,Steiner-Sohn R,,",,D,Lich,MVS 11.63,",
31721,0.1123,44236.731,p,vis,Samolyk G,,",,D,Lich,AVSJ 14.13,",
31758,0.12,44254.389,s,pg,Steiner-Sohn R,,",,D,Lich,MVS 11.63,",
31763,0.0936,44256.481,p,pg,Steiner-Sohn R,,",,D,Lich,MVS 11.63,",
32324,0.1,44520.775,s,vis,Samolyk G,,",,D,Lich,AVSJ 14.13,",
32511,0.0985,44608.791,s,vis,Samolyk G,,",,D,Lich,AVSJ 14.13,",
32566,0.103,44634.683,s,vis,Samolyk G,,",,D,Lich,AVSJ 14.13,",
32643,0.1045,44670.692,p,vis,Samolyk G,,",,D,Lich,AVSJ 14.13,",
33253,0.1055,44957.809,p,vis,Samolyk G,,",,D,Lich,AVSJ 14.13,",
33311,0.1089,44985.347,s,pg,Steiner-Sohn R,,",,D,Lich,MVS 11.63,",
33471,0.1048,45060.652,s,vis,Samolyk G,,",,D,Lich,AVSJ 14.13,",
33977,0.0927,45298.805,s,vis,Samolyk G,,",,D,Lich,AVSJ 14.13,",
34204,0.0949,45405.652,s,vis,Samolyk G,,",,D,Lich,AVSJ 14.13,",
34780,0.094,45676.529,p,pg,Steiner-Sohn R,,",,D,Lich,MVS 11.63,",
34963,0.0952,45762.665,p,vis,Samolyk G,,",,D,Lich,AVSJ 14.13,",
35479,0.0903,46005.532,p,pg,Steiner-Sohn R,,",,D,Lich,MVS 11.63,",
35544,0.108,46036.379,s,pg,Steiner-Sohn R,,",,D,Lich,MVS 11.63,",
35613,0.1079,46068.621,p,vis,Samolyk G,,",,D,Lich,AVSJ 14.13,",
35662,0.0845,46091.661,p,vis,Samolyk G,,",,D,Lich,AVSJ 14.13,",
35710,0.1068,46114.276,p,pg,Steiner-Sohn R,,",,D,Lich,MVS 11.63,",
35774,0.1121,46144.64,s,vis,Samolyk G,,",,D,Lich,AVSJ 14.13,",
36150,0.0997,46321.604,s,pg,Steiner-Sohn R,,",,D,Lich,MVS 11.63,",
36458,0.0996,46466.339,p,pg,Steiner-Sohn R,,",,D,Lich,MVS 11.63,",
36970,0.1375,46707.601,s,pg,Steiner-Sohn R,,",,D,Lich,MVS 11.63,",
37053,0.1159,46746.646,s,pg,Steiner-Sohn R,,",,D,Lich,MVS 11.63,",
37100,0.0858,46768.503,p,pg,Steiner-Sohn R,,",,D,Lich,MVS 11.63,",
39543,0.1127,47918.406,p,vis,Borovicka Jiri,,"C,0031,C,0031,,",
44221,0.0875,50120.2312,p,ccd,Safar Jan,,"C,0032,I,4887,,RL400",
44259,0.0874,50138.352,s,ccd,Safar Jan,,"C,0032,I,4887,,RL400",
44261,0.0855,50139.2915,s,ccd,Safar Jan,,"C,0032,I,4887,,RL400",
44278,0.0879,50147.2955,s,ccd,Safar Jan,,"C,0032,I,4887,,RL400",
44312,0.088,50163.2988,s,ccd,Safar Jan,,"C,0032,I,4887,,RL400",
45609,0.0766,50773.5269,p,ccd,Safar Jan,,"C,0032,I,4887,,RL400",
45749,0.0798,50839.4256,p,ccd,Safar Jan,,"C,0032,I,4888,,RL400",
45800,0.0769,50863.4275,p,ccd,Frank Peter,,"D,0118,I,4712,,",
45804,0.077,50865.3103,p,ccd,Frank Peter,,"D,0118,I,4712,,",
45853,0.0783,50888.375,p,ccd,Safar Jan,,"C,0032,I,4888,,RL400",
45872,0.0786,50897.3183,p,ccd,Frank Peter,,"D,0118,I,4712,,",
45887,0.0751,50904.375,p,ccd,Frank Peter,,"D,0133,I,5017,,5",
46441,0.0743,51165.3671,s,ccd,Frank Peter,,"D,0133,I,5017,,5",
46442,0.0729,51165.6013,p,ccd,Frank Peter,,"D,0133,I,5017,,5",
46465,0.0737,51176.4278,p,ccd,Frank Peter,,"D,0133,I,5017,,5",
46569,0.0716,51225.3767,p,ccd,Frank Peter,,"D,0133,I,5017,,5",
46603,0.0728,51241.381,p,ccd,Safar Jan,,"C,0032,I,5263,,RL400",
47113,0.0705,51481.4266,p,ccd,Safar Jan,,"C,0032,I,5263,,RL400",
47245,0.0707,51543.5568,p,ccd,Zejda Milos,,"C,0032,I,5263,normal min,",
47297,0.0674,51568.264,s,ccd,Frank Peter,,"D,0152,I,5296,,LcCCD11",
47298,0.0664,51568.4986,p,ccd,Frank Peter,,"D,0152,I,5296,,LcCCD11",
47304,0.0668,51571.3231,p,ccd,Frank Peter,,"D,0152,I,5296,,LcCCD11",
47304,0.0642,51571.5555,s,ccd,Frank Peter,,"D,0152,I,5296,,LcCCD11",
47306,0.0699,51572.2676,p,vis,Safar Jan,,"C,0032,,,,RL400",
47334,0.0688,51585.4456,p,vis,Safar Jan,,"C,0032,,,,RL400",
47348,0.0687,51592.27,s,ccd,Safar Jan,,"C,0034,E,0074,,RL400",
47372,0.0672,51603.3299,p,vis,Safar Jan,,"C,0032,,,,RL400",
47408,0.0691,51620.2764,p,ccd,Safar Jan,,"C,0034,E,0074,,RL400",
47421,0.0669,51626.393,p,ccd,Zejda M,,,"I,5287,,,normal min,"
47789,0.0686,51799.6057,p,ccd,Zejda M,,,"I,5287,,,,"
47999,0.0657,51898.446,p,ccd,Safar Jan,,"C,0034,E,0074,,RL400",
48052,0.0636,51923.39,p,ccd,Safar Jan,,"C,0034,E,0074,,RL400",
48054,0.0654,51924.3332,p,ccd,Zejda Milos,,"I,5583,,,,RL400",
48122,0.0644,51956.3386,p,ccd,Safar Jan,,"C,0034,E,0074,,RL400",
48660,0.0601,52209.5612,p,ccd,Hajek P,,,"C,0034,E,0074,,RL300"
48808,0.06,52279.4571,s,-Ir,Frank Peter,,"D,0152,I,5296,,LcCCD11",
48897,0.0588,52321.3465,s,ccdC,Safar Jan,,"C,0034,E,0074,,RL400",
49531,0.0563,52619.5214,p,ccd,Frank Peter,,"D,0158,I,5484,,",
49643,0.057,52672.4735,s,ccd,Zejda Milos,,"I,5583,,,,RL400",
49666,0.0565,52683.2987,s,R,Zejda Milos,,"I,5583,,,,RL400",
49666,0.0582,52683.3004,s,V,Zejda Milos,,"I,5583,,,,RL400",
49690,0.0555,52694.3591,p,V,Zejda Milos,,"I,5583,,,,RL400",
49690,0.056,52694.3596,p,R,Zejda Milos,,"I,5583,,,,RL400",
49690,0.0694,52694.608,s,vis,Stephan Chris,,"W,0902,W,0902,,",
49690,0.0694,52694.608,s,vis,Stephan C,,"A,0011,,,,",
49692,0.0566,52695.3015,p,V,Zejda Milos,,"I,5583,,,,RL400",
49692,0.0573,52695.3022,p,R,Zejda Milos,,"I,5583,,,,RL400",
49751,0.0558,52723.306,s,ccd,Zejda Milos,,"I,5583,,,,RL400",
50300,0.0526,52981.4722,p,R,Kotkova Lenka,,"I,5676,,,,",
50304,0.053,52983.3553,p,R,Zejda Milos,,"I,5583,,,,RL400",
50304,0.0534,52983.3557,p,I,Zejda Milos,,"I,5583,,,,RL400",
50304,0.0538,52983.3561,p,V,Zejda Milos,,"I,5583,,,,RL400",
50304,0.0543,52983.5916,s,R,Zejda Milos,,"I,5583,,,,RL400",
50304,0.0545,52983.5918,s,V,Zejda Milos,,"I,5583,,,,RL400",
50304,0.056,52983.5933,s,I,Zejda Milos,,"I,5583,,,,RL400",
50415,0.0529,53035.6009,p,ccd,Samolyk G,,"A,0011,,,,",
50439,0.0517,53047.1311,s,ccd,Krajci T,,"I,5592,,,,",
51008,0.0506,53314.9481,s,ccd,Samolyk G,,"A,0011,,,,",
51027,0.05,53323.8904,s,ccd,Samolyk G,,"A,0011,,,,",
51122,0.0487,53368.6039,s,ccd,Dvorak S,,"A,0011,,,,",
51156,0.0406,53384.364,p,vis,Locher Kurt,,"E,0003,,,,",
51206,0.048,53408.1405,s,BVR,Zhou Xiao,,",,,,PASJ 70,",
51209,0.0501,53409.3196,p,ccd,Zejda Milos,,"I,5741,,,,RL400",
51213,0.0508,53411.2031,p,BVR,Zhou Xiao,,",,,,PASJ 70,",
51218,0.0476,53413.7883,s,ccd,Samolyk G,,"A,0011,,,,",
51265,0.0497,53435.6774,p,ccd,Samolyk G,,"A,0011,,,,",
51285,0.0493,53445.3257,s,ccd,Zejda Milos,,"I,5741,,,,RL400",
51772,0.0472,53674.5457,s,ccd,Zejda Milos,,"I,5741,,,,RL400",
51863,0.0453,53717.3759,s,-Ir,Agerer Franz,,"D,0178,I,5731,,",
51902,0.0475,53735.7347,s,ccd,Poklar R,,"A,0011,,,,",
51962,0.0453,53763.7384,p,ccd,Samolyk G,,"A,0011,,,,",
52595,0.0421,54061.9119,s,ccd,Samolyk G,,"A,0012,,,,",
52658,0.0417,54091.3295,p,-Ir,Agerer Franz,,"D,0183,I,5761,,ST-6",
52658,0.0413,54091.5641,s,-Ir,Agerer Franz,,"D,0183,I,5761,,ST-6",
52688,0.0424,54105.6856,s,ccd,Poklar R,,"A,0012,,,,",
52692,0.0419,54107.5678,s,ccd,Samolyk G,,"A,0012,,,,",
52693,0.0417,54107.8033,p,ccd,Samolyk G,,"A,0012,,,,",
52768,0.0423,54143.1051,p,Ic,Nakajima Kazuhir,"J,0046,,,*H,20SC+CV-04",,
52816,0.0423,54165.6978,p,ccd,Bialozynski J,,"A,0012,,,,",
52845,0.042,54179.5823,s,ccd,Samolyk G,,"A,0012,,,,",
52858,0.0431,54185.7023,s,ccd,Bialozynski J,,"A,0012,,,,",
53272,0.0406,54380.5621,s,ccd,Van Cauteren Pau,"I,5835,,,,BHO40",,
53476,0.039,54476.3446,p,-Ir,Agerer Franz,,"D,0201,I,5874,,ST-6",
53476,0.0388,54476.5794,s,-Ir,Agerer Franz,,"D,0201,I,5874,,ST-6",
53519,0.0387,54496.5837,p,ccd,Samolyk G,,"A,0079,,,,",
53527,0.0374,54500.3478,p,-Ir,Agerer Franz,,"D,0201,I,5874,,ST-6",
53537,0.0376,54505.2898,s,V,Diethelm Roger,,"B,0166,I,5837,,",
53570,0.0376,54520.5873,p,ccd,Samolyk G,,"A,0079,,,,",
53583,0.0386,54526.7072,p,ccd,Bialozynski J,,"A,0086,,,,",
54165,0.0343,54800.8748,s,V,Diethelm Roger,,"I,5871,,,,",
54260,0.0357,54845.356,p,-Ir,Agerer Franz,,"D,0209,I,5918,,Sig 1603",
54388,0.0363,54905.6039,p,ccd,Samolyk G,,"A,0109,,,,",
54974,0.0337,55181.421,p,ccd,Corfini G,,"C,0037,E,0137,,200mm+UAI",
55146,0.0324,55262.612,s,ccd,Samolyk G,,"A,0130,,,,",
55148,0.0328,55263.5537,s,ccd,Menzies K,,"A,0130,,,,",
55792,0.0297,55566.6698,s,V,Poklar R,,"A,e151,,,,",
55811,0.026,55575.6091,s,V,Diethelm Roger,,"I,5992,,,,",
55930,0.0301,55631.6244,s,V,Samolyk G,,"A,e151,,,,",
56494,0.0279,55896.8518,p,ccd,Diethelm Roger,,"I,6011,,,,Astrokolchoz",
57259,0.023,56256.9186,p,V,Diethelm Roger,,"I,6042,,,,Astrokolchoz",
57293,0.023,56272.9218,p,V,Howell J A,,",,,,,",
57371,0.0235,56309.6355,p,V,Sabo R,,,"A,0042,,,JAAVSO 42,"
57405,0.0229,56325.6381,p,V,Poklar R,,"A,0042,,,JAAVSO 42,",
57973,0.0217,56592.9843,p,V,Sabo R,,,"A,,,,JAAVSO 62,"
58233,0.0191,56715.594,s,V,Menzies K,,"A,,,,JAAVSO 62,",
58746,0.0177,56956.8175,p,V,Manske B,,",,,,,",
59511,0.0175,57316.889,p,V,Sabo R,,,",,,,JAAVSO-43,"
59519,0.0161,57320.8881,s,V,Samolyk G,,",,,,JAAVSO-43,",
59636,0.0171,57375.7239,p,V,Samolyk G,,",,,,JAAVSO-44,",
61062,0.0085,58046.9078,p,V,Samolyk G.,,"A,0461,,,,",
61104,0.0082,58066.9111,s,V,Menzies K.,,"A,0461,,,,",
61284,0.0081,58151.6338,s,V,Samolyk G.,,"A,0462,,,,",
61333,0.008,58174.4621,p,V,Arranz  T.,,"A,0462,,,,",
61335,0.0077,58175.4032,p,V,Arranz  T.,,"A,0462,,,,",
61947,0.0059,58463.6938,s,V,Samolyk G,,"A,,,,JAAVSO 47,",
62044,0.0057,58509.3497,s,V,Arranz T,,"A,,,,JAAVSO 47,",
62070,0.0043,58521.351,p,V,Arranz T,,"A,,,,JAAVSO 47,",
62856,0.0002,58891.538,s,V,Samolyk Gerry,,"A,,,,JAAVSO 48,",
62871,0.0013,58898.3643,p,V,Arranz T,,"A,,,,JAAVSO 48,",
62879,0.0005,58902.364,s,V,Arranz T,,"A,,,,JAAVSO 48,",
