9623,-0.0014,42621.464,p,vis,Diethelm Roger,,"B,0023,B,0023,,",
9924,-0.0166,42993.427,p,vis,Diethelm Roger,,"B,0029,B,0029,,",
10954,0.0002,44266.326,p,vis,Diethelm Roger,,"B,0046,B,0046,,",
11124,-0.0042,44476.409,p,vis,Diethelm Roger,,"B,0049,B,0049,,",
11404,-0.0004,44822.439,p,vis,Slatinsky A,,"C,0026,C,0026,,",
11404,0.0096,44822.449,p,vis,Wagner V,,"C,0026,C,0026,,",
11404,0.0126,44822.452,p,vis,Manek J,,,"C,0026,C,0026,,"
11455,0.0144,44885.48,p,vis,Silhan Jindrich,,"C,0026,C,0026,,",
11705,-0.0026,45194.415,p,vis,Slatinsky A,,"C,0026,C,0026,,",
11705,0.0184,45194.436,p,vis,Wagner V,,"C,0026,C,0026,,",
11998,0.0046,45556.514,p,vis,Pospisilova J,,"C,0026,C,0026,,",
11998,0.0046,45556.514,p,vis,Neugebauer P,,"C,0026,C,0026,,",
11998,0.0076,45556.517,p,vis,Svoboda V,,"C,0026,C,0026,,",
11998,0.0116,45556.521,p,vis,Varady M,,"C,0026,C,0026,,",
11998,0.0136,45556.523,p,vis,Zejda M.,,"C,0026,C,0026,,",
11998,0.0196,45556.529,p,vis,Troubil Petr,,"C,0026,C,0026,,",
12002,0.0054,45561.458,p,vis,Wagner V,,"C,0026,C,0026,,",
12048,0.0012,45618.301,p,vis,Wagner V,,"C,0026,C,0026,,",
12107,-0.0015,45691.211,p,vis,Locher Kurt,,"B,0070,B,0070,,",
12214,-0.0059,45823.438,p,vis,Locher Kurt,,"B,0072,B,0072,,",
12248,-0.0034,45865.458,p,vis,Locher Kurt,,"B,0072,B,0072,,",
12252,-0.0066,45870.398,p,vis,Germann R,,"B,0072,B,0072,,",
12252,0.0104,45870.415,p,vis,Locher Kurt,,"B,0072,B,0072,,",
12286,0.0069,45912.429,p,vis,Borovicka Jiri,,"C,0027,C,0027,,",
12286,0.0089,45912.431,p,vis,Kobzova E,,"C,0027,C,0027,,",
12286,0.0109,45912.433,p,vis,Silhan Jindrich,,"C,0027,C,0027,,",
12286,0.0169,45912.439,p,vis,Svoboda V,,"C,0027,C,0027,,",
12286,0.0199,45912.442,p,vis,Kalab L,,,"C,0027,C,0027,,"
12286,0.0199,45912.442,p,vis,Cervinka T,,"C,0027,C,0027,,",
12286,0.0229,45912.445,p,vis,Rexa J,,,"C,0027,C,0027,,"
12286,0.0229,45912.445,p,vis,Zejda M.,,"C,0027,C,0027,,",
12312,-0.0061,45944.547,p,vis,Suchan P,,"C,0027,C,0027,,",
12312,-0.0031,45944.55,p,vis,Nemrava M,,"C,0027,C,0027,,",
12312,-0.0021,45944.551,p,vis,Borovicka Jiri,,"C,0027,C,0027,,",
12312,-0.0021,45944.551,p,vis,Zahajsky J,,"C,0027,C,0027,,",
12625,0.001,46331.362,p,vis,Locher Kurt,,"B,0078,B,0078,,",
12650,-0.0012,46362.255,p,vis,Locher Kurt,,"B,0078,B,0078,,",
12850,-0.0038,46609.414,p,vis,Germann R,,"B,0080,B,0080,,",
12927,-0.002,46704.573,p,vis,Wagner V,,"C,0028,C,0028,,",
12960,-0.0027,46745.354,p,vis,Locher Kurt,,"B,0082,B,0082,,",
13164,-0.0045,46997.457,p,vis,Brazda Boh,,"C,0030,C,0030,,",
13164,-0.0045,46997.457,p,vis,Jechumtal M,,"C,0030,C,0030,,",
13164,-0.0025,46997.459,p,vis,Borovicka Jiri,,"C,0030,C,0030,,",
13164,-0.0025,46997.459,p,vis,Benes D,,,"C,0030,C,0030,,"
13164,0.0007,46997.4622,p,vis,Dolejsi K,,"C,0030,C,0030,,",
13164,0.0045,46997.466,p,vis,Stork R,,,"C,0030,C,0030,,"
13168,0.0063,47002.411,p,vis,Locher Kurt,,"B,0084,B,0084,,",
13198,-0.006,47039.473,p,vis,Kucera Petr ZD,,"C,0030,C,0030,,",
13198,-0.006,47039.473,p,vis,Troubil Petr,,"C,0030,C,0030,,",
13244,-0.0083,47096.3179,p,vis,Dedoch A,,"C,0030,C,0030,,",
13465,0.0063,47369.446,p,vis,Locher Kurt,,"B,0089,B,0089,,",
13469,0.003,47374.386,p,vis,Peter H,,,"B,0089,B,0089,,"
13600,0.0162,47536.29,p,vis,Peter H,,,"B,0091,B,0091,,"
13703,-0.014,47663.548,p,vis,Locher Kurt,,"B,0092,B,0092,,",
13766,0.0061,47741.424,p,vis,Peter H,,,"B,0092,B,0092,,"
13817,0.0009,47804.445,p,vis,Peter H,,,"B,0093,B,0093,,"
13834,-0.0089,47825.444,p,vis,Vavrincova J,,"C,0030,C,0030,,",
13834,-0.0039,47825.449,p,vis,Peter H,,,"B,0093,B,0093,,"
13847,-0.0004,47841.518,p,vis,Hroch F,,,"C,0030,C,0030,,"
14050,-0.0074,48092.38,p,vis,Peter H,,,"B,0096,B,0096,,"
14067,0.0099,48113.406,p,vis,Peter H,,,"B,0096,B,0096,,"
14118,0.0177,48176.44,p,vis,Peter H,,,"B,0096,B,0096,,"
14139,-0.0043,48202.37,p,vis,Locher Kurt,,"B,0097,B,0097,,",
14326,-0.0044,48433.466,p,vis,Peter H,,,"B,0098,B,0098,,"
14339,-0.0259,48449.51,p,vis,Hroch F,,,"C,0031,C,0031,,"
14364,0.0059,48480.437,p,vis,Peter H,,,"B,0098,B,0098,,"
14364,0.0199,48480.451,p,vis,Locher Kurt,,"B,0098,B,0098,,",
14390,-0.0049,48512.5572,p,vis,Neureiterova Eva,"C,0031,C,0031,,",,
14415,-0.0114,48543.4459,p,vis,Egyhazi Z,,"C,0031,C,0031,,",
14419,0.0074,48548.408,p,vis,Peter H,,,"B,0099,B,0099,,"
14593,0.0079,48763.439,p,vis,Locher Kurt,,"B,0101,B,0101,,",
14665,-0.0043,48852.405,p,vis,Peter H,,,"B,0102,B,0102,,"
14690,0.0195,48883.324,p,vis,Peter H,,,"B,0102,B,0102,,"
14724,-0.006,48925.316,p,vis,Peter H,,,"B,0102,B,0102,,"
14903,-0.0256,49146.506,p,vis,Locher Kurt,,"B,0104,B,0104,,",
14928,-0.006,49177.4208,p,vis,Koss Karel,,"C,0031,C,0031,,",
14928,0.0032,49177.43,p,vis,Stepan P,,"C,0031,C,0031,,",
14928,0.0032,49177.43,p,vis,Hajek P,,,"C,0031,C,0031,,"
14928,0.0082,49177.435,p,vis,Peter H,,,"B,0104,B,0104,,"
14945,0.0024,49198.438,p,vis,Peter H,,,"B,0104,B,0104,,"
14958,-0.0221,49214.479,p,vis,Dedoch A,,"C,0031,C,0031,,",
14958,-0.0161,49214.485,p,vis,Zahajsky J,,"C,0031,C,0031,,",
14958,-0.0132,49214.4879,p,vis,Adamek P,,"C,0031,C,0031,,",
14958,-0.0062,49214.4949,p,vis,"Dvorak J., B.",,"C,0031,C,0031,,",
14970,-0.0118,49229.319,p,vis,Peter H,,,"B,0105,B,0105,,"
15229,0.001,49549.406,p,vis,Peter H,,,"B,0107,B,0107,,"
15238,-0.0153,49560.512,p,vis,Locher Kurt,,"B,0107,B,0107,,",
15509,-0.0043,49895.427,p,vis,Peter H,,,"B,0109,B,0109,,"
15518,-0.0205,49906.533,p,vis,Locher Kurt,,"B,0109,B,0109,,",
15581,-0.0204,49984.389,p,vis,Locher Kurt,,"B,0110,B,0110,,",
15678,-0.0218,50104.261,p,vis,Locher Kurt,,"B,0111,B,0111,,",
15683,-0.0139,50110.448,p,vis,Kohl Michael,,"B,0111,B,0111,,",
15823,-0.0234,50283.4516,p,vis,Mueller J,,"C,0032,,,,RF160",
15823,0.0037,50283.4787,p,vis,Koss Karel,,"C,0032,,,,RF160",
15823,0.0072,50283.4822,p,vis,Cechal J,,"C,0032,,,,RF160",
15848,-0.0062,50314.364,p,vis,Peter H,,,"B,0113,B,0113,,"
15971,-0.0326,50466.342,p,vis,Locher Kurt,,"B,0114,B,0114,,",
16141,-0.0249,50676.437,p,ccd,Paschke Anton,,"B,0116,B,0116,,",
16145,-0.0272,50681.378,p,vis,Peter H,,,"B,0115,B,0115,,"
16162,-0.0179,50702.396,p,vis,Peter H,,,"B,0116,B,0116,,"
16204,-0.0318,50754.286,p,vis,Peter H,,,"B,0116,B,0116,,"
16204,-0.0248,50754.293,p,vis,Locher Kurt,,"B,0116,B,0116,,",
16204,-0.018,50754.2998,p,vis,Netolicky M,,"C,0032,,,,RF150",
16467,-0.0203,51079.315,p,,Locher Kurt,,"B,0119,B,0119,,",
16626,-0.0378,51275.791,p,ccd,Paschke Anton,,"0,home,,,,Rotse",
16726,-0.0254,51399.3842,p,vis,Zahajsky J,,"C,0032,,,,RL203",
16785,-0.0343,51472.288,p,ccd,Raetz Kerstin,,"D,0132,I,5016,  GCVS 85,1",
16794,-0.0196,51483.425,p,,Locher Kurt,,"B,0121,B,0121,,",
16934,-0.0247,51656.433,p,vis,Locher Kurt,,"B,0122,B,0122,,",
16951,-0.0262,51677.4402,p,vis,Zahajsky J,,"C,0034,E,0074,,RL235",
17036,-0.0309,51782.4792,p,,Raetz Manfred,,"D,0152,I,5296,,ST-6",
17095,-0.0228,51855.4,p,,Locher Kurt,,"B,0124,B,0124,,",
17252,-0.0312,52049.4134,p,vis,Prochazkova B,,"C,0034,E,0074,,RF200",
17278,-0.0226,52081.553,p,vis,Locher Kurt,,"B,0125,B,0125,,",
17307,-0.0221,52117.392,p,vis,Locher Kurt,,"B,0126,B,0126,,",
17320,-0.0293,52133.4503,p,vis,Novotna Pe,,"C,0034,E,0074,,RF160",
17371,-0.0223,52196.4834,p,ccd,Motl D,,,"C,0034,E,0074,,RL300"
17388,-0.0285,52217.486,p,ccd,Diethelm Roger,,"B,0127,B,0127,,",
17503,-0.0344,52359.598,p,vis,Locher Kurt,,"B,0127,B,0127,,",
17545,-0.0264,52411.51,p,vis,Locher Kurt,,"B,0128,B,0128,,",
17910,-0.0173,52862.589,p,vis,Locher Kurt,,"B,0130,I,5543,,",
17936,-0.0208,52894.7165,p,V,Dvorak S W,,"I,5502,,,,",
18009,-0.0167,52985.5526,s,V,Lacy C H,,"I,5577,,,,",
18125,-0.0214,53128.9016,s,V,Lacy C H,,"I,5577,,,,",
18175,-0.0134,53190.7,s,V,Lacy C H,,"I,5577,,,,",
18182,-0.0187,53198.7274,p,V,Lacy C H,,"I,5577,,,,",
18199,-0.0192,53219.7356,p,V,Lacy C H,,"I,5577,,,,",
18207,-0.0189,53229.6224,p,V,Lacy C H,,"I,5577,,,,",
18224,-0.018,53250.632,p,vis,Locher Kurt,,"E,0003,,,,",
18227,-0.0188,53254.3386,p,ccd,Walter Frank,,"D,0173,I,5657,,",
18310,-0.0158,53357.5317,s,V,Lacy C H,,"I,5670,,,,URSA",
18478,-0.0242,53564.521,p,vis,Locher Kurt,,"E,0003,,,,",
18550,-0.0151,53653.5083,p,ccd,Zejda Milos,,"I,5741,,,,RL400",
19005,-0.017,54216.417,s,-Ir,Agerer Franz,,"D,0186,I,5802,,ST-6",
19445,-0.0116,54759.56,p,ccd,Paschke Anton,,"E,0116,,,,50mm+G1",
19699,-0.0074,55073.4594,p,ccd,Ogmen Y,,,"A,0109,,,,"
20577,0.0014,56158.5076,p,-I,Agerer Franz,,"D,0231,I,6070,,Sigma1603",
20878,-0.0017,56530.4827,p,BVRI,Liakos A,,"I,6095,,,,T3+C3",
22320,-0.0112,58312.5084,p,-Ir,Agerer Franz,,"D,0033,,,,Sigma 1603",
22625,-0.0095,58689.4315,p,-Ir,Agerer Franz,,"D,0033,,,,Sigma 1603",
