12538,-0.0005,46175.35,p,vis,Silhan Jindrich,,"C,0027,C,0027,,",
12538,0.0105,46175.361,p,vis,Troubil Petr,,"C,0027,C,0027,,",
12538,0.0145,46175.365,p,vis,Lupac S,,,"C,0027,C,0027,,"
12698,0.0009,46386.484,p,vis,Silhan Jindrich,,"C,0027,C,0027,,",
12989,0.0084,46770.489,p,vis,Borovicka Jiri,,"C,0028,C,0028,,",
13070,0.0135,46877.38,p,vis,Locher Kurt,,"B,0083,B,0083,,",
13258,0.0066,47125.454,p,vis,Locher Kurt,,"B,0086,B,0086,,",
13311,-0.0011,47195.384,p,vis,Locher Kurt,,"B,0087,B,0087,,",
13484,-0.0032,47423.669,p,vis,Locher Kurt,,"B,0089,B,0089,,",
13496,0.0028,47439.51,p,vis,Dedoch A,,"C,0030,C,0030,,",
13580,-0.0048,47550.347,p,vis,Dedoch A,,"C,0030,C,0030,,",
13608,0,47587.3,p,vis,Locher Kurt,,"B,0091,B,0091,,",
13790,0.0086,47827.472,p,vis,Hroch F,,,"C,0030,C,0030,,"
13806,-0.0007,47848.576,p,vis,Dedoch A,,"C,0030,C,0030,,",
13806,0.0055,47848.5822,p,vis,Hroch F,,,"C,0030,C,0030,,"
13815,0.0041,47860.457,p,vis,Manek J,,,"C,0030,C,0030,,"
13855,0.012,47913.248,p,vis,Locher Kurt,,"B,0094,B,0094,,",
14118,0.0107,48260.296,p,vis,Locher Kurt,,"B,0097,B,0097,,",
14582,0.011,48872.581,p,vis,Locher Kurt,,"B,0102,B,0102,,",
14722,0.005,49057.316,p,vis,Locher Kurt,,"B,0103,B,0103,,",
14722,0.013,49057.324,p,vis,Peter H,,,"B,0103,B,0103,,"
15201,0.0026,49689.392,p,vis,Locher Kurt,,"B,0108,B,0108,,",
15201,0.0086,49689.398,p,vis,Dedoch A,,"C,0031,C,0031,,",
15201,0.0106,49689.4,p,vis,Borovicka Jiri,,"C,0031,C,0031,,",
15467,0.0066,50040.404,p,vis,Locher Kurt,,"B,0111,B,0111,,",
15737,0.0063,50396.69,p,vis,Locher Kurt,,"B,0114,B,0114,,",
15830,-0.0016,50519.403,p,vis,Peter H,,,"B,0114,B,0114,,"
15858,0.0022,50556.355,p,vis,Peter H,,,"B,0115,B,0115,,"
15984,-0.0037,50722.616,p,vis,Locher Kurt,,"B,0116,B,0116,,",
16253,-0.0035,51077.583,p,vis,Locher Kurt,,"B,0119,B,0119,,",
16384,0.0017,51250.453,p,vis,Locher Kurt,,"B,0120,B,0120,,",
16526,-0.0016,51437.83,p,ccd,Paschke Anton,,"0,home,,,,Rotse",
16609,0.0104,51547.367,p,vis,Locher Kurt,,"B,0122,B,0122,,",
16875,0.0114,51898.376,p,vis,Locher Kurt,,"B,0124,B,0124,,",
16894,-0.0047,51923.4319,p,ccd,Quester Wolfgang,"D,0152,I,5296,,ST-7",,
16919,-0.0091,51956.417,p,vis,Banuscher Dietma,"D,0154,,,,",,
16944,-0.0053,51989.4103,p,ccd,Achterberg Herbe,"D,0152,I,5296,,ST-6",,
17104,-0.0002,52200.548,p,vis,Locher Kurt,,"B,0126,B,0126,,",
17142,-0.0069,52250.6853,p,V,Lacy C H,,"I,5487,,,,",
17144,0.0056,52253.337,p,vis,Locher Kurt,,"B,0127,B,0127,,",
17152,-0.0069,52263.8811,p,V,Lacy C H,,"I,5487,,,,",
17163,-0.0074,52278.396,p,ccd,Jungbluth Hans,,"D,0152,I,5296,,ST-7",
17166,-0.0068,52282.3553,p,ccd,Blaettler Ernst,,"B,0127,B,0127,,",
17177,-0.0075,52296.87,p,V,Lacy C H,,"I,5487,,,,",
17213,-0.0071,52344.3752,p,ccd,Jungbluth Hans,,"D,0158,I,5484,,",
17213,-0.0069,52344.3754,p,V,Monninger Gerold,"D,0158,I,5484,,",,
17389,0.0078,52576.636,p,vis,Locher Kurt,,"B,0129,I,5438,,",
17420,-0.0087,52617.5265,p,ccd,Jungbluth Hans,,"D,0158,I,5484,,",
17421,-0.0095,52618.8453,p,ccd,Nelson Robert,,"I,5371,,,,",
17476,-0.0122,52691.4194,p,-Ir,Raetz Manfred,,"D,0172,I,5643,,",
17480,-0.0078,52697.3621,s,ccd,Jungbluth Hans,,"D,0158,I,5484,,",
17633,-0.0105,52898.595,p,vis,Locher Kurt,,"B,0130,I,5543,,",
17662,-0.011,52936.8623,p,ccd,Nelson Robert,,"I,5493,,,,",
17704,-0.0123,52992.2833,p,ccd,Schmidt Ulrich,,"D,0172,I,5643,,",
17899,-0.0125,53249.601,p,vis,Locher Kurt,,"E,0003,,,,",
17964,-0.0108,53335.3754,p,V,Monninger G,,"D,0178,I,5731,,",
17983,-0.0106,53360.4476,p,V,Monninger G,,"D,0178,I,5731,,",
17983,-0.0091,53360.4491,p,ccd,Jungbluth Hans,,"D,0173,I,5657,,",
18020,-0.0104,53409.2722,p,ccd,Blaettler Ernst,,"B,0131,I,5653,,",
18190,-0.0117,53633.5994,p,R,Lehky Martin,,"C,0036,E,0107,,400/2000 ST7",
18190,-0.0114,53633.5996,p,V,Monninger G,,"D,0178,I,5731,,",
18252,-0.0125,53715.4124,p,-Ir,Raetz Manfred,,"D,0178,I,5731,,",
18327,-0.0133,53814.38,p,-Ir,Raetz M,,,"D,0186,I,5802,,ST-6"
18330,-0.0133,53818.3388,p,ccd,Achterberg H,,"D,0183,I,5761,,ST-6",
18462,-0.0149,53992.5216,p,R,Lehky Martin,,"C,0036,E,0107,,400/2000 ST7",
18621,-0.0137,54202.3359,p,-Ir,Raetz Manfred,,"D,0201,I,5874,,ST-6",
18813,-0.0128,54455.6959,p,ccd,Agerer Franz,,"D,0201,I,5874,,ST-6",
18838,-0.0107,54489.3475,s,R,Kocian Radek,,"E,0094,C,0035,,SCT 305/990+",
19098,-0.0166,54832.4321,s,-Ir,Agerer Franz,,"D,0209,I,5918,,Sig 1603",
19100,-0.0132,54834.4147,p,ccd,Pagel L,,,"D,0203,I,5889,,Artemis 4021"
19103,-0.0124,54838.3742,p,-U-I,Raetz M,,,"D,0214,I,5959,,ST-6"
19117,-0.0174,54857.5033,s,-Ir,Agerer Franz,,"D,0209,I,5918,,Sig 1603",
19592,-0.0083,55483.6524,p,R,Lehky M,,,"C,0037,E,0137,,250mm+ST7"
19683,-0.0069,55603.7356,p,V,Diethelm Roger,,"I,5992,,,,",
19714,-0.0055,55645.304,s,R,Lehky M.,,"C,0038,E,0160,,25cm+ST7",
19980,-0.0088,55996.3086,s,R,Lehky M.,,"C,0038,E,0160,,25cm+ST7",
19982,-0.0024,55998.2942,p,R,Lehky M.,,"C,0038,E,0160,,25cm+ST7",
20130,-0.002,56193.5922,p,ccd,Trnka J.,,"C,0038,E,0160,,20cm+ST9E",
20178,-0.0026,56256.9315,p,V,Diethelm Roger,,"I,6042,,,,Astrokolchoz",
20444,0.0023,56608.6043,s,R,Lehky M,,,"C,0039,,,,25cm+ST7"
20514,0.0002,56700.3128,p,R,Lehky M,,,"C,0039,,,,25cm+ST7"
20536,0.0011,56729.3444,p,ccd,Jungbluth H,,"D,0238,I,6149,,ST-7",
20536,0.0012,56729.3445,p,V,Raetz M,,,"D,0241,I,6157,,G2-1600"
20797,-0.001,57074.4124,s,V,Vrastak M.,,"C,0040,E,0179,,0,24-m f/5 R",
20797,-0.0007,57074.4127,s,R,Vrastak M.,,"C,0040,E,0179,,0,24-m f/5 R",
20797,0,57074.4135,s,I,Vrastak M.,,"C,0040,E,0179,,0,24-m f/5 R",
20799,0.0025,57076.3951,p,ccd,JU,,,"D,0239,I,6152,,ST-7"
21310,0.0073,57751.3648,s,ccd,Cervinka L.,,"C,0041,E,0194,,102+Atik314L",
