-21930,-0.0535,26987.413,p,pg,Reim W,,,",,D,Lich,KVB 17.2,"
-21832,-0.0716,27061.254,p,pg,Reim W,,,",,D,Lich,KVB 17.2,"
-21386,-0.0797,27397.38,p,pg,Reim W,,,",,D,Lich,KVB 17.2,"
-21288,-0.0518,27471.267,p,pg,Reim W,,,",,D,Lich,KVB 17.2,"
-21005,-0.0617,27684.544,p,pg,Reim W,,,",,D,Lich,KVB 17.2,"
-20059,-0.0398,28397.532,p,pg,Reim W,,,",,D,Lich,KVB 17.2,"
-19478,-0.0476,28835.403,p,pg,Reim W,,,",,D,Lich,KVB 17.2,"
-19003,-0.077,29193.364,p,pg,Reim W,,,",,D,Lich,KVB 17.2,"
-10348,-0.0259,35716.377,p,vis,Reim W,,,",,D,Lich,KVB 17.2,"
-10340,-0.0222,35722.41,p,vis,Reim W,,,",,D,Lich,KVB 17.2,"
-10336,-0.0269,35725.42,p,vis,Reim W,,,",,D,Lich,KVB 17.2,"
-10311,-0.0315,35744.257,p,vis,Zessewitsch V P,,",,D,Lich,AC 174.16,",
-10308,-0.0225,35746.527,p,vis,Zessewitsch V P,,",,D,Lich,AC 174.16,",
-10304,-0.0241,35749.54,p,vis,Zessewitsch V P,,",,D,Lich,AC 174.16,",
-5956,-0.0172,39026.478,p,pg,Haeussler Klaus,,"D,H084,,,HBZ 084,",
-5952,-0.0079,39029.502,p,pg,Haeussler Klaus,,"D,H084,,,HBZ 084,",
-5919,-0.0268,39054.354,p,pg,Haeussler Klaus,,"D,H084,,,HBZ 084,",
-5915,-0.0084,39057.387,p,pg,Haeussler Klaus,,"D,H084,,,HBZ 084,",
-5874,-0.0207,39088.275,p,pg,Haeussler Klaus,,"D,H084,,,HBZ 084,",
-5797,-0.0298,39146.298,p,pg,Haeussler Klaus,,"D,H084,,,HBZ 084,",
-5485,0.007,39381.478,p,pg,Haeussler Klaus,,"D,H084,,,HBZ 084,",
-3549,-0.0035,40840.561,p,vis,Silhan Jindrich,,"C,0012,C,0012,,",
-3536,-0.0011,40850.361,p,vis,Silhan Jindrich,,"C,0012,C,0012,,",
-3516,-0.0034,40865.432,p,vis,Locher Kurt,,"B,..26,B,..26,Ori 121,",
-3483,0.0037,40890.31,p,vis,Silhan Jindrich,,"C,0012,D,Lich,,",
-2542,-0.0231,41599.481,p,pg,Haeussler Klaus,,"D,H084,,,HBZ 084,",
-2542,-0.0231,41599.481,p,pg,Haeussler Klaus,,",,D,Lich,HABZ 84,",
-69,0.0094,43463.3246,p,vis,Karlovsky V,,"C,0021,C,0021,,",
-33,0.0029,43490.45,p,vis,Karlovsky V,,"C,0021,C,0021,,",
-8,0.0013,43509.29,p,vis,Peter H,,,"B,0036,B,0036,,"
0,-0.008,43515.31,p,vis,Peter H,,,"B,0036,B,0036,,"
41,0.005,43546.2232,p,vis,Karlovsky V,,"C,0023,C,0023,,",
49,0.0025,43552.25,p,vis,Locher Kurt,,"B,0036,B,0036,,",
53,-0.0052,43555.257,p,vis,Locher Kurt,,"B,0036,B,0036,,",
279,-0.0073,43725.583,p,vis,Locher Kurt,,"B,0038,B,0038,,",
746,-0.0093,44077.542,p,vis,Locher Kurt,,"B,0044,B,0044,,",
791,0.005,44111.4712,p,vis,Silhan Jindrich,,"C,0023,C,0023,,",
820,0.0025,44133.325,p,vis,Locher Kurt,,"B,0045,B,0045,,",
1360,-0.001,44540.3,p,vis,Diethelm Roger,,"B,0051,B,0051,,",
1364,0.0003,44543.316,p,vis,Peter H,,,"B,0051,B,0051,,"
1380,-0.0023,44555.372,p,vis,Peter H,,,"B,0051,B,0051,,"
1421,0.0015,44586.276,p,vis,Peter H,,,"B,0052,B,0052,,"
1441,0.0032,44601.351,p,vis,Peter H,,,"B,0052,B,0052,,"
1445,0.0025,44604.365,p,vis,Peter H,,,"B,0052,B,0052,,"
1449,0.0019,44607.379,p,vis,Peter H,,,"B,0052,B,0052,,"
1486,-0.0057,44635.257,p,vis,Locher Kurt,,"B,0052,B,0052,,",
1490,-0.0054,44638.272,p,vis,Locher Kurt,,"B,0053,B,0053,,",
1498,-0.0027,44644.304,p,vis,Peter H,,,"B,0053,B,0053,,"
1781,-0.0086,44857.585,p,vis,Locher Kurt,,"B,0056,B,0056,,",
1928,-0.0062,44968.376,p,vis,Locher Kurt,,"B,0058,B,0058,,",
2228,-0.0054,45194.476,p,vis,Locher Kurt,,"B,0062,B,0062,,",
2306,-0.0082,45253.259,p,vis,Locher Kurt,,"B,0063,B,0063,,",
2322,0.0086,45265.3344,p,vis,Silhan Jindrich,,"C,0026,C,0026,,",
2326,-0.0095,45268.331,p,vis,Locher Kurt,,"B,0063,B,0063,,",
2391,-0.0206,45317.308,p,vis,Mavrofridis G,,"B,0064,B,0064,,",
2395,-0.0123,45320.331,p,vis,Mavrofridis G,,"B,0064,B,0064,,",
2715,-0.0011,45561.5147,p,vis,Silhan Jindrich,,"C,0026,C,0026,,",
2715,0.0024,45561.5182,p,vis,Troubil Petr,,"C,0026,C,0026,,",
2752,-0.0093,45589.392,p,vis,Stoikidis N,,"B,0068,B,0068,,",
2797,-0.0082,45623.308,p,vis,Stoikidis N,,"B,0069,B,0069,,",
2797,-0.0082,45623.308,p,vis,Mavrofridis G,,"B,0069,B,0069,,",
2813,-0.0028,45635.372,p,vis,Peter H,,,"B,0069,B,0069,,"
2821,-0.0031,45641.401,p,vis,Peter H,,,"B,0069,B,0069,,"
2862,-0.0025,45672.3019,p,vis,Silhan Jindrich,,"C,0026,C,0026,,",
2862,0.0079,45672.3123,p,vis,Polloczek R,,"C,0026,C,0026,,",
2870,-0.0097,45678.324,p,vis,Mavrofridis G,,"B,0071,B,0071,,",
3000,-0.001,45776.309,p,vis,Locher Kurt,,"B,0071,B,0071,,",
3186,-0.0065,45916.485,p,vis,Locher Kurt,,"B,0073,B,0073,,",
3284,0.0051,45990.3557,p,vis,Krejci R,,"C,0027,C,0027,,",
3304,-0.0139,46005.41,p,vis,Locher Kurt,,"B,0074,B,0074,,",
3336,-0.0141,46029.527,p,vis,Mavrofridis G,,"B,0074,B,0074,,",
3341,-0.0014,46033.308,p,vis,Peter H,,,"B,0074,0,GCVS,,"
3398,-0.0083,46076.26,p,vis,Locher Kurt,,"B,0075,B,0075,,",
3726,-0.0049,46323.4652,p,vis,Silhan Jindrich,,"C,0027,C,0027,,",
3726,-0.0042,46323.4659,p,vis,Novak P,,,"C,0027,C,0027,,"
3726,-0.0014,46323.4687,p,vis,Troubil Petr,,"C,0027,C,0027,,",
4311,-0.0055,46764.358,p,vis,Peter H,,,"B,0082,B,0082,,"
4384,-0.004,46819.377,p,vis,Peter H,,,"B,0083,B,0083,,"
4676,-0.0099,47039.441,p,vis,Peter H,,,"B,0085,B,0085,,"
4741,-0.008,47088.431,p,vis,Peter H,,,"B,0086,B,0086,,"
4822,-0.0118,47149.474,p,vis,Locher Kurt,,"B,0086,B,0086,,",
4831,-0.0038,47156.265,p,vis,Peter H,,,"B,0086,B,0086,,"
4859,-0.0054,47177.366,p,vis,Peter H,,,"B,0087,B,0087,,"
4904,0.0017,47211.288,p,vis,Peter H,,,"B,0087,B,0087,,"
5175,-0.0092,47415.52,p,vis,Locher Kurt,,"B,0089,B,0089,,",
5175,-0.0018,47415.5274,p,vis,Santler R,,"C,0030,C,0030,,",
5175,0.0003,47415.5295,p,vis,Kucera Petr ZD,,"C,0030,C,0030,,",
5248,-0.0039,47470.5428,p,vis,Santler R,,"C,0030,C,0030,,",
5248,0.001,47470.5477,p,vis,Haska O,,,"C,0030,C,0030,,"
5249,-0.0043,47471.296,p,vis,Locher Kurt,,"B,0090,B,0090,,",
5257,-0.0016,47477.328,p,vis,Blaettler Ernst,,"B,0090,B,0090,,",
5318,-0.0122,47523.291,p,vis,Peter H,,,"B,0090,B,0090,,"
5322,-0.0128,47526.305,p,vis,Peter H,,,"B,0090,B,0090,,"
5326,-0.0065,47529.326,p,vis,Peter H,,,"B,0091,B,0091,,"
5334,-0.0018,47535.36,p,vis,Peter H,,,"B,0091,B,0091,,"
5646,-0.0075,47770.4974,p,vis,Beck O,,,"C,0030,C,0030,,"
5646,-0.0068,47770.4981,p,vis,Kolarova H,,"C,0030,C,0030,,",
5646,-0.0061,47770.4988,p,vis,Santolik O,,"C,0030,C,0030,,",
5801,-0.0129,47887.31,p,vis,Blaettler Ernst,,"B,0094,B,0094,,",
5837,-0.0078,47914.447,p,vis,Peter H,,,"B,0094,B,0094,,"
6166,-0.0042,48162.406,p,vis,Peter H,,,"B,0096,B,0096,,"
6219,-0.0124,48202.342,p,vis,Peter H,,,"B,0097,B,0097,,"
6219,0.0016,48202.356,p,vis,Locher Kurt,,"B,0097,B,0097,,",
6296,-0.0075,48260.379,p,vis,Peter H,,,"B,0097,B,0097,,"
6584,0.0122,48477.454,p,vis,Locher Kurt,,"B,0098,B,0098,,",
6588,-0.0038,48480.4526,p,vis,Lubena L,,"C,0031,C,0031,,",
6588,-0.0003,48480.4561,p,vis,Vrastak M,,"C,0031,C,0031,,",
6588,0.001,48480.4574,p,vis,Tichy Mar,,"C,0031,C,0031,,",
6588,0.0017,48480.4581,p,vis,Hajek P,,,"C,0031,C,0031,,"
6637,-0.005,48517.381,p,vis,Peter H,,,"B,0099,B,0099,,"
6665,-0.0086,48538.48,p,vis,Peter H,,,"B,0099,B,0099,,"
6816,-0.0068,48652.285,p,vis,Peter H,,,"B,0100,B,0100,,"
7164,-0.0109,48914.556,p,vis,Locher Kurt,,"B,0102,B,0102,,",
7238,-0.002,48970.336,p,vis,Peter H,,,"B,0103,B,0103,,"
7693,-0.0062,49313.249,p,vis,Locher Kurt,,"B,0105,B,0105,,",
7717,-0.0031,49331.34,p,vis,Peter H,,,"B,0105,B,0105,,"
7839,-0.0101,49423.28,p,vis,Locher Kurt,,"B,0106,B,0106,,",
8250,-0.01,49733.036,p,vis,Sekino Yuji,,"J,0047,,,,",
8250,-0.006,49733.04,p,vis,Sekino Y,,",,D,Lich,VSOL 1995.5,",
8318,-0.0032,49784.292,p,vis,Peter H,,,"B,0108,B,0108,,"
8536,0.0041,49948.598,p,vis,Locher Kurt,,"B,0110,B,0110,,",
8598,0.0049,49995.326,p,vis,Peter H,,,"B,0110,B,0110,,"
8622,0.005,50013.414,p,vis,Peter H,,,"B,0110,B,0110,,"
8732,-0.002,50096.31,p,vis,Locher Kurt,,"B,0111,B,0111,,",
9130,0.0127,50396.283,p,vis,Peter H,,,"B,0114,B,0114,,"
9196,0.0009,50446.013,p,vis,Maehara Hiroyuki,"J,0047,,,,",,
9196,0.0009,50446.013,p,vis,Maehara H,,",,D,Lich,VSB 23.1,",
9280,0.0021,50509.322,p,vis,Kohl Michael,,"B,0114,B,0114,,",
9462,0.0062,50646.493,p,vis,Locher Kurt,,"B,0115,B,0115,,",
9560,0.0022,50720.348,p,R,Hroch F,,,"0,0000,0,0000,,60cm"
9560,0.0022,50720.348,p,V,Hroch F,,,"0,0000,0,0000,,60cm"
9588,0.0033,50741.4517,p,V,Hroch F,,,"0,0000,0,0000,,60cm"
9588,0.0041,50741.4525,p,R,Hroch F,,,"0,0000,0,0000,,60cm"
9604,0.0003,50753.5074,p,V,Hroch F,,,"0,0000,0,0000,,60cm"
9604,0.0012,50753.5083,p,R,Hroch F,,,"0,0000,0,0000,,60cm"
9617,0.0007,50763.3054,p,R,Hroch F,,,"0,0000,0,0000,,60cm"
9617,0.0014,50763.3061,p,V,Hroch F,,,"0,0000,0,0000,,60cm"
9682,0.0032,50812.296,p,vis,Peter H,,,"B,0116,B,0116,,"
10018,-0.001,51065.523,p,vis,Locher Kurt,,"B,0119,B,0119,,",
10039,0.0012,51081.3521,p,R,Hroch F,,,"0,0000,0,0000,,60cm"
10039,0.0023,51081.3532,p,V,Hroch F,,,"0,0000,0,0000,,60cm"
10104,0.0029,51130.342,p,R,Hroch F,,,"0,0000,0,0000,,60cm"
10104,0.0031,51130.3422,p,V,Hroch F,,,"0,0000,0,0000,,60cm"
10424,-0.0025,51371.509,p,ccd,Paschke Anton,,"0,home,,,,Rotse",
10565,0.0004,51477.7786,p,ccd,Nelson Robert,,"I,4840,I,4840,,",
10607,-0.001,51509.431,p,vis,Locher Kurt,,"B,0121,B,0121,,",
10647,0.0044,51539.583,p,vis,Stephan Chris,,"W,0117,A,0025,,",
10956,-0.001,51772.4598,p,ccd,Zejda Miloslav,,"I,5287,,,,",
11021,-0.0019,51821.447,p,vis,Locher Kurt,,"B,0124,B,0124,,",
11054,0.0034,51846.3233,p,vis,Prochazkova B,,"C,0034,E,0074,,RF200",
11054,0.0076,51846.3275,p,vis,Cechal J,,"C,0034,E,0074,,RF200",
11122,0.013,51897.582,p,vis,Stephan Chris,,"W,0271,A,A009,,",
11382,-0.0046,52093.517,p,vis,Locher Kurt,,"B,0126,B,0126,,",
11413,-0.0007,52116.8845,p,ccd,Nelson Robert,,"I,5224,,,,BYO",
11435,-0.0007,52133.4651,p,ccd,Zejda Miloslav,,"I,5583,,,,RL400",
11565,0.0034,52231.4456,p,vis,Prochazkova B,,"C,0034,E,0074,,RF200",
11565,0.0096,52231.4518,p,vis,Cechal J,,"C,0034,E,0074,,RF200",
11605,0.0113,52261.6,p,vis,Stephan Chris,,"W,0464,A,A009,,",
11630,-0.0063,52280.424,p,vis,Locher Kurt,,"B,0127,D,Lich,,",
11630,-0.001,52280.4293,p,-Ir,Raetz Manfred,,"D,0158,I,5484,,",
11630,0.0037,52280.434,p,vis,Locher Kurt,,"B,0127,B,0127,,",
11873,0.0103,52463.581,p,vis,Locher Kurt,,"B,0128,B,0128,,",
11986,-0.0007,52548.734,p,ccd,Nelson Robert,,"I,5371,,,,",
12007,0.0004,52564.562,p,vis,Stephan Chris,,"W,0691,A,A009,,",
12101,-0.0031,52635.403,p,vis,Locher Kurt,,"B,0129,I,5438,,",
12104,-0.0011,52637.666,p,vis,Stephan Chris,,"W,0809,W,0809,,",
12417,0.0031,52873.567,p,vis,Locher Kurt,,"B,0130,I,5543,,",
12462,-0.0002,52907.4786,p,-Ir,Raetz Manfred,,"D,0172,I,5643,,",
12502,-0.0013,52937.624,p,R,Cook J,,,"I,5636,,,,"
12522,-0.0004,52952.6982,p,ccd,Nelson Robert,,"I,5493,,,,",
12561,0.0001,52982.4686,s,-Ir,Raetz Manfred,,"D,0172,I,5643,,",
12650,0.0032,53049.1708,p,ccd,Krajci T,,"I,5592,,,,",
12872,0.005,53216.486,p,vis,Locher Kurt,,"E,0003,,,,",
12961,0.0004,53283.5575,p,ccd,Samolyk G,,"A,0012,,,,",
13022,0.0014,53329.532,p,vis,Chaple G,,"A,0012,,,,",
13432,0.0018,53638.5347,p,R,Lehky Martin,,"C,0036,E,0107,,400/2000 ST7",
13482,0.0021,53676.2181,p,ccd,Kim Chun-Hwey,,"I,5694,,,,",
13491,0.002,53683.001,p,ccd,Kim Chun-Hwey,,"I,5694,,,,",
13575,0.0018,53746.3086,p,V,Papini R,,"I,5917,,,,SC25/HX916",
13575,0.0018,53746.3086,p,ccd,Papini R,,"A,0012,,,,",
13849,0.0018,53952.8125,p,ccd,Samolyk G,,"A,0012,,,,",
13867,0.0015,53966.3782,p,R,Lehky Martin,,"C,0036,E,0107,,400/2000 ST7",
13907,0.0016,53996.5248,p,R,Lehky Martin,,"C,0036,E,0107,,400/2000 ST7",
13911,0.0009,53999.5388,p,R,Lehky Martin,,"C,0036,E,0107,,400/2000 ST7",
13935,0.0024,54017.6282,p,R,Lehky Martin,,"C,0036,E,0107,,400/2000 ST7",
13936,0.0015,54018.381,p,R,Lehky Martin,,"C,0036,E,0107,,400/2000 ST7",
13936,0.0018,54018.3813,p,V,Papini R,,"I,5917,,,,SC25/HX916",
13942,0.0017,54022.9032,p,ccd,Petriew V,,"A,0012,,,,",
13943,0.0058,54023.661,p,vis,Williams D,,"A,0012,,,,",
13996,0.0037,54063.603,p,vis,Stephan Chris,,"A,0012,,,,",
14058,0.0006,54110.3271,p,C,Dogru S S,,"I,5893,,,,ST237",
14066,0.0017,54116.3576,p,R,Lehky Martin,,"C,0036,E,0107,,400/2000 ST7",
14095,0.0011,54138.2132,p,C,Dogru S S,,"I,5893,,,,ST237",
14096,0.0013,54138.967,p,vis,Hirosawa Kenji,,"J,0046,,,,28SC",
14324,0.001,54310.8021,p,ccd,Samolyk G,,"A,0012,,,,",
14374,0.0003,54348.4846,p,R,Liakos A,,"I,5897,,,,",
14382,0.0005,54354.5141,p,R,Liakos A,,"I,5897,,,,",
14397,0.0007,54365.8193,p,V,Petriew V,,",,,,JAAVSO-44,",
14400,0.0047,54368.4613,s,R,Liakos A,,"I,5897,,,,",
14408,0.0028,54374.4887,s,R,Uhlar Robert,,"C,0035,E,0094,,N254/1200",
14408,0.0077,54374.4936,s,I,Uhlar Robert,,"C,0035,E,0094,,N254/1200",
14408,0.0086,54374.4946,s,V,Uhlar Robert,,"C,0035,E,0094,,N254/1200",
14429,0.0047,54390.3176,s,-Ir,Agerer Franz,,"D,0193,I,5830,,ST-6",
14507,-0.0002,54448.7214,p,ccd,Bialozynski J,,"A,0079,,,,",
14563,-0.0007,54490.9261,p,Ic,Nakajima Kazuhir,"J,0048,,,,20SC+CV-04",,
14564,-0.0016,54491.6789,p,ccd,Wiley E,,,"A,0079,,,,"
14593,-0.0017,54513.5351,p,ccd,Samolyk G,,"A,0079,,,,",
14865,-0.0013,54718.5321,p,R,Lehky Martin,,"C,0036,E,0107,,400/2000 ST7",
14996,-0.003,54817.2603,p,-Ir,Agerer Franz,,"D,0203,I,5889,,Sigma 1603",
15012,0.0017,54829.3237,p,R,Lehky Martin,,"C,0036,E,0107,,400/2000 ST7",
15028,-0.0022,54841.3784,p,-U-I,Raetz M,,,"D,0214,I,5959,,ST-6"
15375,-0.0027,55102.8993,p,V,Diethelm Roger,,"I,5920,,,,",
15831,-0.0023,55446.5704,p,R,Lehky M,,,"C,0037,E,0137,,400mm+ST7"
15849,-0.0039,55460.5118,s,R,Lehky M,,,"C,0037,E,0137,,400mm+ST7"
16000,-0.0032,55573.9388,p,cG,Hirosawa Kenji,,"J,0053,,,,16L+EosKissX",
16327,-0.0039,55820.3862,p,R,Lehky M.,,"C,0038,E,0160,,40cm+G2",
16327,-0.0038,55820.3863,p,I,Lehky M.,,"C,0038,E,0160,,40cm+G2",
16348,-0.0032,55836.5908,s,I,Lehky M.,,"C,0038,E,0160,,40cm+G2",
16348,-0.0032,55836.5909,s,R,Lehky M.,,"C,0038,E,0160,,40cm+G2",
16379,-0.0033,55859.5774,p,-Ir,Agerer Franz,,"D,0225,I,6026,,Sigma 1603",
16414,-0.0042,55885.9547,p,cG,Hirosawa Kenji,,"J,0053,,,,13R+EosKissX",
16947,-0.0044,56287.6574,p,V,Menzies K,,"A,0042,,,JAAVSO 42,",
17263,-0.0051,56525.8145,p,V,Samolyk G,,"A,0042,,,JAAVSO 42,",
17312,-0.0054,56562.7438,p,V,Samolyk G,,"A,0042,,,JAAVSO 42,",
17317,-0.0052,56566.5123,p,R,Lehky M,,,"C,0039,,,,40cm+G2-1600"
17317,-0.0052,56566.5123,p,I,Lehky M,,,"C,0039,,,,40cm+G2-1600"
17353,-0.0053,56593.6441,p,V,Poklar R,,"A,,,,JAAVSO 62,",
17897,-0.0052,57003.6374,p,V,Simmons N,,",,,,,",
18233,-0.0046,57256.8691,p,V,Simmons N,,",,,,JAAVSO-43,",
18742,-0.0049,57640.4838,p,I,Lehky M,,,"C,0040,E,0179,,JST, NWT 400"
18742,-0.0047,57640.484,p,R,Lehky M,,,"C,0040,E,0179,,JST, NWT 400"
19252,-0.0043,58024.853,p,V,Sabo    R.,,"A,0461,,,,",
19735,-0.0022,58388.8748,p,V,Samolyk G,,"A,,,,JAAVSO 47,",
19757,-0.0023,58405.4553,p,-Ir,Agerer Franz,,"D,0031,,,,Sigma1603",
19780,-0.0023,58422.7896,p,V,Menzies K,,"A,,,,JAAVSO 47,",
20141,-0.0023,58694.8623,p,V,Samolyk G,,"A,,,,JAAVSO 47,",
20309,-0.002,58821.4782,p,-Ir,Agerer Franz,,"D,0033,,,,Sigma 1603",
