-27606,-0.0054,24499.993,p,pg,Dugan R S,,"I,5303,D,Lich,CPRI 19.40,",
-25997,-0.0142,25454.237,p,pg,Gaposchkin S,,",,D,Lich,HA 113.71,",
-25923,0.005,25498.44,s,pg,Guthnick P,,"N,0235,D,Lich,AN 235.84,",
-25914,-0.0262,25503.45,p,pg,Guthnick P,,"N,0235,D,Lich,AN 235.84,",
-25914,0.0038,25503.48,p,pg,Guthnick P,,"N,0235,D,Lich,AN 235.84,",
-25836,-0.0088,25549.727,p,pg,Wood F B,,"I,5303,D,Lich,CPRI 19.40,",
-25806,-0.018,25567.51,p,pg,Guthnick P,,"N,0235,D,Lich,AN 235.84,",
-25806,0.012,25567.54,p,pg,Guthnick P,,"N,0235,D,Lich,AN 235.84,",
-25159,0.0034,25951.249,p,pg,Miczaika G R,,"N,0258,I,5303,AN 258.412,",
-24368,-0.0115,26420.354,p,vis,Theile W,,"N,0252,I,5303,AN 252.27,",
-24346,-0.0051,26433.408,p,vis,Beyer M,,,"N,0258,I,5303,AN 258.276,"
-24336,-0.0018,26439.342,p,vis,Theile W,,"N,0252,I,5303,AN 252.27,",
-24236,-0.005,26498.646,p,pg,Dugan R S,,"I,5303,D,Lich,CPRI 19.40,",
-24211,-0.0028,26513.475,p,vis,Theile W,,"N,0252,I,5303,AN 252.27,",
-24034,-0.0046,26618.447,p,vis,Theile W,,"N,0252,I,5303,AN 252.27,",
-23729,-0.0055,26799.333,p,pg,Miczaika G R,,"N,0258,I,5303,AN 258.412,",
-23503,-0.0068,26933.366,p,vis,Dunst L,,,"N,0249,I,5303,AN 249.214,"
-23481,-0.0104,26946.41,p,vis,Dunst L,,,"N,0249,I,5303,AN 249.214,"
-23476,-0.0117,26949.374,p,vis,Dunst L,,,"N,0249,I,5303,AN 249.214,"
-23444,-0.012,26968.352,p,vis,Dunst L,,,"N,0249,I,5303,AN 249.214,"
-23424,-0.0085,26980.217,p,vis,Dunst L,,,"N,0249,I,5303,AN 249.214,"
-23385,-0.0103,27003.345,p,vis,Dunst L,,,"N,0249,I,5303,AN 249.214,"
-23164,-0.0122,27134.412,p,vis,Dunst L,,,"N,0249,I,5303,AN 249.214,"
-22636,-0.0102,27447.556,p,pg,Dugan R S,,"I,5303,D,Lich,CPRI 19.40,",
-21481,0.0016,28132.566,p,vis,Pierce N L,,"I,5303,D,Lich,AJ 48.121,",
-21454,-0.0023,28148.575,p,vis,Pierce N L,,"I,5303,D,Lich,AJ 48.121,",
-21373,-0.0001,28196.616,p,vis,Pierce N L,,"I,5303,D,Lich,AJ 48.121,",
-21351,-0.0027,28209.661,p,vis,Pierce N L,,"I,5303,D,Lich,AJ 48.121,",
-21196,-0.0039,28301.586,p,pg,Dugan R S,,"I,5303,D,Lich,CPRI 19.40,",
-20754,-0.0027,28563.725,p,vis,Pierce N L,,"I,5303,D,Lich,AJ 48.121,",
-20675,-0.0034,28610.577,p,vis,Pierce N L,,"I,5303,D,Lich,AJ 48.121,",
-20250,-0.001,28862.635,p,vis,Pierce N L,,"I,5303,D,Lich,AJ 48.121,",
-19728,0.0024,29172.222,p,pg,Nekrasova S,,"I,5303,D,Lich,IPUL 16.47,",
-19724,0.0001,29174.592,p,vis,Pierce N L,,"I,5303,D,Lich,AJ 48.121,",
-19721,0.0009,29176.372,p,pg,Nekrasova S,,"I,5303,D,Lich,IPUL 16.47,",
-19719,0.0068,29177.564,p,pg,Nekrasova S,,"I,5303,D,Lich,IPUL 16.47,",
-19709,0.007,29183.495,p,pg,Nekrasova S,,"I,5303,D,Lich,IPUL 16.47,",
-19550,-0.0014,29277.785,p,pg,Wood F B,,"I,5303,D,Lich,CPRI 21.41,",
-19535,-0.0015,29286.681,p,pg,Wood F B,,"I,5303,D,Lich,CPRI 21.41,",
-19533,0.0014,29287.87,p,pg,Wood F B,,"I,5303,D,Lich,CPRI 21.41,",
-15389,0.007,31745.566,p,pg,Pierce N L,,"I,5303,D,Lich,CPRI 21.41,",
-14532,-0.0027,32253.819,p,pe,Hiltner W A,,"I,5303,D,Lich,(AOLD 21.55),",
-14512,-0.0012,32265.6819,p,pe,Hiltner W A,,"I,5303,D,Lich,(AOLD 21.55),",
-14507,-0.0002,32268.6483,p,pe,Hiltner W A,,"I,5303,D,Lich,(AOLD 21.55),",
-14485,0.0002,32281.6963,p,pe,Hiltner W A,,"I,5303,D,Lich,(AOLD 21.55),",
-14475,-0.0005,32287.6263,p,pe,Hiltner W A,,"I,5303,D,Lich,(AOLD 21.55),",
-13478,0.0018,32878.9214,p,pe,Seyfert,,,"I,5303,D,Lich,(AOLD 21.55),"
-13470,0.0006,32883.6648,p,pe,Oosterhoff P T,,"I,5303,D,Lich,(AOLD 21.55),",
-13423,-0.0004,32911.5381,p,pe,Oosterhoff P T,,"I,5303,D,Lich,(AOLD 21.55),",
-13359,-0.0003,32949.4949,p,pe,Oosterhoff P T,,"I,5303,D,Lich,(AOLD 21.55),",
-12971,0.0023,33179.6094,p,pe,Seyfert,,,"I,5303,D,Lich,(AOLD 21.55),"
-12969,0.0005,33180.7937,p,pe,Seyfert,,,"I,5303,D,Lich,(AOLD 21.55),"
-12964,-0.0003,33183.7583,p,pe,Seyfert,,,"I,5303,D,Lich,(AOLD 21.55),"
-12743,0.0009,33314.8284,p,pe,Gordon K,,"I,5303,D,Lich,(AOLD 21.55),",
-12543,0.0071,33433.449,p,vis,Pohl E,,,"D,0004,N,0279,geocentr,"
-12543,0.0091,33433.451,p,vis,Pocher E,,"D,0004,N,0279,geocentr,",
-12543,0.0111,33433.453,p,vis,Domke K,,,"D,0004,N,0279,geocentr,"
-12538,0.0017,33436.409,p,vis,Domke K,,,"D,0004,N,0279,geocentr,"
-12538,0.0047,33436.412,p,vis,Pohl E,,,"D,0004,N,0279,geocentr,"
-12361,-0.002,33541.379,p,vis,Domke K,,,"D,0008,N,0281,,"
-12356,-0.0014,33544.345,p,vis,Bruess B,,"D,0008,N,0281,,",
-12356,-0.0004,33544.346,p,vis,Pohl E,,,"D,0008,N,0281,,"
-12356,0.0096,33544.356,p,vis,Domke K,,,"D,0008,N,0281,,"
-12315,0.0057,33568.668,p,vis,Hall D S,,"I,5303,,,,",
-12184,0.0132,33646.368,p,vis,Pohl E,,,"D,0008,N,0281,,"
-12179,0.0119,33649.332,p,vis,Pohl E,,,"D,0008,N,0281,,"
-12088,0.0103,33703.3,p,vis,Domke K,,,"D,0008,N,0281,,"
-12061,0.0074,33719.31,p,vis,Pohl E,,,"D,0008,N,0281,,"
-12023,0.0009,33741.8402,p,pe,Huffer C M,,",,D,Lich,(AOLD 21.55),",
-12017,0.0072,33745.405,p,vis,Pohl E,,,"D,0008,N,0281,,"
-12017,0.0102,33745.408,p,vis,Domke K,,,"D,0008,N,0281,,"
-11990,0.0007,33761.4114,p,pe,van Woerden H,,",,I,5303,AOLD 21.55,",
-11988,0.001,33762.5979,p,pe,van Woerden H,,",,I,5303,AOLD 21.55,",
-11978,0.0012,33768.5288,p,pe,van Woerden H,,",,I,5303,AOLD 21.55,",
-11976,0.0022,33769.7159,p,pe,Huffer C M,,",,D,Lich,(AOLD 21.55),",
-11966,0.0023,33775.6467,p,pe,Huffer C M,,",,D,Lich,(AOLD 21.55),",
-11963,0.0004,33777.4241,p,pe,van Woerden H,,",,I,5303,AOLD 21.55,",
-11951,-0.0001,33784.5404,p,pe,van Woerden H,,",,I,5303,AOLD 21.55,",
-11939,0.0006,33791.658,p,pe,Huffer C M,,",,D,Lich,(AOLD 21.55),",
-11919,0.0012,33803.52,p,pe,van Woerden H,,",,I,5303,AOLD 21.55,",
-11850,0.0012,33844.442,p,pe,van Woerden H,,",,I,5303,AOLD 21.55,",
-11764,0.0001,33895.4451,p,pe,van Woerden H,,",,I,5303,AOLD 21.55,",
-11737,-0.0004,33911.4575,p,pe,van Woerden H,,",,I,5303,AOLD 21.55,",
-11720,0.0013,33921.5415,p,pe,van Woerden H,,",,I,5303,AOLD 21.55,",
-11717,0.0015,33923.3209,p,pe,van Woerden H,,",,I,5303,AOLD 21.55,",
-11710,0.0022,33927.4731,p,pe,van Woerden H,,",,I,5303,AOLD 21.55,",
-11708,0.0021,33928.6591,p,pe,van Woerden H,,",,I,5303,AOLD 21.55,",
-11703,0.0019,33931.6243,p,pe,van Woerden H,,",,I,5303,AOLD 21.55,",
-11683,0.0009,33943.4847,p,pe,van Woerden H,,",,I,5303,AOLD 21.55,",
-11383,0.0066,34121.412,p,vis,Pohl E,,,"D,0010,D,Lich,,"
-11361,0.005,34134.458,p,vis,Pohl E,,,"D,0010,D,Lich,,"
-11302,0.0017,34169.446,p,vis,Pohl E,,,"D,0010,D,Lich,,"
-11302,0.0057,34169.45,p,vis,Domke K,,,"D,0010,D,Lich,,"
-11248,0.0209,34201.491,p,vis,Jahn A,,,"D,0010,D,Lich,,"
-10983,0.0008,34358.635,p,pg,Balz A G A jr,,",,D,Lich,AJ 60.104,",
-10875,0.005,34422.691,p,pg,Balz A G A jr,,",,D,Lich,AJ 60.104,",
-10874,0.0059,34423.285,p,vis,Hall D S,,"I,5303,,,,",
-10847,0.001,34439.293,p,vis,Pohl E,,,"D,0010,D,Lich,,"
-10825,-0.0006,34452.339,p,vis,Pohl E,,,"D,0010,D,Lich,,"
-10825,0.0094,34452.349,p,vis,Domke K,,,"D,0010,D,Lich,,"
-10820,0.01,34455.315,p,vis,Pohl E,,,"D,0010,D,Lich,,"
-10816,-0.0072,34457.67,p,pg,Balz A G A jr,,",,D,Lich,AJ 60.104,",
-10567,0.0208,34605.373,p,vis,Pohl E,,,"D,0010,D,Lich,,"
-10447,0.0032,34676.524,p,pg,Balz A G A jr,,",,D,Lich,AJ 60.104,",
-10272,0.0026,34780.311,p,vis,Pohl E,,,"D,0012,D,Lich,,"
-10164,0.0058,34844.366,p,vis,Pohl E,,,"D,0013,D,Lich,,"
-10000,0.015,34941.639,p,pg,Balz A G A jr,,",,D,Lich,AJ 60.104,",
-9983,0.0118,34951.718,p,pg,Balz A G A jr,,",,D,Lich,AJ 60.104,",
-9486,0.007,35246.47,p,vis,Rudolph R,,"D,0012,D,Lich,,",
-9486,0.008,35246.471,p,vis,Jahn A,,,"D,0012,D,Lich,,"
-9454,0.0077,35265.449,p,vis,Mueller J,,"D,0012,D,Lich,,",
-9454,0.0107,35265.452,p,vis,Rudolph R,,"D,0012,D,Lich,,",
-9390,0.0011,35303.399,p,vis,Doerr F,,,"D,0012,D,Lich,,"
-9390,0.0051,35303.403,p,vis,Mueller J,,"D,0012,D,Lich,,",
-9390,0.0101,35303.408,p,vis,Quester Wolfgang,"D,0012,D,Lich,,",,
-9380,0.0074,35309.336,p,vis,Hall D S,,"I,5303,,,,",
-9373,0.0059,35313.486,p,vis,Doerr F,,,"D,0012,D,Lich,,"
-9341,0.0026,35332.461,p,vis,Rudolph R,,"D,0012,D,Lich,,",
-9341,0.0156,35332.474,p,vis,Jahn A,,,"D,0012,D,Lich,,"
-9336,0.0042,35335.428,p,vis,Doerr F,,,"D,0012,D,Lich,,"
-9336,0.0052,35335.429,p,vis,Rudolph R,,"D,0012,D,Lich,,",
-9277,0.0059,35370.421,p,vis,Rudolph R,,"D,0012,D,Lich,,",
-9262,0.0109,35379.322,p,vis,Rudolph R,,"D,0012,D,Lich,,",
-8326,0.0085,35934.435,p,vis,Rudolph R,,"D,0012,D,Lich,,",
-8294,-0.0038,35953.401,p,vis,Doerr F,,,"D,0012,D,Lich,,"
-8294,0.0022,35953.407,p,vis,Rudolph R,,"D,0012,D,Lich,,",
-8294,0.0032,35953.408,p,vis,Quester Wolfgang,"D,0012,D,Lich,,",,
-8277,-0.0011,35963.486,p,vis,Doerr F,,,"D,0012,D,Lich,,"
-8277,0.0009,35963.488,p,vis,Rudolph R,,"D,0012,D,Lich,,",
-8240,0.0053,35985.436,p,vis,Grabowski P,,"D,0012,D,Lich,,",
-8240,0.0063,35985.437,p,vis,Rudolph R,,"D,0012,D,Lich,,",
-8217,0.0066,35999.078,p,vis,Hall D S,,"I,5303,,,,",
-8090,0.0075,36074.399,p,vis,Rudolph R,,"D,0012,D,Lich,,",
-8090,0.0095,36074.401,p,vis,Doerr F,,,"D,0012,D,Lich,,"
-8090,0.0105,36074.402,p,vis,Quester Wolfgang,"D,0012,D,Lich,,",,
-8090,0.0115,36074.403,p,vis,Braune Werner,,"D,0012,D,Lich,,",
-8036,0.0076,36106.425,p,vis,Rudolph R,,"D,0012,D,Lich,,",
-8036,0.0106,36106.428,p,vis,Doerr F,,,"D,0012,D,Lich,,"
-7935,0.0053,36166.323,p,vis,Rudolph R,,"D,0012,D,Lich,,",
-7935,0.0063,36166.324,p,vis,Grauenhorst W,,"D,0012,D,Lich,,",
-7923,0.0035,36173.438,p,vis,Braune Werner,,"D,0012,D,Lich,,",
-7923,0.0045,36173.439,p,vis,Rudolph R,,"D,0012,D,Lich,,",
-7898,0.0037,36188.265,p,vis,Rudolph R,,"D,0012,D,Lich,,",
-7898,0.0047,36188.266,p,vis,Braune Werner,,"D,0012,D,Lich,,",
-7866,0.0094,36207.249,p,vis,Grauenhorst W,,"D,0013,D,Lich,,",
-7866,0.0154,36207.255,p,vis,Braune Werner,,"D,0013,D,Lich,,",
-7825,0.0004,36231.556,p,vis,Doerr F,,,"D,0013,D,Lich,,"
-7825,0.0024,36231.558,p,vis,Jahn A,,,"D,0013,D,Lich,,"
-7825,0.0034,36231.559,p,vis,Rudolph R,,"D,0013,D,Lich,,",
-7729,0.0025,36288.493,p,vis,Rudolph R,,"D,0013,D,Lich,,",
-7729,0.0045,36288.495,p,vis,Doerr F,,,"D,0013,D,Lich,,"
-7729,0.0065,36288.497,p,vis,Grauenhorst W,,"D,0013,D,Lich,,",
-7439,0.0026,36460.484,p,vis,Braune Werner,,"D,0013,D,Lich,,",
-7143,0.0043,36636.035,p,vis,Hall D S,,"I,5303,,,,",
-6483,-0.0032,37027.455,p,vis,Grauenhorst W,,"D,0015,D,Lich,,",
-6483,-0.0002,37027.458,p,vis,Doerr F,,,"D,0015,D,Lich,,"
-6483,0.0028,37027.461,p,vis,Braune Werner,,"D,0015,D,Lich,,",
-6210,0.0041,37189.371,p,vis,Pohl E,,,"N,,D,Lich,AN 288.70,"
-5915,0.0089,37364.332,p,vis,Pohl E,,,"N,,D,Lich,AN 288.70,"
-5586,0.0012,37559.445,p,vis,Reichert J,,"D,0015,D,Lich,,",
-5586,0.0042,37559.448,p,vis,Jungbluth Hans,,"D,0015,D,Lich,,",
-5539,0.0018,37587.32,p,vis,Jungbluth Hans,,"D,0015,D,Lich,,",
-5512,-0.0001,37603.331,p,vis,Reichert J,,"D,0015,D,Lich,,",
-5512,0.0019,37603.333,p,vis,Jungbluth Hans,,"D,0015,D,Lich,,",
-5431,0.008,37651.378,p,vis,Reichert J,,"D,0015,D,Lich,,",
-5431,0.009,37651.379,p,vis,Jungbluth Hans,,"D,0015,D,Lich,,",
-5404,-0.0029,37667.38,p,vis,Krueger P,,"D,0015,D,Lich,,",
-5404,-0.0009,37667.382,p,vis,Lehmann P B,,"D,0015,D,Lich,,",
-5404,0.0051,37667.388,p,vis,Braune Werner,,"D,0015,D,Lich,,",
-5385,0.0007,37678.652,p,vis,Hall D S,,"I,5303,,,,",
-5355,0.0066,37696.45,p,vis,Reichert J,,"D,0015,D,Lich,,",
-5355,0.0086,37696.452,p,vis,Jungbluth Hans,,"D,0015,D,Lich,,",
-5340,0.0065,37705.346,p,vis,Jungbluth Hans,,"D,0015,D,Lich,,",
-5296,-0.0037,37731.431,p,vis,Reichert J,,"D,0015,D,Lich,,",
-5296,0.0013,37731.436,p,vis,Jungbluth Hans,,"D,0015,D,Lich,,",
-5286,-0.0154,37737.35,p,vis,Klocke K,,"D,0015,D,Lich,,",
-5286,-0.0124,37737.353,p,vis,Hoffmann P,,"D,0015,D,Lich,,",
-5237,0.0041,37766.43,p,vis,Reichert J,,"D,0015,D,Lich,,",
-5237,0.0051,37766.431,p,vis,Jungbluth Hans,,"D,0015,D,Lich,,",
-5205,-0.0022,37785.402,p,vis,Hoffmann P,,"D,0015,D,Lich,,",
-5006,-0.0111,37903.4145,p,vis,Konecny L,,"C,0006,C,0006,,",
-5006,-0.0077,37903.4179,p,vis,Betak E,,,"C,0006,C,0006,,"
-5006,0.0004,37903.426,p,vis,Jungbluth Hans,,"D,0015,D,Lich,,",
-4974,-0.0089,37922.395,p,vis,Hoffmann P,,"D,0015,D,Lich,,",
-4964,-0.0096,37928.325,p,vis,Hoffmann P,,"D,0015,D,Lich,,",
-4937,-0.0015,37944.346,p,vis,Klocke K,,"D,0015,D,Lich,,",
-4937,0.0005,37944.348,p,vis,Hoffmann P,,"D,0015,D,Lich,,",
-4932,-0.0029,37947.31,p,vis,Klocke K,,"D,0015,D,Lich,,",
-4932,-0.0019,37947.311,p,vis,Hoffmann P,,"D,0015,D,Lich,,",
-4913,0.0007,37958.582,p,vis,Dueball J,,"D,0015,D,Lich,,",
-4913,0.0017,37958.583,p,vis,Lehmann P B,,"D,0018,D,Lich,,",
-4913,0.0037,37958.585,p,vis,Gizinski R,,"D,0018,D,Lich,,",
-4913,0.0067,37958.588,p,vis,Grauenhorst W,,"D,0015,D,Lich,,",
-4841,0.0006,38001.283,p,vis,Hoffmann P,,"D,0015,D,Lich,,",
-4774,0.0017,38041.02,p,vis,Hall D S,,"I,5303,,,,",
-4760,0.0047,38049.326,p,vis,Hoffmann P,,"D,0018,D,Lich,,",
-4689,0.0056,38091.435,p,vis,Klocke K,,"D,0018,D,Lich,,",
-4689,0.0066,38091.436,p,vis,Hoffmann P,,"D,0018,D,Lich,,",
-4539,0.0008,38180.391,p,vis,Reichert J,,"D,0018,D,Lich,,",
-4539,0.0038,38180.394,p,vis,Jungbluth Hans,,"D,0018,D,Lich,,",
-4441,-0.0032,38238.508,p,vis,Hoffmann P,,"D,0018,D,Lich,,",
-4431,-0.007,38244.435,p,vis,Hoffmann P,,"D,0018,D,Lich,,",
-4217,0.0036,38371.363,p,vis,Pohl E,,,"N,,D,Lich,AN 288.70,"
-4217,0.0086,38371.368,p,vis,Goerz G,,,"N,,D,Lich,AN 288.70,"
-4217,0.0136,38371.373,p,vis,Kowalsky E,,"N,,D,Lich,AN 288.70,",
-4146,0.0075,38413.475,p,vis,Hoffmann P,,"D,0018,D,Lich,,",
-4001,0.0071,38499.47,p,vis,Sirucek I,,"C,0006,C,0006,,",
-4001,0.0071,38499.47,p,vis,Znojil V,,"C,0006,C,0006,,",
-3999,0.0019,38500.651,p,vis,Baldwin Marvin,,"A,0005,A,0005,ST 28.244,",
-3996,-0.0223,38502.406,p,vis,Zdarsky F,,"C,0006,C,0006,,",
-3996,-0.0163,38502.412,p,vis,Zalesak A,,"C,0006,C,0006,,",
-3996,-0.0143,38502.414,p,vis,Mlejnek V,,"C,0006,C,0006,,",
-3996,-0.0123,38502.416,p,vis,Petrjanos J,,"C,0006,C,0006,,",
-3996,-0.0083,38502.42,p,vis,Polehna S,,"C,0006,C,0006,,",
-3977,0.0083,38513.705,p,vis,Baldwin Marvin,,"A,0005,A,0005,ST 28.244,",
-3896,0.0075,38561.743,p,vis,Howell A,,"A,0005,A,0005,ST 28.244,",
-3859,0.0048,38583.684,p,vis,Murphy M,,"A,0005,A,0005,ST 28.244,",
-3819,0.006,38607.408,p,vis,Maerz J,,,"C,0006,C,0006,,"
-3743,0.0035,38652.479,p,pe,Mueller S,,"N,0289,D,Lich,AN 289.191,",
-3718,0.0097,38667.312,p,vis,Hall D S,,"I,5303,,,,",
-3717,0.0066,38667.902,p,vis,Hall D S,,"I,5303,,,,",
-3711,0.0062,38671.46,p,pe,Pohl E,,,"N,0289,D,Lich,AN 289.191,"
-3709,0.011,38672.651,p,vis,Murphy M,,"A,0006,I,0111,ST 29.255,",
-3677,0.0037,38691.622,p,vis,Murphy M,,"A,0006,I,0111,ST 29.255,",
-3672,0.0064,38694.59,p,vis,Murphy M,,"A,0006,I,0111,ST 29.255,",
-3647,-0.0104,38709.4,p,vis,Zdarsky F,,"C,0006,C,0006,,",
-3640,0.0091,38713.571,p,vis,Murphy M,,"A,0006,I,0111,ST 29.255,",
-3623,0.0049,38723.649,p,vis,Murphy M,,"A,0006,I,0111,ST 29.255,",
-3618,0.0005,38726.61,p,vis,Murphy M,,"A,0006,I,0111,ST 29.255,",
-3618,0.0095,38726.619,p,vis,Hering T,,"A,0006,I,0111,ST 29.255,",
-3527,-0.0011,38780.578,p,vis,Hering T,,"A,0006,I,0111,ST 29.255,",
-3500,0.008,38796.6,p,vis,Hampton W,,"A,0006,I,0111,ST 29.255,",
-3465,0.0005,38817.35,p,vis,Hoffmann P,,"D,0018,D,Lich,,",
-3438,-0.0055,38833.357,p,vis,Gizinski R,,"D,0018,D,Lich,,",
-3438,-0.0015,38833.361,p,vis,Grauenhorst W,,"D,0018,D,Lich,,",
-3438,0.0005,38833.363,p,vis,Huebscher J,,"D,0018,D,Lich,,",
-3438,0.0015,38833.364,p,vis,Hoffmann P,,"D,0018,D,Lich,,",
-3352,0.0056,38884.3723,p,vis,Rausal Karel,,"C,0005,C,0005,,",
-3338,-0.0047,38892.665,p,vis,Murphy M,,"A,0006,I,0111,,",
-3308,-0.0018,38910.46,p,vis,Braune Werner,,"D,0018,D,Lich,,",
-3308,0.0032,38910.465,p,vis,Huebscher J,,"D,0018,D,Lich,,",
-3295,0.0002,38918.172,p,vis,Hall D S,,"I,5303,,,,",
-3279,0.0121,38927.673,p,vis,Murphy M,,"A,0006,I,0111,,",
-3245,0.0106,38947.836,p,vis,Mueller J,,"D,0018,D,Lich,,",
-3217,-0.0064,38964.425,p,vis,Oburka O,,"C,0005,C,0005,,",
-3217,-0.0064,38964.425,p,vis,Krbuskova M,,"C,0005,C,0005,,",
-3217,-0.0034,38964.428,p,vis,Brancik V,,"C,0005,C,0005,,",
-3217,-0.0014,38964.43,p,vis,Kubita J,,"C,0005,C,0005,,",
-3217,0.0006,38964.432,p,vis,Cizek J,,,"C,0005,C,0005,,"
-3217,0.0006,38964.432,p,vis,Bok J,,,"C,0005,C,0005,,"
-3217,0.0016,38964.433,p,vis,Brancik K,,"C,0005,C,0005,,",
-3217,0.0036,38964.435,p,vis,Krahujec P,,"C,0005,C,0005,,",
-3217,0.0096,38964.441,p,vis,Litavsky M.,,"C,0005,C,0005,,",
-3214,-0.0101,38966.497,s,vis,Cizek J,,,"C,   0,C,   0,,"
-3212,0.0013,38967.398,p,vis,Krejci Bed,,"C,0005,C,0005,,",
-3212,0.0053,38967.402,p,vis,Oburka O,,"C,0005,C,0005,,",
-3212,0.0053,38967.402,p,vis,Kubita J,,"C,0005,C,0005,,",
-3212,0.0073,38967.404,p,vis,Bok J,,,"C,0005,C,0005,,"
-3212,0.0093,38967.406,p,vis,Cizek J,,,"C,0005,C,0005,,"
-3212,0.0103,38967.407,p,vis,Remes V,,,"C,0005,C,0005,,"
-3203,0.0036,38972.738,p,vis,Johnson A,,"A,0007,I,0114,,",
-3195,0.002,38977.481,p,vis,Howell A,,"A,0008,I,0119,,",
-3161,0.0086,38997.652,p,vis,Sanner F,,"A,0007,I,0114,,",
-3111,0.001,39027.298,p,vis,Hasler N,,"B,...2,D,0018,,",
-3095,0.0078,39036.794,p,vis,Baldwin Marvin,,"A,0008,I,0119,,",
-3089,0.0114,39040.356,p,vis,Peter H,,,"B,...3,D,0018,Ori 95,"
-3088,0.0033,39040.941,p,vis,Hall D S,,"I,5303,,,,",
-3072,-0.0078,39050.419,p,vis,Howell A,,"A,0008,I,0119,,",
-3052,0.0177,39062.306,p,vis,Peter H,,,"B,...3,B,...3,Ori 95,"
-3026,0.0039,39077.712,p,vis,Baldwin Marvin,,"A,0008,I,0119,,",
-3021,0.0065,39080.68,p,vis,Baldwin Marvin,,"A,0008,I,0119,,",
-3016,0.0052,39083.644,p,vis,Baldwin Marvin,,"A,0009,I,0129,,",
-3003,-0.0018,39091.347,p,vis,Kizilirmak A,,"N,0289,D,Lich,AN 289.192,",
-3003,0.0002,39091.349,p,vis,Akyol Ue,,"N,0289,D,Lich,AN 289.192,",
-3003,0.0012,39091.35,p,vis,Kizilirmak A,,"N,0289,D,Lich,AN 289.192,",
-3003,0.0032,39091.352,p,vis,Hazer S,,,"N,0289,D,Lich,AN 289.192,"
-2994,0.0106,39096.697,p,vis,Sanner F,,"A,0009,I,0129,,",
-2984,0.0078,39102.625,p,vis,Baldwin Marvin,,"A,0009,I,0129,,",
-2925,-0.0014,39137.607,p,vis,Sanner F,,"A,0009,I,0129,,",
-2920,0.0002,39140.574,p,vis,Baldwin Marvin,,"A,0009,I,0129,,",
-2912,0.0087,39145.327,p,vis,Locher Kurt,,"B,...3,B,...3,Ori 95,",
-2890,0.0111,39158.377,p,vis,Diethelm Roger,,"B,...3,B,...3,Ori 95,",
-2831,0.0108,39193.368,p,vis,Peter H,,,"B,...4,B,...4,Ori 97,"
-2775,0.0108,39226.58,p,vis,Locher Kurt,,"B,...4,B,...4,Ori 97,",
-2774,0.0057,39227.168,p,vis,Hall D S,,"I,5303,,,,",
-2772,-0.0034,39228.345,p,vis,Diethelm Roger,,"B,...4,B,...4,Ori 97,",
-2772,0.0026,39228.351,p,vis,Pohl E,,,"N,0291,D,Lich,AN 291.112,"
-2772,0.0036,39228.352,p,vis,Kizilirmak A,,"N,0291,D,Lich,AN 291.112,",
-2755,-0.0046,39238.426,p,vis,Diethelm Roger,,"B,...4,B,...4,Ori 97,",
-2696,0.0031,39273.425,p,vis,Howell A,,"A,0010,I,0154,,",
-2669,0.0112,39289.446,p,vis,Diethelm Roger,,"B,...5,B,...5,Ori 98,",
-2667,0,39290.621,p,vis,Sanner F,,"A,0010,I,0154,,",
-2665,-0.0111,39291.796,p,vis,Sanner F,,"A,0010,I,0154,,",
-2660,-0.0035,39294.769,p,vis,Sanner F,,"A,0010,I,0154,,",
-2569,-0.003,39348.739,p,vis,Sanner F,,"A,0011,I,0180,,",
-2566,0.0038,39350.525,p,vis,Maerz J,,,"C,   0,C,   0,,"
-2566,0.0048,39350.526,p,vis,Locher Kurt,,"B,...5,B,...5,Ori 98,",
-2547,0.0004,39361.79,p,vis,Sanner F,,"A,0011,I,0180,,",
-2537,-0.0013,39367.719,p,vis,Hall D S,,"I,5303,,,,",
-2502,-0.0101,39388.4678,p,vis,Maerz J,,,"C,   0,C,   0,,"
-2492,-0.0026,39394.406,p,vis,Peter H,,,"B,...6,B,...6,Ori 100,"
-2487,0.0031,39397.377,p,vis,Peter H,,,"B,...6,B,...6,Ori 100,"
-2472,0.003,39406.273,p,vis,Huebscher J,,"D,0023,D,Lich,,",
-2472,0.006,39406.276,p,vis,Eckert W,,"D,0023,D,Lich,,",
-2455,-0.0132,39416.339,p,vis,Bozkurt S,,"N,0291,D,Lich,AN 291.112,",
-2455,-0.0112,39416.341,p,vis,Hazer S,,,"N,0291,D,Lich,AN 291.112,"
-2455,0.0018,39416.354,p,vis,Peter H,,,"B,...6,B,...6,Ori 100,"
-2445,0.006,39422.289,p,vis,Peter H,,,"B,...6,B,...6,Ori 100,"
-2414,-0.0052,39440.663,p,vis,Baldwin Marvin,,"A,0012,I,0221,,",
-2409,0.0034,39443.637,p,vis,Baldwin Marvin,,"A,0012,I,0221,,",
-2375,0.013,39463.811,p,vis,Loring D,,"A,0012,I,0221,,",
-2367,0.0014,39468.544,p,vis,Sanner F,,"A,0012,I,0221,,",
-2232,-0.0023,39548.605,p,vis,Chapman F,,"A,0012,I,0221,,",
-2208,-0.005,39562.836,p,vis,Loring D,,"A,0012,I,0221,,",
-2203,-0.0054,39565.801,p,vis,Loring D,,"A,0012,I,0221,,",
-2198,-0.0027,39568.769,p,vis,Sanner F,,"A,0012,I,0221,,",
-2178,-0.0042,39580.629,p,vis,Sanner F,,"A,0012,I,0221,,",
-2124,-0.0081,39612.651,p,vis,Chapman F,,"A,0012,I,0221,,",
-2085,0.0131,39635.802,p,vis,Anderson Cu,,"A,0014,I,0795,,",
-2065,0.0037,39647.654,p,vis,Livingstone D,,"A,0014,I,0795,,",
-2056,0,39652.988,p,vis,Hall D S,,"I,5303,,,,",
-2008,0.0013,39681.4567,p,pe,Pohl E,,,"N,,D,Lich,AN 291.112,"
-2008,0.0016,39681.457,p,vis,Hall D S,,"I,5303,,,,",
-2003,0.0032,39684.424,p,vis,Locher Kurt,,"B,...8,B,...8,Ori 103,",
-1999,-0.0011,39686.792,p,vis,Baldwin Marvin,,"A,0013,I,0247,,",
-1991,0.0114,39691.549,p,vis,Locher Kurt,,"B,...8,B,...8,Ori 103,",
-1989,0.0082,39692.732,p,vis,Anderson Cu,,"A,0014,I,0795,,",
-1913,0.0037,39737.801,p,vis,Baldwin Marvin,,"A,0013,I,0247,,",
-1871,-0.0033,39762.703,p,vis,Baldwin Marvin,,"A,0013,I,0247,,",
-1866,-0.0036,39765.668,p,vis,Chapman F,,"A,0013,I,0247,,",
-1856,0.0016,39771.604,p,vis,Livingstone D,,"A,0013,I,0247,,",
-1854,-0.0035,39772.785,p,vis,Baldwin Marvin,,"A,0014,I,0795,,",
-1848,-0.0009,39776.346,p,pe,Bickel A,,"N,0291,D,Lich,AN 291.112,",
-1848,0.0011,39776.348,p,vis,Hall D S,,"I,5303,,,,",
-1817,-0.0012,39794.731,p,vis,Sanner F,,"A,0014,I,0795,,",
-1812,0.0035,39797.701,p,vis,Baldwin Marvin,,"A,0014,I,0795,,",
-1807,-0.0059,39800.657,p,vis,Baldwin Marvin,,"A,0014,I,0795,,",
-1807,0.0041,39800.667,p,vis,Sanner F,,"A,0014,I,0795,,",
-1802,-0.0013,39803.627,p,vis,Sanner F,,"A,0014,I,0795,,",
-1802,0.0007,39803.629,p,vis,Hampton W,,"A,0014,I,0795,,",
-1802,0.0057,39803.634,p,vis,Bortle J,,"A,0014,I,0795,,",
-1774,0.0057,39820.24,p,vis,Locher Kurt,,"B,...9,B,...9,Ori 104,",
-1773,0.0017,39820.829,p,vis,Sanner F,,"A,0014,I,0795,,",
-1770,0.0044,39822.611,p,vis,Bortle J,,"A,0014,I,0795,,",
-1763,-0.0021,39826.756,p,vis,Baldwin Marvin,,"A,0014,I,0795,,",
-1763,-0.0001,39826.758,p,vis,Hall D S,,"I,5303,,,,",
-1748,-0.0021,39835.652,p,vis,Cook Stephen,,"A,0014,I,0795,,",
-1733,-0.0042,39844.546,p,vis,Dobkowski A,,"A,0014,I,0795,,",
-1733,0.0018,39844.552,p,vis,Bortle J,,"A,0014,I,0795,,",
-1726,0.0103,39848.712,p,vis,Cook Stephen,,"A,0014,I,0795,,",
-1721,-0.0021,39851.665,p,vis,Baldwin Marvin,,"A,0014,I,0795,,",
-1716,-0.0134,39854.619,p,vis,Sanner F,,"A,0014,I,0795,,",
-1716,0.0016,39854.634,p,vis,Cook Stephen,,"A,0014,I,0795,,",
-1711,-0.0008,39857.597,p,vis,Sanner F,,"A,0014,I,0795,,",
-1704,0.0017,39861.751,p,vis,Sanner F,,"A,0014,I,0795,,",
-1704,0.0047,39861.754,p,vis,Baldwin Marvin,,"A,0014,I,0795,,",
-1672,0.0044,39880.732,p,vis,Cook Stephen,,"A,0014,I,0795,,",
-1652,0.0039,39892.593,p,vis,Bortle J,,"A,0014,I,0795,,",
-1647,-0.0104,39895.544,p,vis,Dobkowski A,,"A,0014,I,0795,,",
-1645,0.0084,39896.749,p,vis,Baldwin Marvin,,"A,0014,I,0795,,",
-1625,0.006,39908.608,p,vis,Bortle J,,"A,0014,I,0795,,",
-1620,-0.0004,39911.567,p,vis,Dobkowski A,,"A,0014,I,0795,,",
-1618,0.0025,39912.756,p,vis,Baldwin Marvin,,"A,0014,I,0795,,",
-1613,-0.0019,39915.717,p,vis,Baldwin Marvin,,"A,0014,I,0795,,",
-1608,0.0038,39918.688,p,vis,Cook Stephen,,"A,0014,I,0795,,",
-1608,0.0048,39918.689,p,vis,Baldwin Marvin,,"A,0014,I,0795,,",
-1603,-0.0006,39921.649,p,vis,Dobkowski A,,"A,0014,I,0795,,",
-1593,0.0007,39927.581,p,vis,Bortle J,,"A,0014,I,0795,,",
-1584,0,39932.918,p,vis,Hall D S,,"I,5303,,,,",
-1581,0.0038,39934.701,p,vis,Cook Stephen,,"A,0014,I,0795,,",
-1576,0.0015,39937.664,p,vis,Baldwin Marvin,,"A,0014,I,0795,,",
-1571,-0.0039,39940.624,p,vis,Sanner F,,"A,0014,I,0795,,",
-1571,0.0011,39940.629,p,vis,Bortle J,,"A,0014,I,0795,,",
-1566,-0.0072,39943.586,p,vis,Sanner F,,"A,0014,I,0795,,",
-1563,-0.0015,39945.371,p,vis,Hall D S,,"I,5303,,,,",
-1563,-0.0007,39945.3718,p,V,Hoelzl D,,"I,0456,I,0456,,",
-1561,0.0104,39946.569,p,vis,Bortle J,,"A,0014,I,0795,,",
-1534,-0.0076,39962.564,p,vis,Dobkowski A,,"A,0014,I,0795,,",
-1522,0.0016,39969.69,p,vis,Cook Stephen,,"A,0014,I,0795,,",
-1517,-0.0048,39972.649,p,vis,Chapman F,,"A,0014,I,0795,,",
-1509,-0.0004,39977.398,p,vis,Hall D S,,"I,5303,,,,",
-1509,-0.0004,39977.398,p,V,Kurutac M,,"I,0456,I,0456,,",
-1492,0.0004,39987.481,p,vis,Diethelm Roger,,"B,..12,B,..12,Ori 107,",
-1487,0.0021,39990.448,p,vis,Diethelm Roger,,"B,..12,B,..12,Ori 107,",
-1480,0.0026,39994.6,p,vis,Hampton W,,"A,0014,I,0795,,",
-1471,0.0059,39999.941,p,vis,Hall D S,,"I,5303,,,,",
-1448,0.0083,40013.584,p,vis,Bortle J,,"A,0014,I,0795,,",
-1438,0.0055,40019.512,p,vis,Diethelm Roger,,"B,..13,B,..13,Ori 108,",
-1411,0.0046,40035.524,p,vis,Diethelm Roger,,"B,..13,B,..13,Ori 108,",
-1406,0.0042,40038.489,p,vis,Diethelm Roger,,"B,..13,B,..13,Ori 108,",
-1369,0.0066,40060.435,p,vis,Peter H,,,"B,..13,B,..13,Ori 108,"
-1364,0.0162,40063.41,p,vis,Diethelm Roger,,"B,..13,B,..13,Ori 108,",
-1347,0.004,40073.48,p,vis,Diethelm Roger,,"B,..13,B,..13,Ori 108,",
-1347,0.007,40073.483,p,vis,Braune Werner,,"D,0023,D,Lich,,",
-1335,-0.0029,40080.59,p,vis,Bortle J,,"A,0014,I,0795,,",
-1320,-0.014,40089.475,p,vis,Hromada F,,"C,0009,C,0009,,",
-1320,-0.004,40089.485,p,vis,Svandova B,,"C,0009,C,0009,,",
-1315,0.0007,40092.455,p,vis,Peter H,,,"B,..14,B,..14,Ori 109,"
-1315,0.0018,40092.4561,p,V,Gueduer N,,"I,0456,I,0456,,",
-1315,0.0027,40092.457,p,vis,Hall D S,,"I,5303,,,,",
-1310,0.0103,40095.43,p,vis,Peter H,,,"B,..14,B,..14,Ori 109,"
-1308,-0.0008,40096.605,p,vis,Bortle J,,"A,0014,I,0795,,",
-1300,-0.0064,40101.344,p,vis,Germann R,,"B,..14,B,..14,Ori 109,",
-1300,0.0066,40101.357,p,vis,Peter H,,,"B,..14,B,..14,Ori 109,"
-1281,0.0002,40112.619,p,vis,Bortle J,,"A,0014,I,0795,,",
-1276,0.0019,40115.586,p,vis,Bortle J,,"A,0014,I,0795,,",
-1274,0.0017,40116.772,p,vis,Baldwin Marvin,,"A,0014,I,0795,,",
-1271,0.0015,40118.551,p,vis,Bortle J,,"A,0014,I,0795,,",
-1259,0.0046,40125.671,p,vis,Baldwin Marvin,,"A,0014,I,0795,,",
-1256,-0.0006,40127.445,p,vis,Hall D S,,"I,5303,,,,",
-1256,0.001,40127.4466,p,V,Ibanoglu C,,"I,0456,I,0456,,",
-1254,-0.0027,40128.629,p,vis,Baldwin Marvin,,"A,0014,I,0795,,",
-1254,0.0013,40128.633,p,vis,Bortle J,,"A,0014,I,0795,,",
-1244,0.0036,40134.566,p,vis,Bortle J,,"A,0014,I,0795,,",
-1231,0.0016,40142.274,p,vis,Diethelm Roger,,"B,..15,B,..15,Ori 110,",
-1222,0.003,40147.613,p,vis,Bortle J,,"A,0014,I,0795,,",
-1221,-0.0001,40148.203,p,vis,Hall D S,,"I,5303,,,,",
-1200,0.0044,40160.662,p,vis,Bortle J,,"A,0014,I,0795,,",
-1156,0.0052,40186.758,p,vis,Baldwin Marvin,,"A,0014,I,0795,,",
-1119,0.0036,40208.7,p,vis,Baldwin Marvin,,"A,0014,I,0795,,",
-1114,0.0022,40211.664,p,vis,Baldwin Marvin,,"A,0014,I,0795,,",
-1099,-0.0029,40220.555,p,vis,Bortle J,,"A,0014,I,0795,,",
-1087,0.0053,40227.68,p,vis,Cragg T,,,"A,0014,I,0795,:,"
-1005,0.0104,40276.317,p,vis,Diethelm Roger,,"B,..17,B,..17,Ori 112,",
-1005,0.0154,40276.322,p,vis,Peter H,,,"B,..17,B,..17,Ori 112,"
-1001,-0.0009,40278.678,p,vis,Baldwin Marvin,,"A,0014,I,0795,,",
-988,-0.0029,40286.386,p,vis,Bochmann W,,"D,0025,D,Lich,,",
-983,-0.0052,40289.349,p,vis,Diethelm Roger,,"B,..17,B,..17,Ori 112,",
-983,0.0038,40289.358,p,vis,Peter H,,,"B,..17,B,..17,Ori 112,"
-981,-0.0044,40290.536,p,vis,Diethelm Roger,,"B,..17,B,..17,Ori 112,",
-954,-0.0113,40306.542,p,vis,Dobkowski A,,"A,0014,I,0795,,",
-934,-0.0048,40318.41,p,vis,Peter H,,,"B,..18,B,..18,Ori 113,"
-932,-0.0029,40319.598,p,vis,Bortle J,,"A,0014,I,0795,,",
-929,-0.0041,40321.376,p,vis,Diethelm Roger,,"B,..18,B,..18,Ori 113,",
-929,-0.0031,40321.377,p,vis,Germann R,,"B,..18,B,..18,Ori 113,",
-925,0.0006,40323.753,p,vis,Baldwin Marvin,,"A,0014,I,0795,,",
-910,0.0045,40332.653,p,vis,Sweetsir R,,"A,0014,I,0795,,",
-910,0.0055,40332.654,p,vis,Bortle J,,"A,0014,I,0795,,",
-906,-0.0018,40335.019,p,vis,Shioda Kazuo,,"J,0047,,,,",
-902,-0.0151,40337.378,p,vis,Germann R,,"B,..18,B,..18,Ori 113,",
-900,0.0028,40338.582,p,vis,Bortle J,,"A,0014,I,0795,,",
-898,0.0067,40339.772,p,vis,Sweetsir R,,"A,0014,I,0795,,",
-890,0.0001,40344.51,p,vis,Diethelm Roger,,"B,..18,B,..18,Ori 113,",
-883,0.0016,40348.663,p,vis,Bortle J,,"A,0014,I,0795,,",
-875,-0.009,40353.397,p,vis,Diethelm Roger,,"B,..18,B,..18,Ori 113,",
-873,-0.0071,40354.585,p,vis,Diethelm Roger,,"B,..18,B,..18,Ori 113,",
-852,0.0033,40367.05,p,vis,Shioda Kazuo,,"J,0047,,,,",
-829,0.0037,40380.691,p,vis,Bortle J,,"A,0014,I,0795,,",
-824,-0.0007,40383.652,p,vis,Hall D S,,"I,5303,,,,",
-821,0.0011,40385.433,p,vis,Kyr M.,,,"C,0009,C,0009,,"
-765,-0.0029,40418.641,p,vis,Hall D S,,"I,5303,,,,",
-762,-0.0081,40420.415,p,vis,Rausalova Z,,"C,0009,C,0009,,",
-762,-0.0031,40420.42,p,vis,Kucera Jan,,"C,0009,C,0009,,",
-762,-0.0011,40420.422,p,vis,Slovak V,,"C,0009,C,0009,,",
-762,0.0009,40420.424,p,vis,Jehlickova J,,"C,0009,C,0009,,",
-762,0.0019,40420.425,p,vis,Jehlicka K,,"C,0009,C,0009,,",
-762,0.0079,40420.431,p,vis,Prochazka O,,"C,0012,C,0012,,",
-716,-0.0004,40447.704,p,vis,Baldwin Marvin,,"A,0014,I,0795,,",
-684,-0.0028,40466.68,p,vis,Baldwin Marvin,,"A,0014,I,0795,,",
-677,0.0027,40470.837,p,vis,Baldwin Marvin,,"A,0014,I,0795,,",
-676,0.0037,40471.431,p,vis,Silhan J,,"C,0009,C,0009,,",
-666,-0.024,40477.334,p,vis,Peter H,,,"B,..20,B,..20,Ori 115,"
-666,-0.012,40477.346,p,vis,Mrazek M,,"C,0009,C,0009,,",
-666,-0.006,40477.352,p,vis,Leumann P,,"B,..20,B,..20,Ori 115,",
-666,-0.005,40477.353,p,vis,Zemanek Z,,"C,0009,C,0009,,",
-666,0,40477.358,p,vis,Jurecka J,,"C,0009,C,0009,,",
-666,0.004,40477.362,p,vis,Kocib P,,,"C,0009,C,0009,,"
-666,0.007,40477.365,p,vis,Fernandes Mario,,"D,0008,N,0281,,",
-656,0.0042,40483.293,p,vis,Fernandes Mario,,"D,0008,N,0281,,",
-654,0.0041,40484.479,p,vis,Brezna Josef,,"C,0009,C,0009,,",
-654,0.0041,40484.479,p,vis,Zemanek Z,,"C,0009,C,0009,,",
-610,-0.0021,40510.568,p,vis,Bortle J,,"A,0014,I,0795,,",
-602,0.0033,40515.318,p,vis,Peter H,,,"B,..21,B,..21,Ori 116,"
-580,-0.0082,40528.354,p,vis,Peter H,,,"B,..21,B,..21,Ori 116,"
-580,-0.0007,40528.3615,p,V,Muthsam H,,"I,0631,I,0631,,",
-580,0.0008,40528.363,p,vis,Hall D S,,"I,5303,,,,",
-524,-0.0023,40561.572,p,vis,Bortle J,,"A,0014,I,0795,,",
-470,-0.0022,40593.598,p,vis,Hall D S,,"I,5303,,,,",
-470,-0.0019,40593.5983,p,pe,Hilditch R W,,",,D,Lich,MN 187.42,",
-406,-0.0108,40631.546,p,vis,Diethelm Roger,,"B,..23,B,..23,Ori 118,",
-381,-0.0026,40646.381,p,vis,Locher Kurt,,"B,..23,B,..23,Ori 118,",
-371,-0.0033,40652.311,p,vis,Diethelm Roger,,"B,..23,B,..23,Ori 118,",
-366,0.0014,40655.281,p,vis,Diethelm Roger,,"B,..23,B,..23,Ori 118,",
-327,-0.0045,40678.405,p,vis,Silhan J,,"C,0012,C,0012,,",
-327,-0.0035,40678.406,p,vis,Polloczek R,,"C,0012,C,0012,,",
-256,-0.0036,40720.514,p,vis,Diethelm Roger,,"B,..24,B,..24,Ori 119,",
-165,-0.0071,40774.48,p,vis,Diethelm Roger,,"B,..25,B,..25,Ori 120,",
-155,0.0032,40780.421,p,vis,Raeuber N,,"B,..25,B,..25,Ori 120,",
-128,0.0002,40796.431,p,vis,Locher Kurt,,"B,..25,B,..25,Ori 120,",
-101,-0.0037,40812.44,p,vis,Peter H,,,"B,..26,B,..26,Ori 121,"
-101,0.0033,40812.447,p,vis,Braune Werner,,"D,0025,D,Lich,,",
-73,-0.0027,40829.047,p,vis,Hall D S,,"I,5303,,,,",
-59,-0.0098,40837.343,p,vis,Braune Werner,,"D,0025,D,Lich,,",
-59,-0.0068,40837.346,p,vis,Huebscher J,,"D,0025,D,Lich,,",
-59,-0.0058,40837.347,p,vis,Diethelm Roger,,"B,..26,B,..26,Ori 121,",
-59,-0.0038,40837.349,p,vis,Peter H,,,"B,..26,B,..26,Ori 121,"
-47,-0.0156,40844.454,p,vis,Peter H,,,"B,..26,B,..26,Ori 121,"
-37,-0.0043,40850.396,p,vis,Germann R,,"B,..26,B,..26,Ori 121,",
-32,-0.0097,40853.356,p,vis,Diethelm Roger,,"B,..26,B,..26,Ori 121,",
-32,-0.0087,40853.357,p,vis,Germann R,,"B,..26,B,..26,Ori 121,",
-30,0.0012,40854.553,p,vis,Diethelm Roger,,"B,..26,B,..26,Ori 121,",
-28,-0.004,40855.734,p,vis,Hall D S,,"I,5303,,,,",
-25,-0.0033,40857.5139,p,pe,Karacan H,,"I,0530,I,0530,,48 cm",
-25,-0.0012,40857.516,p,vis,Hall D S,,"I,5303,,,,",
-5,-0.0096,40869.369,p,vis,Geseova M,,"C,0012,C,0012,,",
0,-0.005,40872.339,p,vis,Peter H,,,"B,..27,B,..27,Ori 122,"
0,0,40872.344,p,vis,Germann R,,"B,..27,B,..27,Ori 122,",
7,-0.0085,40876.487,p,vis,Leonhardt J,,"D,0025,D,Lich,,",
7,-0.0005,40876.495,p,vis,Quester Wolfgang,"D,0025,D,Lich,,",,
10,-0.0047,40878.27,p,vis,Peter H,,,"B,..27,B,..27,Ori 122,"
113,-0.0091,40939.352,p,vis,Germann R,,"B,..28,B,..28,Ori 123,",
155,-0.0032,40964.267,p,vis,Locher Kurt,,"B,..28,B,..28,Ori 123,",
155,-0.0002,40964.27,p,vis,Peter H,,,"B,..29,B,..29,Ori 124,"
155,-0.0002,40964.27,p,vis,Germann R,,"B,..28,B,..28,Ori 123,",
194,-0.001,40987.399,p,vis,Peter H,,,"B,..29,B,..29,Ori 124,"
204,0.0003,40993.331,p,vis,Germann R,,"B,..29,B,..29,Ori 124,",
226,-0.0013,41006.377,p,vis,Geseova M,,"C,0014,C,0014,,",
263,-0.0049,41028.317,p,vis,Germann R,,"B,..29,B,..29,Ori 124,",
297,-0.0024,41048.484,p,vis,Peter H,,,"B,..30,B,..30,Ori 125,"
299,-0.0005,41049.672,p,vis,Hall D S,,"I,5303,,,,",
307,-0.0001,41054.417,p,vis,Peter H,,,"B,..30,B,..30,Ori 125,"
312,-0.0105,41057.372,p,vis,Germann R,,"B,..30,B,..30,Ori 125,",
351,-0.0043,41080.508,p,vis,Diethelm Roger,,"B,..30,B,..30,Ori 125,",
410,0.0005,41115.504,p,vis,Diethelm Roger,,"B,..30,B,..30,Ori 125,",
425,-0.0046,41124.395,p,vis,Diethelm Roger,,"B,..30,B,..30,Ori 125,",
452,0.0035,41140.416,p,vis,Peter H,,,"B,..31,B,..31,Ori 126,"
474,-0.0071,41153.453,p,vis,Silhan J,,"C,0014,C,0014,,",
474,-0.0041,41153.456,p,vis,Paschke S,,"C,0014,C,0014,,",
474,-0.0041,41153.456,p,vis,Kocarek P,,"C,0014,C,0014,,",
484,-0.0038,41159.387,p,vis,Diethelm Roger,,"B,..31,B,..31,Ori 126,",
516,-0.0012,41178.368,p,vis,Diethelm Roger,,"B,..31,B,..31,Ori 126,",
572,-0.0042,41211.577,p,vis,Diethelm Roger,,"B,..32,B,..32,Ori 127,",
575,-0.0084,41213.352,p,vis,Diethelm Roger,,"B,..32,B,..32,Ori 127,",
612,-0.0021,41235.302,p,vis,Diethelm Roger,,"B,..33,B,..33,Ori 128,",
634,-0.0066,41248.345,p,vis,Peter H,,,"B,..33,B,..33,Ori 128,"
634,-0.0046,41248.347,p,vis,Braune Werner,,"D,0025,D,Lich,,",
656,-0.0032,41261.396,p,vis,Braune Werner,,"D,0025,D,Lich,,",
656,0.0038,41261.403,p,vis,Lehmann T,,"D,0025,D,Lich,,",
666,0.011,41267.341,p,vis,Braune Werner,,"D,0025,D,Lich,,",
725,-0.0122,41302.309,p,vis,Germann R,,"B,0001,B,0001,,",
762,0.0001,41324.265,p,vis,Germann R,,"B,0001,B,0001,,",
791,-0.003,41341.461,p,vis,Hall D S,,"I,5303,,,,",
806,-0.008,41350.352,p,vis,Peter H,,,"B,0002,B,0002,,"
806,-0.006,41350.354,p,vis,Germann R,,"B,0002,B,0002,,",
811,-0.0054,41353.32,p,vis,Germann R,,"B,0002,B,0002,,",
811,-0.0004,41353.325,p,vis,Klimek Z,,"I,0637,I,0637,,203 mm refr",
811,0.0016,41353.327,p,vis,Diethelm Roger,,"B,0002,B,0002,,",
818,0.0051,41357.482,p,vis,Klimek Z,,"I,0637,I,0637,,203 mm refr",
838,-0.0023,41369.336,p,vis,Diethelm Roger,,"B,0002,B,0002,,",
843,0.0033,41372.307,p,vis,Germann R,,"B,0002,B,0002,,",
843,0.0113,41372.315,p,vis,Peter H,,,"B,0002,B,0002,,"
865,-0.0083,41385.343,p,vis,Diethelm Roger,,"B,0002,B,0002,,",
892,-0.0082,41401.356,p,vis,Peter H,,,"B,0003,B,0003,,"
909,-0.0054,41411.441,p,vis,Peter H,,,"B,0003,B,0003,,"
968,0.0023,41446.44,p,vis,Peter H,,,"B,0003,B,0003,,"
973,-0.0071,41449.396,p,vis,Peter H,,,"B,0003,B,0003,,"
1070,-0.005,41506.926,p,vis,Hall D S,,"I,5303,,,,",
1081,-0.0028,41513.452,p,vis,Locher Kurt,,"B,0004,B,0004,,",
1091,-0.0006,41519.385,p,vis,Bauer J,,,"D,0026,D,Lich,,"
1130,-0.0134,41542.502,p,vis,Peter H,,,"B,0005,B,0005,,"
1214,-0.0084,41592.325,p,vis,Peter H,,,"B,0006,B,0006,,"
1219,-0.0118,41595.287,p,vis,Diethelm Roger,,"B,0006,B,0006,,",
1290,-0.0069,41637.4,p,vis,Peter H,,,"B,0006,B,0006,,"
1312,0.0005,41650.455,p,vis,Peter H,,,"B,0006,B,0006,,"
1354,-0.0095,41675.354,p,vis,Germann R,,"B,0007,B,0007,,",
1359,0.0052,41678.334,p,vis,Germann R,,"B,0007,B,0007,,",
1364,-0.0063,41681.2879,p,V,Pohl E,,,"I,0937,I,0937,,"
1364,-0.0052,41681.289,p,vis,Hall D S,,"I,5303,,,,",
1364,-0.0022,41681.292,p,vis,Polloczek R,,"C,0017,C,0017,,",
1388,-0.0085,41695.5194,p,pe,Patkos L,,",,D,Lich,MBS 80.9,",
1388,-0.0079,41695.52,p,pe,Albayrak B,,"I,5303,,,,",
1391,-0.0102,41697.297,p,pe,Albayrak B,,"I,5303,,,,",
1391,-0.0092,41697.298,p,pe,Patkos L,,",,D,Lich,MBS 80.9,",
1411,-0.0086,41709.16,p,vis,Hall D S,,"I,5303,,,,",
1428,0.0012,41719.252,p,vis,Diethelm Roger,,"B,0008,B,0008,,",
1439,-0.0166,41725.758,p,vis,Mallama Anthony,,"B,0008,B,0008,,",
1445,-0.01,41729.323,p,vis,Germann R,,"B,0008,B,0008,,",
1476,-0.0133,41747.705,p,vis,Mallama Anthony,,"B,0008,B,0008,,",
1484,-0.0138,41752.449,p,vis,Peter H,,,"B,0008,B,0008,,"
1504,-0.0133,41764.311,p,vis,Germann R,,"B,0008,B,0008,,",
1504,-0.0053,41764.319,p,vis,Braune Werner,,"D,0028,D,Lich,,",
1526,-0.0199,41777.352,p,vis,Germann R,,"B,0009,B,0009,,",
1526,-0.0119,41777.36,p,vis,Peter H,,,"B,0009,B,0009,,"
1526,-0.0039,41777.368,p,vis,Diethelm Roger,,"B,0009,B,0009,,",
1542,-0.005,41786.856,p,vis,Mallama Anthony,,"B,0009,B,0009,,",
1543,-0.0081,41787.446,p,vis,Locher Kurt,,"B,0009,B,0009,,",
1575,-0.0124,41806.42,p,vis,Peter H,,,"B,0009,B,0009,,"
1624,-0.0129,41835.48,p,pe,Patkos L,,",,D,Lich,MBS 80.9,",
1666,-0.013,41860.389,p,vis,Diethelm Roger,,"B,0010,B,0010,,",
1725,0.0158,41895.409,p,vis,Vlcek M,,,"C,0017,C,0017,,"
1742,-0.0084,41905.467,p,pe,Patkos L,,",,D,Lich,MBS 80.9,",
1784,-0.0104,41930.374,p,vis,Diethelm Roger,,"B,0011,B,0011,,",
1784,-0.0074,41930.377,p,pe,Patkos L,,",,D,Lich,MBS 80.9,",
1786,-0.0071,41931.5635,p,pe,Patkos L,,",,D,Lich,MBS 80.9,",
1789,-0.0061,41933.3437,p,pe,Patkos L,,",,D,Lich,MBS 80.9,",
1791,-0.0082,41934.5278,p,pe,Patkos L,,",,D,Lich,MBS 80.9,",
1793,0.0139,41935.736,p,vis,Mallama Anthony,,"B,0011,B,0011,,",
1803,-0.0148,41941.638,p,vis,Locher Kurt,,"B,0011,B,0011,,",
1833,-0.008,41959.437,p,pe,Patkos L,,",,D,Lich,MBS 80.9,",
1835,-0.0081,41960.623,p,pe,Patkos L,,",,D,Lich,MBS 80.9,",
1836,-0.0197,41961.501,s,vis,Tresner L,,"C,   0,C,   0,,",
1838,-0.0203,41962.39,p,vis,Kohoutek I,,"C,0017,C,0017,,",
1838,-0.0079,41962.4024,p,pe,Patkos L,,",,D,Lich,MBS 80.9,",
1848,-0.0101,41968.331,p,vis,Vlcek M,,,"C,0017,C,0017,,"
1865,-0.0073,41978.416,p,pe,Patkos L,,",,D,Lich,MBS 80.9,",
1868,0.0025,41980.5015,s,vis,Lazar P,,,"C,   0,C,   0,,"
1870,-0.0136,41981.375,p,vis,Kohoutek I,,"C,0017,C,0017,,",
1870,-0.0096,41981.379,p,vis,Novak P,,,"C,0017,C,0017,,"
1870,-0.0086,41981.38,p,pe,Patkos L,,",,D,Lich,MBS 80.9,",
1872,-0.0083,41982.5665,p,pe,Patkos L,,",,D,Lich,MBS 80.9,",
1875,-0.01,41984.344,p,pe,Albayrak B,,"I,5303,,,,",
1875,-0.0091,41984.3449,p,pe,Patkos L,,",,D,Lich,MBS 80.9,",
1880,-0.0184,41987.301,p,vis,Germann R,,"B,0012,B,0012,,",
1885,-0.0007,41990.284,p,vis,Vlcek M,,,"C,0017,C,0017,,"
1912,-0.0077,42006.29,p,vis,Peter H,,,"B,0012,B,0012,,"
1934,-0.0105,42019.3347,p,pe,Patkos L,,",,D,Lich,MBS 80.9,",
1961,-0.0082,42035.35,p,vis,Diethelm Roger,,"B,0013,B,0013,,",
1965,-0.0075,42037.723,p,pe,Albayrak B,,"I,5303,,,,",
1981,-0.0136,42047.206,p,vis,Braune Werner,,"D,0008,N,0281,,",
2005,-0.0074,42061.446,p,vis,Locher Kurt,,"B,0013,B,0013,,",
2022,-0.0086,42071.527,p,pe,Albayrak B,,"I,5303,,,,",
2052,-0.0237,42089.304,p,vis,Hudec J,,,"C,0020,C,0020,,"
2052,-0.0177,42089.31,p,vis,Diethelm Roger,,"B,0014,B,0014,,",
2081,-0.0114,42106.5154,p,pe,Patkos L,,",,D,Lich,MBS 80.9,",
2096,-0.0119,42115.411,p,vis,Locher Kurt,,"B,0014,B,0014,,",
2098,-0.0131,42116.596,p,vis,Locher Kurt,,"B,0014,B,0014,,",
2101,-0.0053,42118.383,p,vis,Peter H,,,"B,0014,B,0014,,"
2101,-0.0053,42118.383,p,vis,Locher Kurt,,"B,0014,B,0014,,",
2118,-0.0215,42128.449,p,vis,Hudec J,,,"C,0020,C,0020,,"
2138,-0.0269,42140.305,p,vis,Germann R,,"B,0015,B,0015,,",
2165,-0.0229,42156.322,p,vis,Germann R,,"B,0015,B,0015,,",
2167,-0.016,42157.515,p,vis,Diethelm Roger,,"B,0015,B,0015,,",
2189,-0.0086,42170.57,p,vis,Locher Kurt,,"B,0015,B,0015,,",
2209,-0.009,42182.431,p,vis,Figer Alain,,"B,0016,B,0016,,",
2263,-0.0059,42214.46,p,vis,Peter H,,,"B,0016,B,0016,,"
2290,-0.0179,42230.461,p,vis,Figer Alain,,"B,0016,B,0016,,",
2300,-0.0116,42236.398,p,vis,Figer Alain,,"B,0016,B,0016,,",
2309,-0.0132,42241.734,p,pe,Albayrak B,,"I,5303,,,,",
2317,-0.0178,42246.474,p,vis,Locher Kurt,,"B,0016,B,0016,,",
2322,-0.0092,42249.448,p,vis,Locher Kurt,,"B,0016,B,0016,,",
2344,-0.0048,42262.5,p,vis,Locher Kurt,,"B,0017,B,0017,,",
2359,-0.0148,42271.386,p,vis,Locher Kurt,,"B,0017,B,0017,,",
2364,-0.0132,42274.353,p,vis,Hudec J,,,"C,0020,C,0020,,"
2366,-0.0154,42275.537,p,vis,Locher Kurt,,"B,0017,B,0017,,",
2386,-0.0058,42287.408,p,vis,Figer Alain,,"B,0017,B,0017,,",
2393,-0.0023,42291.563,p,vis,Locher Kurt,,"B,0017,B,0017,,",
2401,-0.0169,42296.293,p,vis,Locher Kurt,,"B,0017,B,0017,,",
2401,-0.0099,42296.3,p,vis,Diethelm Roger,,"B,0017,B,0017,,",
2408,-0.0124,42300.449,p,vis,Figer Alain,,"B,0017,B,0017,,",
2408,-0.0114,42300.45,p,vis,Remis Joseph,,"B,0017,B,0017,,",
2408,0.0006,42300.462,p,vis,Le Borgne JeanFr,"B,0019,B,0019,,",,
2415,-0.0089,42304.604,p,pe,Patkos L,,",,D,Lich,MBS 80.9,",
2415,-0.0079,42304.605,p,pe,Albayrak B,,"I,5303,,,,",
2420,-0.0092,42307.569,p,vis,Paschke S,,"C,0020,C,0020,,",
2423,-0.0055,42309.352,p,vis,Le Borgne JeanFr,"B,0019,B,0019,,",,
2428,-0.0088,42312.314,p,vis,Locher Kurt,,"B,0017,B,0017,,",
2432,-0.0171,42314.678,p,vis,Locher Kurt,,"B,0017,B,0017,,",
2514,-0.033,42363.294,p,vis,Germann R,,"B,0018,D,Lich,BBS 18,",
2514,-0.005,42363.322,p,vis,Locher Kurt,,"B,0018,D,Lich,BBS 18,",
2519,-0.0114,42366.281,p,V,Guelmen G,,"I,1053,I,1053,,",
2524,-0.0147,42369.243,p,vis,Germann R,,"B,0018,D,Lich,BBS 18,",
2524,-0.0127,42369.245,p,vis,Locher Kurt,,"B,0018,D,Lich,BBS 18,",
2531,-0.0142,42373.395,p,vis,Locher Kurt,,"B,0018,D,Lich,BBS 18,",
2551,-0.0147,42385.256,p,vis,Germann R,,"B,0019,B,0019,,",
2551,0.0013,42385.272,p,vis,Locher Kurt,,"B,0019,B,0019,,",
2558,-0.0072,42389.415,p,vis,Locher Kurt,,"B,0019,B,0019,,",
2560,-0.0113,42390.597,p,vis,Locher Kurt,,"B,0019,B,0019,,",
2563,-0.0045,42392.383,p,vis,Figer Alain,,"B,0019,B,0019,,",
2568,-0.0069,42395.346,p,vis,Locher Kurt,,"B,0019,B,0019,,",
2568,-0.0039,42395.349,p,vis,Figer Alain,,"B,0019,B,0019,,",
2583,-0.007,42404.242,p,vis,Braune Werner,,"D,0008,N,0281,,",
2585,-0.0108,42405.4243,p,pe,Patkos L,,",,D,Lich,MBS 80.9,",
2589,-0.0104,42407.797,p,pe,Albayrak B,,"I,5303,,,,",
2600,-0.0072,42414.324,p,vis,Diethelm Roger,,"B,0020,B,0020,,",
2605,-0.0066,42417.29,p,vis,Diethelm Roger,,"B,0020,B,0020,,",
2615,0.0057,42423.233,p,vis,Locher Kurt,,"B,0020,B,0020,,",
2632,-0.0105,42433.299,p,vis,Locher Kurt,,"B,0020,B,0020,,",
2664,-0.0188,42452.269,p,vis,Germann R,,"B,0021,B,0021,,",
2664,-0.0168,42452.271,p,vis,Diethelm Roger,,"B,0021,B,0021,,",
2664,-0.0118,42452.276,p,vis,Figer Alain,,"B,0021,B,0021,,",
2664,-0.0118,42452.276,p,vis,Locher Kurt,,"B,0021,B,0021,,",
2676,-0.0067,42459.398,p,pg,Dietrich Martin,,",,D,Lich,MVS 7.32,",
2678,-0.0103,42460.5805,p,pe,Patkos L,,",,D,Lich,MBS 80.9,",
2686,-0.0214,42465.314,p,vis,Locher Kurt,,"B,0021,B,0021,,",
2686,-0.0105,42465.3249,p,pe,Patkos L,,",,D,Lich,MBS 80.9,",
2686,-0.0074,42465.328,p,vis,Germann R,,"B,0021,B,0021,,",
2689,-0.0096,42467.105,p,pe,Albayrak B,,"I,5303,,,,",
2691,-0.0068,42468.294,p,vis,Locher Kurt,,"B,0021,B,0021,,",
2693,-0.0099,42469.477,p,vis,Locher Kurt,,"B,0021,B,0021,,",
2693,0.0001,42469.487,p,vis,Figer Alain,,"B,0021,B,0021,,",
2735,-0.0139,42494.382,p,vis,Braune Werner,,"D,0008,N,0281,,",
2774,-0.0115,42517.5142,p,V,Ertan A Y,,"I,1163,I,1163,,",
2774,-0.0097,42517.516,p,pe,Albayrak B,,"I,5303,,,,",
2784,-0.0114,42523.445,p,pe,Albayrak B,,"I,5303,,,,",
2784,-0.0111,42523.4453,p,pe,Patkos L,,",,D,Lich,MBS 80.9,",
2789,-0.0138,42526.408,p,vis,Peter H,,,"B,0022,B,0022,,"
2794,-0.0192,42529.368,p,vis,Germann R,,"B,0022,B,0022,,",
2794,-0.0132,42529.374,p,vis,Locher Kurt,,"B,0022,B,0022,,",
2794,-0.0102,42529.377,p,vis,Peter H,,,"B,0022,B,0022,,"
2794,0.0018,42529.389,p,vis,Le Borgne JeanFr,"B,0022,B,0022,,",,
2799,-0.0225,42532.33,p,vis,Germann R,,"B,0022,B,0022,,",
2816,-0.0128,42542.422,p,vis,Locher Kurt,,"B,0022,B,0022,,",
2821,-0.0121,42545.388,p,pe,Patkos L,,",,D,Lich,MBS 80.9,",
2821,-0.0106,42545.3895,p,V,Guelmen O,,"I,1163,I,1163,,",
2821,-0.0092,42545.3909,p,V,Guelmen O,,"I,1163,I,1163,,",
2821,-0.0081,42545.392,p,vis,Locher Kurt,,"B,0022,B,0022,,",
2848,-0.0071,42561.406,p,vis,Locher Kurt,,"B,0022,B,0022,,",
2866,-0.0104,42572.078,p,pe,Albayrak B,,"I,5303,,,,",
2897,0.0084,42590.482,p,vis,Le Borgne JeanFr,"B,0023,B,0023,,",,
2904,-0.0099,42594.6152,p,vis,GCVS,,,"0,GCVS,0,GCVS,,"
2907,-0.0073,42596.397,p,vis,Novak P,,,"C,0020,C,0020,,"
2919,-0.0112,42603.51,p,pe,Patkos L,,",,D,Lich,MBS 80.9,",
2919,-0.0092,42603.512,p,pe,Albayrak B,,"I,5303,,,,",
2924,-0.0235,42606.463,p,vis,Diethelm Roger,,"B,0023,B,0023,,",
2951,-0.0135,42622.486,p,vis,Locher Kurt,,"B,0023,B,0023,,",
2956,-0.0168,42625.448,p,vis,Jurik J,,,"C,0020,C,0020,,"
2956,-0.0128,42625.452,p,vis,Sulan J,,,"C,0020,C,0020,,"
2956,-0.0128,42625.452,p,vis,Kisela J,,"C,0020,C,0020,,",
2956,-0.0108,42625.454,p,vis,Cech V,,,"C,0020,C,0020,,"
2956,-0.0108,42625.454,p,vis,Synek J,,,"C,0020,C,0020,,"
2956,-0.0108,42625.454,p,vis,Tomca V,,,"C,0020,C,0020,,"
2956,-0.0078,42625.457,p,vis,Sveda R,,,"C,0020,C,0020,,"
2956,-0.0058,42625.459,p,vis,Vasek J,,,"C,0020,C,0020,,"
2961,-0.0202,42628.41,p,vis,Diethelm Roger,,"B,0023,B,0023,,",
2964,-0.0082,42630.4977,s,vis,Sobek M,,,"C,   0,C,   0,,"
2966,-0.0126,42631.383,p,vis,Sukel A,,,"C,0020,C,0020,,"
2966,-0.0106,42631.385,p,vis,Sveda R,,,"C,0020,C,0020,,"
2971,-0.0109,42634.35,p,pe,Patkos L,,",,D,Lich,MBS 80.9,",
2990,-0.0123,42645.617,p,vis,Locher Kurt,,"B,0023,B,0023,,",
3017,-0.0002,42661.642,p,vis,Locher Kurt,,"B,0024,B,0024,,",
3065,-0.0077,42690.102,p,pe,Albayrak B,,"I,5303,,,,",
3180,-0.014,42758.299,p,vis,Germann R,,"B,0025,B,0025,,",
3202,-0.0105,42771.35,p,V,Guelmen O,,"I,1163,I,1163,,",
3207,-0.0329,42774.293,p,vis,Germann R,,"B,0025,B,0025,,",
3212,-0.0127,42777.2786,p,V,Guelmen O,,"I,1163,I,1163,,",
3212,-0.0121,42777.2792,p,V,Guelmen O,,"I,1163,I,1163,,",
3217,0.0004,42780.257,p,vis,Locher Kurt,,"B,0026,B,0026,,",
3229,-0.0055,42787.368,p,vis,Germann R,,"B,0026,B,0026,,",
3266,-0.0062,42809.311,p,vis,Lody R,,,"D,0029,D,Lich,,"
3278,-0.0132,42816.4208,p,vis,Hanzlik J,,"C,0021,C,0021,,",
3298,-0.0235,42828.272,p,vis,Germann R,,"B,0026,B,0026,,",
3300,-0.0116,42829.47,p,pe,Patkos L,,",,D,Lich,MBS 80.9,",
3300,-0.0107,42829.4709,p,vis,Rehacek O,,"C,0021,C,0021,,",
3302,-0.0127,42830.655,p,pe,Patkos L,,",,D,Lich,MBS 80.9,",
3305,-0.01,42832.437,p,vis,Locher Kurt,,"B,0026,B,0026,,",
3312,-0.0135,42836.585,p,pe,Patkos L,,",,D,Lich,MBS 80.9,",
3312,-0.0085,42836.59,p,pe,Albayrak B,,"I,5303,,,,",
3312,-0.008,42836.5905,p,V,Mallama Anthony,,"I,1249,I,1249,,",
3312,-0.0075,42836.591,p,vis,Locher Kurt,,"B,0026,B,0026,,",
3315,-0.012,42838.3657,p,vis,Sulan J,,,"C,0021,C,0021,,"
3320,-0.024,42841.319,p,vis,Hanzlik J,,"C,0021,C,0021,,",
3339,-0.0104,42852.601,p,V,Mallama Anthony,,"I,1249,I,1249,,",
3344,-0.011,42855.5658,p,V,Mallama Anthony,,"I,1249,I,1249,,",
3367,-0.0144,42869.4995,s,vis,Sulan J,,,"C,   0,C,   0,,"
3369,-0.0166,42870.387,p,vis,Hanzlik J,,"C,0021,C,0021,,",
3369,-0.0104,42870.3932,p,vis,Rehacek O,,"C,0021,C,0021,,",
3371,-0.0117,42871.578,p,pe,Patkos L,,",,D,Lich,MBS 80.9,",
3373,-0.0139,42872.762,p,pe,Albayrak B,,"I,5303,,,,",
3393,-0.0173,42884.62,p,vis,Locher Kurt,,"B,0027,B,0027,,",
3396,-0.0145,42886.402,p,vis,Peter H,,,"B,0027,B,0027,,"
3433,-0.0122,42908.348,p,vis,Locher Kurt,,"B,0028,B,0028,,",
3445,-0.014,42915.463,p,vis,Peter H,,,"B,0028,B,0028,,"
3445,-0.004,42915.473,p,vis,Locher Kurt,,"B,0028,B,0028,,",
3499,-0.0119,42947.491,p,pe,Patkos L,,",,D,Lich,MBS 80.9,",
3526,-0.0231,42963.4928,p,vis,"Vesely Ji.,HS",,"C,0021,C,0021,,",
3531,-0.0122,42966.469,p,vis,Simecek Pav,,"C,0021,C,0021,,",
3531,-0.0082,42966.473,p,vis,Rehacek O,,"C,0021,C,0021,,",
3568,-0.0029,42988.422,p,vis,Locher Kurt,,"B,0029,B,0029,,",
3570,-0.018,42989.593,p,vis,Locher Kurt,,"B,0029,B,0029,,",
3595,-0.0018,43004.436,p,vis,Locher Kurt,,"B,0029,B,0029,,",
3600,-0.0102,43007.393,p,vis,Rehacek O,,"C,0021,C,0021,,",
3612,-0.0161,43014.504,p,vis,Hudec J,,,"C,0021,C,0021,,"
3612,-0.0134,43014.5067,p,vis,Duhajsky J,,"C,0021,C,0021,,",
3612,-0.0101,43014.51,p,vis,Lazna J,,,"C,0021,C,0021,,"
3612,-0.0081,43014.512,p,vis,Duchtik L,,"C,0021,C,0021,,",
3612,-0.0071,43014.513,p,vis,Jurik J,,,"C,0021,C,0021,,"
3612,-0.0051,43014.515,p,vis,Cech V,,,"C,0021,C,0021,,"
3612,-0.0021,43014.518,p,vis,Vesely Jiri,,"C,0021,C,0021,,",
3666,-0.013,43046.533,p,vis,Locher Kurt,,"B,0030,B,0030,,",
3669,-0.0192,43048.306,p,vis,Mueller V,,"C,0021,C,0021,,",
3686,-0.0244,43058.383,p,vis,Germann R,,"B,0030,B,0030,,",
3691,-0.0158,43061.357,p,vis,Germann R,,"B,0030,B,0030,,",
3691,-0.0125,43061.3603,p,pe,Patkos L,,",,D,Lich,MBS 80.9,",
3701,-0.0085,43067.295,p,vis,Penna M,,,"B,0034,B,0034,,"
3713,-0.0103,43074.41,p,vis,Germann R,,"B,0030,B,0030,,",
3718,-0.0117,43077.374,p,pe,Patkos L,,",,D,Lich,MBS 80.9,",
3720,-0.011,43078.5608,p,pe,Patkos L,,",,D,Lich,MBS 80.9,",
3782,-0.0113,43115.331,p,pe,Hilditch R W,,",,D,Lich,MN 187.42,",
3787,-0.0147,43118.293,p,pe,Albayrak B,,"I,5303,,,,",
3814,-0.0096,43134.311,p,vis,Germann R,,"B,0031,B,0031,,",
3816,-0.0123,43135.4945,p,pe,Patkos L,,",,D,Lich,MBS 80.9,",
3821,-0.0111,43138.461,p,V,Kaestner H,,"I,1358,I,1358,,",
3912,-0.0124,43192.4293,p,pe,Patkos L,,",,D,Lich,MBS 80.9,",
3922,-0.0125,43198.3599,p,pe,Patkos L,,",,D,Lich,MBS 80.9,",
3956,-0.0132,43218.5236,p,pe,Patkos L,,",,D,Lich,MBS 80.9,",
3958,-0.006,43219.717,p,vis,Stephan Chris,,"I,1502,I,1502,,",
3962,-0.0078,43222.384,s,V,Niarchos P,,"I,1289,I,1289,,Kryonerion",
3968,-0.0107,43225.643,p,vis,Stephan Chris,,"I,1502,I,1502,,",
3978,-0.0124,43231.572,p,vis,Stephan Chris,,"I,1502,I,1502,,",
3991,-0.0114,43239.283,p,vis,Locher Kurt,,"B,0033,B,0033,,",
4000,-0.016,43244.616,p,vis,Stephan Chris,,"I,1502,I,1502,,",
4032,-0.0155,43263.5948,p,pe,Mallama Anthony,,"I,1682,I,1682,,",
4035,-0.0105,43265.379,p,vis,Locher Kurt,,"B,0033,B,0033,,",
4074,-0.0143,43288.505,p,pe,Patkos L,,",,D,Lich,MBS 80.9,",
4207,-0.0109,43367.387,p,vis,Kozel Z,,,"C,0021,C,0021,,"
4207,-0.0109,43367.387,p,vis,Tutko M,,,"C,0021,C,0021,,"
4207,-0.0059,43367.392,p,vis,Duchtik L,,"C,0021,C,0021,,",
4229,-0.0125,43380.433,p,vis,Wabnitz S,,"B,0035,B,0035,,",
4231,-0.0136,43381.618,p,vis,Stephan Chris,,"I,1502,I,1502,,",
4239,-0.0022,43386.374,p,vis,Vesely Jiri,,"C,0021,C,0021,,",
4251,-0.0123,43393.4808,p,pe,Patkos L,,",,D,Lich,MBS 80.9,",
4268,-0.0123,43403.563,p,vis,Ivan P,,,"C,0021,C,0021,,"
4320,-0.008,43434.407,p,vis,Locher Kurt,,"B,0035,B,0035,,",
4322,-0.0152,43435.586,p,vis,Locher Kurt,,"B,0035,B,0035,,",
4357,-0.0187,43456.34,p,vis,Germann R,,"B,0035,B,0035,,",
4377,-0.0021,43468.218,p,vis,Locher Kurt,,"B,0035,B,0035,,",
4411,-0.0196,43488.365,p,vis,Germann R,,"B,0036,B,0036,,",
4427,-0.0107,43497.863,p,pe,Albayrak B,,"I,5303,,,,",
4431,-0.015,43500.231,p,vis,Germann R,,"B,0036,B,0036,,",
4438,-0.0095,43504.388,p,vis,Peter H,,,"B,0036,B,0036,,"
4443,-0.0039,43507.359,p,vis,Peter H,,,"B,0036,B,0036,,"
4448,-0.0103,43510.318,p,vis,Peter H,,,"B,0036,B,0036,,"
4512,-0.0059,43548.279,p,vis,Peter H,,,"B,0036,B,0036,,"
4561,-0.0174,43577.328,p,vis,Germann R,,"B,0037,D,Lich,BBS 37,",
4561,-0.0114,43577.334,p,vis,Penna M,,,"B,0038,B,0038,,"
4563,-0.0155,43578.516,p,vis,Penna M,,,"B,0038,B,0038,,"
4566,-0.0098,43580.301,p,vis,Vesely Jiri,,"C,0023,C,0023,,",
4585,-0.0001,43591.579,p,vis,Stephan Chris,,"I,1502,I,1502,,",
4598,0.0039,43599.293,p,vis,Vesely Jiri,,"C,0023,C,0023,,",
4610,-0.0099,43606.396,p,vis,Vesely Jiri,,"C,0023,C,0023,,",
4772,-0.0036,43702.48,p,vis,Peter H,,,"B,0038,B,0038,,"
4804,-0.0169,43721.445,p,vis,Rozsypalkova I,,"C,0023,C,0023,,",
4804,-0.0149,43721.447,p,vis,Mrazek J,,"C,0023,C,0023,,",
4804,-0.0139,43721.448,p,vis,Hradilova I,,"C,0023,C,0023,,",
4804,-0.0139,43721.448,p,vis,Zapletalova J,,"C,0023,C,0023,,",
4804,-0.0129,43721.449,p,vis,Jancarova P,,"C,0023,C,0023,,",
4804,-0.0094,43721.4525,p,vis,Radova E,,"C,0023,C,0023,,",
4804,-0.0079,43721.454,p,vis,Cech V,,,"C,0023,C,0023,,"
4804,-0.0079,43721.454,p,vis,Bohuslavova M,,"C,0023,C,0023,,",
4804,-0.0079,43721.454,p,vis,Macek R,,,"C,0023,C,0023,,"
4804,-0.0079,43721.454,p,vis,Putna L,,,"C,0023,C,0023,,"
4804,-0.0049,43721.457,p,vis,Franko F,,"C,0023,C,0023,,",
4804,-0.0018,43721.4601,p,vis,Borosova J,,"C,0023,C,0023,,",
4809,-0.0102,43724.417,p,vis,Wagner V,,"C,0023,C,0023,,",
4814,-0.0246,43727.368,p,vis,Ivan P,,,"C,0023,C,0023,,"
4814,-0.0226,43727.37,p,vis,Vojtek K,,"C,0023,C,0023,,",
4814,-0.0196,43727.373,p,vis,Radova E,,"C,0023,C,0023,,",
4814,-0.0186,43727.374,p,vis,Putna L,,,"C,0023,C,0023,,"
4814,-0.0186,43727.374,p,vis,Jancarova P,,"C,0023,C,0023,,",
4814,-0.0126,43727.38,p,vis,Petrov D,,"C,0023,C,0023,,",
4814,-0.0086,43727.384,p,vis,Silhan J,,"C,0023,C,0023,,",
4814,-0.0086,43727.384,p,vis,Rozsypalkova I,,"C,0023,C,0023,,",
4814,-0.0076,43727.385,p,vis,Hradilova I,,"C,0023,C,0023,,",
4814,-0.0076,43727.385,p,vis,Zapletalova J,,"C,0023,C,0023,,",
4814,-0.0056,43727.387,p,vis,Griscik J,,"C,0023,C,0023,,",
4863,-0.0111,43756.442,p,vis,Petrov D,,"C,0023,C,0023,,",
4905,-0.0072,43781.355,p,vis,Penna M,,,"B,0040,B,0040,,"
5020,-0.0136,43849.5518,p,pe,Patkos L,,",,D,Lich,MBS 80.9,",
5030,-0.0082,43855.488,p,pe,Albayrak B,,"I,5303,,,,",
5069,-0.013,43878.613,p,pe,Patkos L,,",,D,Lich,MBS 80.9,",
5072,-0.0122,43880.393,p,pe,Patkos L,,",,D,Lich,MBS 80.9,",
5087,-0.0193,43889.282,p,vis,Germann R,,"B,0041,B,0041,,",
5092,-0.0126,43892.254,p,pe,Groebel R,,"I,1924,,,,",
5113,0.0039,43904.725,p,vis,Locher Kurt,,"B,0041,B,0041,,",
5151,-0.0129,43927.245,p,pe,Patkos L,,",,D,Lich,MBS 80.9,",
5153,-0.014,43928.43,p,pe,Patkos L,,",,D,Lich,MBS 80.9,",
5212,-0.0143,43963.421,p,vis,Petrov D,,"C,0023,C,0023,,",
5276,-0.0139,44001.378,p,vis,Locher Kurt,,"B,0043,B,0043,,",
5298,-0.0125,44014.427,p,vis,Brozman D,,"C,0023,C,0023,,",
5303,-0.0068,44017.398,p,vis,Brozman D,,"C,0023,C,0023,,",
5330,-0.0148,44033.403,p,vis,Locher Kurt,,"B,0044,B,0044,,",
5357,-0.0123,44049.4184,p,pe,Patkos L,,",,D,Lich,MBS 80.9,",
5411,-0.0126,44081.444,p,pe,Patkos L,,",,D,Lich,MBS 80.9,",
5448,-0.0153,44103.385,p,pe,Patkos L,,",,D,Lich,MBS 80.9,",
5500,-0.0084,44134.5281,s,pe,Milano E,,"0,0000,0,0000,ASS 124.84,",
5500,-0.0067,44134.5298,s,pe,Milano E,,"0,0000,0,0000,ASS 124.84,",
5500,-0.0038,44134.5327,s,pe,Milano E,,"0,0000,0,0000,ASS 124.84,",
5556,-0.014,44167.438,p,pe,Albayrak B,,"I,5303,,,,",
5556,-0.0133,44167.4387,p,pe,Milano E,,"0,0000,0,0000,ASS 124.83,",
5556,-0.0132,44167.4388,p,pe,Milano E,,"0,0000,0,0000,ASS 124.83,",
5595,-0.0158,44190.566,p,pe,Albayrak B,,"I,5303,,,,",
5595,-0.0153,44190.5665,p,pe,Milano E,,"0,0000,0,0000,ASS 124.84,",
5595,-0.0142,44190.5676,p,pe,Milano E,,"0,0000,0,0000,ASS 124.84,",
5613,-0.0101,44201.247,p,vis,Germann R,,"B,0045,B,0045,,",
5615,-0.0133,44202.43,p,vis,Locher Kurt,,"B,0045,B,0045,,",
5726,-0.0273,44268.247,p,vis,Germann R,,"B,0046,B,0046,,",
5743,-0.0125,44278.344,p,vis,Germann R,,"B,0046,B,0046,,",
5743,-0.0123,44278.3442,p,B,Milano E,,"0,0000,0,0000,,",
5743,-0.0122,44278.3443,p,V,Milano E,,"0,0000,0,0000,ASS 124.83,",
5743,-0.0112,44278.6418,s,B,Milano E,,"0,0000,0,0000,ASS 124.83,",
5743,-0.0106,44278.6424,s,V,Milano E,,"0,0000,0,0000,ASS 124.84,",
5753,-0.0162,44284.271,p,vis,Germann R,,"B,0046,B,0046,,",
5755,-0.012,44285.4614,p,pe,Patkos L,,",,D,Lich,MBS 80.9,",
5765,-0.0126,44291.3915,p,V,Pohl E,,,"I,2189,,,,"
5772,-0.0096,44295.546,p,vis,Frank,,,"D,0036,D,0036,,"
5807,-0.0121,44316.301,p,vis,Germann R,,"B,0047,B,0047,,",
5851,-0.0313,44342.377,p,vis,Germann R,,"B,0047,B,0047,,",
5856,-0.0119,44345.3617,p,pe,Patkos L,,",,D,Lich,MBS 80.9,",
5878,-0.0072,44358.414,p,vis,Locher Kurt,,"B,0047,B,0047,,",
5883,-0.0186,44361.368,p,vis,Locher Kurt,,"B,0048,B,0048,,",
5900,-0.0129,44371.4559,p,pe,Patkos L,,",,D,Lich,MBS 80.9,",
5959,-0.007,44406.453,p,vis,Mavrofridis G,,"B,0049,B,0049,,",
5964,-0.0074,44409.418,p,vis,Mavrofridis G,,"B,0049,B,0049,,",
5969,-0.0088,44412.382,p,vis,Mavrofridis G,,"B,0049,B,0049,,",
5974,-0.0061,44415.35,p,vis,Mavrofridis G,,"B,0049,B,0049,,",
6008,-0.0136,44435.507,p,vis,Locher Kurt,,"B,0049,B,0049,,",
6013,-0.0169,44438.469,p,vis,Machkova N,,"C,0023,C,0023,,",
6018,-0.0133,44441.438,p,vis,Locher Kurt,,"B,0049,B,0049,,",
6023,-0.0117,44444.405,p,vis,Locher Kurt,,"B,0049,B,0049,,",
6025,-0.0118,44445.591,p,vis,Locher Kurt,,"B,0049,B,0049,,",
6038,-0.0057,44453.307,p,vis,Mavrofridis G,,"B,0049,B,0049,,",
6040,-0.0219,44454.477,p,vis,Machkova N,,"C,0023,C,0023,,",
6040,-0.012,44454.4869,p,pe,Patkos L,,",,D,Lich,MBS 80.9,",
6045,-0.0092,44457.455,p,vis,Kolcun A,,"C,0023,C,0023,,",
6055,-0.017,44463.378,p,vis,Wagner V,,"C,0023,C,0023,,",
6055,-0.01,44463.385,p,vis,Kanuk Pavol,,"C,0023,C,0023,,",
6055,-0.005,44463.39,p,vis,Kolcun A,,"C,0023,C,0023,,",
6060,-0.0163,44466.344,p,vis,Mavrofridis G,,"B,0049,B,0049,,",
6062,-0.0165,44467.53,p,vis,Mavrofridis G,,"B,0049,B,0049,,",
6062,-0.0155,44467.531,p,vis,Slatinsky A,,"C,0023,C,0023,,",
6079,-0.0137,44477.615,p,pe,Patkos L,,",,D,Lich,MBS 80.9,",
6094,-0.0118,44486.513,p,vis,Wagner V,,"C,0023,C,0023,,",
6099,-0.0101,44489.48,p,vis,Mavrofridis G,,"B,0051,B,0051,,",
6114,-0.0202,44498.366,p,vis,Mavrofridis G,,"B,0051,B,0051,,",
6119,-0.0046,44501.347,p,vis,Mavrofridis G,,"B,0051,B,0051,,",
6146,-0.0245,44517.34,p,vis,Mavrofridis G,,"B,0051,B,0051,,",
6156,-0.0172,44523.278,p,vis,Locher Kurt,,"B,0051,B,0051,,",
6156,-0.0152,44523.28,p,vis,Stoikidis N,,"B,0051,B,0051,,",
6158,-0.0064,44524.475,p,vis,Mavrofridis G,,"B,0051,B,0051,,",
6188,-0.0065,44542.267,p,vis,Stoikidis N,,"B,0051,B,0051,,",
6205,-0.0248,44552.331,p,vis,Germann R,,"B,0051,B,0051,,",
6205,-0.0098,44552.346,p,vis,Mavrofridis G,,"B,0051,B,0051,,",
6217,-0.0026,44559.47,p,vis,Mavrofridis G,,"B,0051,B,0051,,",
6242,-0.0184,44574.281,p,pg,Wenzel Wolfgang,,"M,09.3,,,p 80,",
6256,-0.0132,44582.5892,p,pe,Patkos L,,",,D,Lich,MBS 80.9,",
6291,-0.013,44603.347,p,vis,Germann R,,"B,0052,B,0052,,",
6310,-0.0136,44614.6147,p,BV,Patkos,,,"I,5684,,,,Pi50u"
6323,-0.0123,44622.326,p,vis,Mavrofridis G,,"B,0052,B,0052,,",
6345,-0.0141,44635.3717,p,V,Patkos Laszlo,,"I,5736,,,,Pi50",
6350,-0.0062,44638.345,p,vis,Vesely Jiri,,"C,0026,C,0026,,",
6357,-0.0148,44642.4879,p,B,Milano E,,"0,0000,0,0000,ASS 124.83,",
6357,-0.0139,44642.4888,p,V,Milano E,,"0,0000,0,0000,ASS 124.83,",
6357,-0.0134,44642.4893,p,pe,Milano E,,"0,0000,0,0000,ASS 124.83,",
6360,-0.0099,44644.5685,s,pe,Milano E,,"0,0000,0,0000,ASS 124.83,",
6360,-0.0098,44644.5686,s,pe,Milano E,,"0,0000,0,0000,ASS 124.83,",
6360,-0.0097,44644.5687,s,pe,Milano E,,"0,0000,0,0000,ASS 124.83,",
6387,-0.0219,44660.273,p,vis,Germann R,,"B,0053,B,0053,,",
6389,-0.0124,44661.4686,p,VB,Patkos Lazslo,,"I,5835,,,,Pi50u",
6507,-0.0149,44731.4486,p,pe,Milano E,,"0,0000,0,0000,ASS 124.83,",
6507,-0.0144,44731.4491,p,pe,Milano E,,"0,0000,0,0000,ASS 124.83,",
6507,-0.0141,44731.4494,p,pe,Milano E,,"0,0000,0,0000,ASS 124.83,",
6652,-0.0149,44817.444,p,vis,Neugebauer P,,"C,0026,C,0026,,",
6652,-0.0139,44817.445,p,vis,Novotny L.,,"C,0026,C,0026,,",
6652,-0.0139,44817.445,p,vis,Lorenc I,,"C,0026,C,0026,,",
6652,-0.0129,44817.446,p,vis,Zejda M.,,"C,0026,C,0026,,",
6652,-0.0109,44817.448,p,vis,Troubil Petr,,"C,0026,C,0026,,",
6652,-0.0109,44817.448,p,vis,Inneman A,,"C,0026,C,0026,,",
6652,-0.0099,44817.449,p,vis,Kolcunova T,,"C,0026,C,0026,,",
6652,-0.0089,44817.45,p,vis,Graf T,,,"C,0026,C,0026,,"
6652,-0.0089,44817.45,p,vis,Pleinerova J,,"C,0026,C,0026,,",
6652,-0.0069,44817.452,p,vis,Kesslerova N,,"C,0026,C,0026,,",
6652,-0.0049,44817.454,p,vis,Kolar P,,,"C,0026,C,0026,,"
6652,-0.0039,44817.455,p,vis,Dolak K,,,"C,0026,C,0026,,"
6652,-0.0039,44817.455,p,vis,Svoboda V,,"C,0026,C,0026,,",
6652,-0.0039,44817.455,p,vis,Kanuk Pavol,,"C,0026,C,0026,,",
6657,-0.0173,44820.407,p,vis,Hajek P,,,"C,0026,C,0026,,"
6657,-0.0153,44820.409,p,vis,Inneman A,,"C,0026,C,0026,,",
6657,-0.0143,44820.41,p,vis,Polloczek R,,"C,0026,C,0026,,",
6657,-0.0133,44820.411,p,vis,Markovic J,,"C,0026,C,0026,,",
6657,-0.0133,44820.411,p,vis,Zavodsky K,,"C,0026,C,0026,,",
6657,-0.0127,44820.4116,p,vis,Troubil Petr,,"C,0026,C,0026,,",
6657,-0.0123,44820.412,p,vis,Pliska R,,"C,0026,C,0026,,",
6657,-0.0123,44820.412,p,vis,Mrazek J,,"C,0026,C,0026,,",
6657,-0.0103,44820.414,p,vis,Sochorova J,,"C,0026,C,0026,,",
6657,-0.0103,44820.414,p,vis,Vana J,,,"C,0026,C,0026,,"
6657,-0.0093,44820.415,p,vis,Graf T,,,"C,0026,C,0026,,"
6657,-0.0093,44820.415,p,vis,Kanuk Pavol,,"C,0026,C,0026,,",
6657,-0.0083,44820.416,p,vis,Hornicek R,,"C,0026,C,0026,,",
6657,-0.0083,44820.416,p,vis,Kesslerova N,,"C,0026,C,0026,,",
6674,-0.0185,44830.488,p,vis,Pliska R,,"C,0026,C,0026,,",
6674,-0.0131,44830.4934,p,V,Patkos Laszlo,,"I,5736,,,,Pi50",
6679,-0.0135,44833.4584,p,VB,Patkos Laszlo,,"I,5979,,,,Pi50u",
6700,-0.0114,44845.915,p,vis,Zejda M.,,"C,0026,C,0026,,",
6812,-0.0135,44912.337,p,vis,Mavrofridis G,,"B,0058,B,0058,,",
6839,-0.0084,44928.355,p,vis,Stefanopoulos G,,"B,0058,B,0058,,",
6839,-0.0074,44928.356,p,vis,Mavrofridis G,,"B,0058,,,,",
6903,-0.005,44966.315,p,vis,Mavrofridis G,,"B,0058,B,0058,,",
6903,-0.005,44966.315,p,vis,Stefanopoulos G,,"B,0058,B,0058,,",
6927,-0.0131,44980.5406,p,BV,Patkos,,,"I,5684,,,,Pi50u"
6989,-0.0092,45017.315,p,vis,Vana J,,,"C,0026,C,0026,,"
6994,-0.0156,45020.274,p,vis,Vana J,,,"C,0026,C,0026,,"
6996,-0.0127,45021.463,p,vis,Vana J,,,"C,0026,C,0026,,"
7033,-0.0141,45043.4053,p,V,Agerer Franz,,"D,0034,D,Lich,,",
7048,-0.0075,45052.308,p,vis,Vana J,,,"C,0026,C,0026,,"
7124,-0.0119,45097.377,p,vis,Stefanopoulos G,,"B,0061,B,0061,,",
7124,-0.0099,45097.379,p,vis,Mavrofridis G,,"B,0060,B,0060,,",
7222,-0.014,45155.496,p,vis,Brelstaff T,,"R,0006,R,0006,VSSC 60.19,",
7249,-0.0199,45171.503,p,vis,Brelstaff T,,"R,0006,R,0006,,",
7259,-0.0216,45177.432,p,vis,Brelstaff T,,"R,0006,R,0006,,",
7264,-0.006,45180.413,p,vis,Brelstaff T,,"R,0006,R,0006,,",
7421,-0.0138,45273.5175,p,V,Patkos Laszlo,,"I,5736,,,,Pi50",
7434,-0.0162,45281.225,p,pg,Wenzel Wolfgang,,"M,10.2,,,MVS 10.12,",
7505,-0.0294,45323.32,p,pg,Dietrich Martin,,"M,0010,0,0000,,",
7510,0.0033,45326.318,p,vis,Brelstaff T,,"R,0006,R,0006,,",
7645,-0.0124,45406.367,p,vis,Svoboda P Pr,,"C,0026,C,0026,,",
7709,-0.012,45444.324,p,vis,Lenz M,,,"C,0026,C,0026,,"
7738,-0.0221,45461.513,p,vis,Zejda M.,,"C,0026,C,0026,,",
7775,-0.0128,45483.466,p,vis,Svoboda P Pr,,"C,0026,C,0026,,",
7780,-0.0042,45486.44,p,vis,Svoboda P Pr,,"C,0026,C,0026,,",
7834,-0.013,45518.457,p,vis,Svoboda P Pr,,"C,0026,C,0026,,",
7898,-0.0137,45556.413,p,vis,Lutcha P,,"C,0026,C,0026,,",
7898,-0.0107,45556.416,p,vis,Svoboda V,,"C,0026,C,0026,,",
7898,-0.0107,45556.416,p,vis,Troubil Petr,,"C,0026,C,0026,,",
7898,-0.0077,45556.419,p,vis,Pliska R,,"C,0026,C,0026,,",
7898,-0.0077,45556.419,p,vis,Mrazek J,,"C,0026,C,0026,,",
7898,-0.0077,45556.419,p,vis,Zelinka I,,"C,0026,C,0026,,",
7898,-0.0077,45556.419,p,vis,Tesar J,,,"C,0026,C,0026,,"
7898,-0.0057,45556.421,p,vis,Bulant V,,"C,0026,C,0026,,",
7898,-0.0057,45556.421,p,vis,Fiser P,,,"C,0026,C,0026,,"
7898,-0.0057,45556.421,p,vis,Svoboda P Pr,,"C,0026,C,0026,,",
7898,-0.0037,45556.423,p,vis,Kobzova E,,"C,0026,C,0026,,",
7898,-0.0007,45556.426,p,vis,Graf T,,,"C,0026,C,0026,,"
7908,-0.0094,45562.348,p,vis,Kanuk Pavol,,"C,0026,C,0026,,",
7908,-0.0064,45562.351,p,vis,Tomajkova J,,"C,0026,C,0026,,",
7908,-0.0024,45562.355,p,vis,Svoboda P Pr,,"C,0026,C,0026,,",
7908,0.0026,45562.36,p,vis,Kanalikova J.,,"C,0026,C,0026,,",
7920,-0.0102,45569.464,p,vis,Svoboda P Pr,,"C,0026,C,0026,,",
7925,-0.0246,45572.415,p,vis,Svoboda P Pr,,"C,0026,C,0026,,",
7932,-0.0151,45576.576,p,vis,Svoboda P Pr,,"C,0026,C,0026,,",
7935,-0.0173,45578.353,p,vis,Svoboda P Pr,,"C,0026,C,0026,,",
7994,-0.0134,45613.3482,p,VB,Patkos Lazslo,,"I,5835,,,,Pi50u",
8018,-0.0133,45627.582,p,pe,Albayrak B,,"I,5303,,,,",
8031,-0.0112,45635.294,p,vis,Brelstaff T,,"R,0006,R,0006,,",
8048,-0.0126,45645.3749,p,V,Patkos Laszlo,,"I,5736,,,,Pi50",
8058,-0.0152,45651.303,p,pg,Wenzel Wolfgang,,"M,10.4,,,p 104,",
8070,-0.013,45658.422,p,pe,Albayrak B,,"I,5303,,,,",
8090,-0.0025,45670.294,p,vis,Svoboda P Pr,,"C,0026,C,0026,,",
8092,-0.0036,45671.479,p,vis,Brelstaff T,,"R,0006,R,0006,,",
8092,0.0034,45671.486,p,vis,Svoboda P Pr,,"C,0026,C,0026,,",
8095,-0.0128,45673.249,p,vis,Svoboda P Pr,,"C,0026,C,0026,,",
8134,-0.0126,45696.379,p,pe,Albayrak B,,"I,5303,,,,",
8193,-0.0149,45731.368,p,vis,Brelstaff T,,"R,0007,R,0007,VSSC 61.16,",
8210,-0.0121,45741.453,p,pe,Albayrak B,,"I,5303,,,,",
8252,-0.0094,45766.3647,p,VB,Patkos Lazslo,,"I,5835,,,,Pi50u",
8333,-0.018,45814.395,p,vis,Brelstaff T,,"R,0007,R,0007,VSSC 61.16,",
8438,-0.0115,45876.674,p,vis,Krobusek Bruce,,"B,0073,B,0073,,",
8495,-0.0146,45910.476,p,vis,Sipajda M,,"C,0027,C,0027,,",
8500,-0.014,45913.442,p,vis,Lorenc I,,"C,0027,C,0027,,",
8500,-0.005,45913.451,p,vis,Kolcunova T,,"C,0027,C,0027,,",
8500,-0.002,45913.454,p,vis,Kanalikova J.,,"C,0027,C,0027,,",
8554,-0.0149,45945.467,p,vis,Paschke Anton,,"B,0074,B,0074,,",
8601,-0.0173,45973.339,p,vis,Paschke Anton,,"B,0074,B,0074,,",
8623,-0.0019,45986.402,p,vis,Paschke Anton,,"B,0074,B,0074,,",
8643,-0.0133,45998.252,p,vis,Paschke Anton,,"B,0074,B,0074,,",
8650,-0.0138,46002.403,p,vis,Paschke Anton,,"B,0074,B,0074,,",
8655,-0.0262,46005.356,p,vis,Paschke Anton,,"B,0074,B,0074,,",
8704,-0.0187,46034.424,p,vis,Paschke Anton,,"B,0074,B,0074,,",
8716,-0.0111,46041.5485,p,VBU,Patkos L,,"I,5579,,,,Pi50",
8837,-0.0093,46113.312,p,vis,Brelstaff T,,"R,0008,R,0008,VSSC 63.21,",
8844,-0.0118,46117.461,p,vis,Paschke Anton,,"B,0076,B,0076,,",
8876,-0.0071,46136.444,p,vis,Brelstaff T,,"R,0008,R,0008,VSSC 63.21,",
8891,-0.0072,46145.34,p,vis,Paschke Anton,,"B,0076,B,0076,,",
8999,-0.0069,46209.392,p,vis,Paschke Anton,,"B,0077,B,0077,,",
9134,0.0034,46289.467,p,vis,Sedlak L,,"C,0027,C,0027,,",
9139,-0.021,46292.408,p,vis,Petruf P,,"C,0027,C,0027,,",
9139,-0.021,46292.408,p,vis,Kanuk Pavol,,"C,0027,C,0027,,",
9139,-0.02,46292.409,p,vis,Kanalikova J.,,"C,0027,C,0027,,",
9139,-0.019,46292.41,p,vis,Lorenc I,,"C,0027,C,0027,,",
9139,-0.018,46292.411,p,vis,Ondovcin J,,"C,0027,C,0027,,",
9139,-0.011,46292.418,p,vis,Stefanisko S,,"C,0027,C,0027,,",
9139,-0.0099,46292.4191,p,VBU,Patkos L,,"I,5579,,,,Pi50",
9139,-0.009,46292.42,p,vis,Polloczkova I,,"C,0027,C,0027,,",
9139,-0.009,46292.42,p,vis,Sipajda M,,"C,0027,C,0027,,",
9139,-0.008,46292.421,p,vis,Stradalova J,,"C,0027,C,0027,,",
9139,-0.008,46292.421,p,vis,Smidek R,,"C,0027,C,0027,,",
9139,-0.008,46292.421,p,vis,Kankovsky J,,"C,0027,C,0027,,",
9139,-0.004,46292.425,p,vis,Lupac S,,,"C,0027,C,0027,,"
9139,-0.004,46292.425,p,vis,Kokes A,,,"C,0027,C,0027,,"
9139,-0.004,46292.425,p,vis,Kalab L,,,"C,0027,C,0027,,"
9139,-0.003,46292.426,p,vis,Konecny B,,"C,0027,C,0027,,",
9139,-0.001,46292.428,p,vis,Troubil Petr,,"C,0027,C,0027,,",
9139,0.002,46292.431,p,vis,Polloczek R,,"C,0027,C,0027,,",
9139,0.002,46292.431,p,vis,Stastny R,,"C,0027,C,0027,,",
9139,0.002,46292.431,p,vis,Prokes K,,"C,0027,C,0027,,",
9139,0.004,46292.433,p,vis,Sedlak L,,"C,0027,C,0027,,",
9139,0.004,46292.433,p,vis,Zsiros R,,"C,0027,C,0027,,",
9166,-0.009,46308.433,p,vis,Paschke Anton,,"B,0078,B,0078,,",
9208,-0.003,46333.348,p,vis,Middlemist J,,"R,0008,R,0008,VSSC 63.21,",
9210,-0.01,46334.5271,p,pe,Betten F,,"I,3078,,,,",
9257,-0.0099,46362.4016,p,VB,Patkos Lazslo,,"I,5835,,,,Pi50u",
9358,-0.0178,46422.294,p,vis,Paschke Anton,,"B,0079,B,0079,,",
9368,-0.0185,46428.224,p,vis,Moeller M,,"D,0043,D,0046,,",
9390,-0.0101,46441.28,p,vis,Brelstaff T,,"R,0010,R,0010,VSSC 66.33,",
9417,-0.006,46457.297,p,vis,Brelstaff T,,"R,0010,R,0010,VSSC 66.33,",
9422,-0.0134,46460.255,p,vis,Moeller M,,"D,0043,D,0046,,",
9569,-0.01,46547.44,p,vis,Paschke Anton,,"B,0080,B,0080,,",
9579,-0.0087,46553.372,p,vis,Paschke Anton,,"C,0028,C,0028,,",
9677,-0.0127,46611.489,p,vis,Zejda M.,,"C,0028,C,0028,,",
9677,-0.0077,46611.494,p,vis,Pospisil K,,"C,0028,C,0028,,",
9677,-0.0067,46611.495,p,vis,Vavrincova J,,"C,   0,C,   0,,",
9677,-0.0057,46611.496,p,vis,Tomcala J,,"C,   0,C,   0,,",
9677,-0.0047,46611.497,p,vis,Znojilova M,,"C,0028,C,0028,,",
9682,-0.0061,46614.461,p,vis,Danes M,,,"C,0028,C,0028,,"
9682,-0.0031,46614.464,p,vis,Znojilova P,,"C,0028,C,0028,,",
9682,0.0039,46614.471,p,vis,Kokes A,,,"C,0028,C,0028,,"
9682,0.0069,46614.474,p,vis,Meszarosova M,,"C,0028,C,0028,,",
9714,-0.0124,46633.433,p,vis,Znojilova M,,",,D,Lich,BRNO 28,",
9714,-0.0124,46633.433,p,vis,Bradacova R,,"C,0028,C,0028,,",
9714,-0.0124,46633.433,p,vis,Janecek V,,"C,0028,C,0028,,",
9736,-0.009,46646.484,p,vis,Kanuk Pavol,,"C,0028,C,0028,,",
9736,-0.001,46646.492,p,vis,Gojdic S,,"C,0028,C,0028,,",
9736,0.005,46646.498,p,vis,Ondovcin J,,"C,0028,C,0028,,",
9736,0.007,46646.5,p,vis,Babic V,,,"C,0028,C,0028,,"
9741,-0.0194,46649.439,p,vis,Brazda R,,"C,0028,C,0028,,",
9741,-0.0004,46649.458,p,vis,Koch B,,,"D,0046,D,Lich,,"
9746,-0.0097,46652.414,p,vis,Brazda R,,"C,0028,C,0028,,",
9817,-0.0098,46694.522,p,vis,Lichtschlag G,,"D,0046,D,Lich,,",
9817,-0.0048,46694.527,p,vis,Wunder Edgar,,"D,0046,D,Lich,,",
9923,-0.0045,46757.393,p,vis,Mavrofridis G,,"B,0083,B,0083,,",
9928,-0.0038,46760.359,p,vis,Mavrofridis G,,"B,0083,B,0083,,",
9938,-0.0045,46766.289,p,vis,Mavrofridis G,,"B,0083,B,0083,,",
9987,-0.0051,46795.349,p,vis,Mavrofridis G,,"B,0083,B,0083,,",
10041,-0.0082,46827.3718,p,pe,Ells J,,,"R,0013,R,0013,VSSC 70.18,"
10056,-0.005,46836.271,p,vis,Mavrofridis G,,"B,0083,B,0083,,",
10068,-0.0059,46843.387,p,vis,Mavrofridis G,,"B,0083,B,0083,,",
10105,-0.0036,46865.333,p,vis,Middlemist J,,"R,0013,R,0013,VSSC 70.18,",
10137,-0.0089,46884.306,p,vis,Mavrofridis G,,"B,0084,B,0084,,",
10181,-0.01,46910.4,p,vis,Kohl Michael,,"B,0085,B,0085,,",
10186,-0.0254,46913.35,p,vis,Hroch F,,,"C,   0,C,   0,,"
10230,0.0124,46939.483,p,vis,Middlemist J,,"R,0013,R,0013,VSSC 70.18,",
10343,-0.0177,47006.47,p,vis,Cerny T,,,"C,0030,C,0030,,"
10343,-0.0177,47006.47,p,vis,Horvath M,,"C,0030,C,0030,,",
10343,-0.0157,47006.472,p,vis,Dvoracek M,,"C,   0,C,   0,,",
10343,-0.0017,47006.486,p,vis,Mika O,,,"C,0030,C,0030,,"
10380,-0.0134,47028.418,p,vis,Ptacek P,,"C,   0,C,   0,,",
10380,-0.0114,47028.42,p,vis,Podebradsky J,,"C,0030,C,0030,,",
10380,-0.0114,47028.42,p,vis,Musil D,,,"C,0030,C,0030,,"
10380,-0.0114,47028.42,p,vis,Stork R,,,"C,0030,C,0030,,"
10380,-0.0114,47028.42,p,vis,Kvasnicka V,,"C,0030,C,0030,,",
10380,-0.0114,47028.42,p,vis,Krivanek P,,"C,0030,C,0030,,",
10380,-0.0094,47028.422,p,vis,Fryzl M,,,"C,   0,C,   0,,"
10385,-0.0187,47031.378,p,vis,Beck O,,,"C,0030,C,0030,,"
10385,-0.0187,47031.378,p,vis,Jechumtal M,,"C,0030,C,0030,,",
10385,-0.0157,47031.381,p,vis,Vaeter O,,"C,0030,C,0030,,",
10385,-0.0077,47031.389,p,vis,Kolar J,,,"C,0030,C,0030,,"
10390,-0.0011,47034.361,p,vis,Kucera Petr,,"C,   0,C,   0,,",
10680,-0.021,47206.332,p,vis,Kirby G,,,"R,0014,R,0014,,"
10724,-0.0221,47232.426,p,vis,Vyboch R,,"C,0030,C,0030,,",
10724,-0.0101,47232.438,p,vis,Csipes J,,"C,0030,C,0030,,",
10965,-0.0165,47375.362,p,vis,Mavrofridis G,,"B,0089,B,0089,,",
10982,-0.0117,47385.449,p,vis,Umlauf A,,"C,0030,C,0030,,",
10982,-0.0067,47385.454,p,vis,Tomcala J,,"C,0030,C,0030,,",
10982,-0.0027,47385.458,p,vis,Strupl V,,"C,0030,C,0030,,",
10982,-0.0017,47385.459,p,vis,Vrastak M,,"C,0030,C,0030,,",
10982,0.0003,47385.461,p,vis,Henzl Z,,,"C,0030,C,0030,,"
10987,-0.0171,47388.409,p,vis,Mihok L,,,"C,0030,C,0030,,"
10987,-0.0011,47388.425,p,vis,Honzik L,,"C,0030,C,0030,,",
10992,-0.0004,47391.391,p,vis,Timkova M,,"C,0030,C,0030,,",
10992,0.0016,47391.393,p,vis,Reiskupova A,,"C,0030,C,0030,,",
11029,-0.0011,47413.334,p,vis,Kucera Petr,,"C,0030,C,0030,,",
11132,-0.0175,47474.404,p,vis,Polloczek R,,"C,0030,C,0030,,",
11132,-0.0155,47474.406,p,vis,Polloczkova I,,"C,0030,C,0030,,",
11243,-0.0095,47540.243,p,pg,Dietrich Martin,,"M,1202,,,MVS 12.16,",
11252,-0.0078,47545.5823,p,pe,Ells J,,,"R,0015,R,0015,VSSC 73,"
11255,-0.007,47547.3624,p,BV,Patkos,,,"I,5684,,,,Pi50u"
11373,-0.0039,47617.348,p,vis,Mavrofridis G,,"B,0092,B,0092,,",
11427,0.0013,47649.379,p,vis,Stuhl A,,,"C,0031,C,0031,,"
11535,-0.0175,47713.412,p,vis,Lorenc I,,"C,0030,C,0030,,",
11535,-0.0145,47713.415,p,vis,Parada P,,"C,0030,C,0030,,",
11535,-0.0065,47713.423,p,vis,Vaskanin I,,"C,0030,C,0030,,",
11535,-0.0035,47713.426,p,vis,Parimucha S,,"C,0030,C,0030,,",
11535,-0.0015,47713.428,p,vis,Senkova N,,"C,0030,C,0030,,",
11535,0.0015,47713.431,p,vis,Curhova M,,"C,0030,C,0030,,",
11535,0.0015,47713.431,p,vis,Surina M,,"C,0030,C,0030,,",
11589,-0.0224,47745.433,p,vis,Cervinka T,,"C,0030,C,0030,,",
11589,-0.0114,47745.444,p,vis,Chlachula J,,"C,0030,C,0030,,",
11589,-0.0034,47745.452,p,vis,Jelinek V,,"C,0030,C,0030,,",
11611,-0.008,47758.495,p,vis,Brelstaff T,,"R,0015,R,0015,VSSC 73,",
11616,-0.0084,47761.46,p,vis,Brelstaff T,,"R,0015,R,0015,VSSC 73,",
11631,-0.0114,47770.353,p,vis,Nejeschleba T,,"C,0030,C,0030,,",
11707,-0.0239,47815.414,p,vis,Friedlingstein C,"B,0094,B,0094,,",,
11724,-0.0171,47825.503,p,vis,Svoboda P,,"C,0030,C,0030,,",
11835,-0.0181,47891.333,p,vis,Lubena L,,"C,0030,C,0030,,",
11921,-0.0213,47942.334,p,vis,Csipes J,,"C,0031,C,0031,,",
11926,-0.0247,47945.296,p,vis,Lubena L,,"C,0031,C,0031,,",
11965,-0.0025,47968.448,p,vis,Stuhl A,,,"C,0031,C,0031,,"
12169,-0.0312,48089.406,p,vis,Parimucha S,,"C,0031,C,0031,,",
12169,-0.0312,48089.406,p,vis,Scerbakova M,,"C,0031,C,0031,,",
12169,-0.0282,48089.409,p,vis,Stefanikova K,,"C,0031,C,0031,,",
12169,-0.0272,48089.41,p,vis,Egyhazi Z,,"C,0031,C,0031,,",
12169,-0.0262,48089.411,p,vis,Maturkanic M,,"C,0031,C,0031,,",
12169,-0.0202,48089.417,p,vis,Petrik K,,"C,0031,C,0031,,",
12169,-0.0182,48089.419,p,vis,Bucek N,,,"C,0031,C,0031,,"
12186,-0.0104,48099.509,p,vis,Lubena L,,"C,0031,C,0031,,",
12233,-0.0208,48127.373,p,vis,Kratochvil A,,"C,0031,C,0031,,",
12233,-0.0068,48127.387,p,vis,Polak J,,,"C,0031,C,0031,,"
12589,-0.0264,48338.501,p,vis,Mavrofridis G,,"B,0097,B,0097,,",
12626,-0.0161,48360.455,p,vis,Rottenborn M,,"C,0031,C,0031,,",
12626,-0.0131,48360.458,p,vis,Kalas V,,,"C,0031,C,0031,,"
12626,-0.0111,48360.46,p,vis,Zibar M,,,"C,0031,C,0031,,"
12626,-0.0101,48360.461,p,vis,Louzilova P,,"C,0031,C,0031,,",
12707,-0.0069,48408.503,p,vis,Marek T,,,"C,0031,C,0031,,"
12771,-0.0195,48446.447,p,vis,Lubena L,,"C,0031,C,0031,,",
12820,-0.026,48475.501,p,vis,Honzik L,,"C,0031,C,0031,,",
12820,-0.023,48475.504,p,vis,Rottenborn M,,"C,0031,C,0031,,",
12820,-0.023,48475.504,p,vis,Kovarik J,,"C,0031,C,0031,,",
12820,-0.02,48475.507,p,vis,Louzilova P,,"C,0031,C,0031,,",
12862,-0.0131,48500.423,p,vis,Maintz Gisela,,"D,0060,D,0060,,",
12862,-0.0041,48500.432,p,V,Hipparcos,,"0,Hipp,0,Hipp,,",
12884,-0.0336,48513.45,p,vis,Honzik L,,"C,0031,C,0031,,",
12884,-0.0226,48513.461,p,vis,Rottenborn M,,"C,0031,C,0031,,",
12884,-0.0206,48513.463,p,vis,Louzilova P,,"C,0031,C,0031,,",
12884,-0.0186,48513.465,p,vis,Kratochvil A,,"C,0031,C,0031,,",
12884,-0.0146,48513.469,p,vis,Polak J,,,"C,0031,C,0031,,"
12958,-0.015,48557.356,p,vis,Smolik P,,"C,0031,C,0031,,",
12958,-0.012,48557.359,p,vis,Kratochvil A,,"C,0031,C,0031,,",
12958,-0.007,48557.364,p,vis,Polak J,,,"C,0031,C,0031,,"
12958,-0.004,48557.367,p,vis,Vetrovcova M,,"C,0031,C,0031,,",
13039,-0.0218,48605.388,p,vis,Rottenborn M,,"C,0031,C,0031,,",
13039,-0.0178,48605.392,p,vis,Louzilova P,,"C,0031,C,0031,,",
13039,-0.0128,48605.397,p,vis,Masek P,,,"C,0031,C,0031,,"
13039,-0.0078,48605.402,p,vis,Zibar M,,,"C,0031,C,0031,,"
13140,-0.0061,48665.304,p,vis,Peter H,,,"B,0100,B,0100,,"
13346,-0.0319,48787.451,p,vis,Rottenborn M,,"C,0031,C,0031,,",
13346,-0.0249,48787.458,p,vis,Zibar M,,,"C,0031,C,0031,,"
13346,-0.0219,48787.461,p,vis,Polak J,,,"C,0031,C,0031,,"
13346,-0.0209,48787.462,p,vis,Kratochvil A,,"C,0031,C,0031,,",
13368,-0.0275,48800.503,p,vis,Louzilova P,,"C,0031,C,0031,,",
13368,-0.0265,48800.504,p,vis,Rottenborn M,,"C,0031,C,0031,,",
13368,-0.0165,48800.514,p,vis,Masek P,,,"C,0031,C,0031,,"
13368,-0.0095,48800.521,p,vis,Zibar M,,,"C,0031,C,0031,,"
13459,-0.008,48854.492,p,vis,Cervinka T,,"C,   0,C,   0,,",
13459,-0.005,48854.495,p,vis,Kolarik Ma,,"C,0032,,,,SB",
13469,-0.0188,48860.412,p,vis,Kolarik Ma,,"C,0031,C,0031,,",
13469,-0.0118,48860.419,p,vis,Chlachula J,,"C,0031,C,0031,,",
13469,-0.0088,48860.422,p,vis,Stuchlik P,,"C,0031,C,0031,,",
13469,-0.0078,48860.423,p,vis,Cervinka T,,"C,0031,C,0031,,",
13496,-0.005,48876.4387,p,VBU,Patkos L,,"I,5579,,,,Pi50",
13523,-0.0037,48892.453,p,vis,Polak J,,,"C,0031,C,0031,,"
13543,-0.0024,48904.3157,p,B,Patkos Laszlo,,"I,5979,,,,Pi50u",
13818,-0.0169,49067.396,p,vis,Louzilova P,,"C,0031,C,0031,,",
13818,-0.0169,49067.396,p,vis,Rottenborn M,,"C,0031,C,0031,,",
13818,-0.0149,49067.398,p,vis,Honzik L,,"C,0031,C,0031,,",
13877,-0.0101,49102.394,p,vis,Stepan P,,"C,0031,C,0031,,",
13877,-0.0101,49102.394,p,vis,Koss Karel,,"C,0031,C,0031,,",
13877,-0.0091,49102.395,p,vis,Molik Petr,,"E,0060,C,0031, BRNO31: 4,M25x70",
13889,-0.033,49109.488,p,vis,Louzilova P,,"C,0031,C,0031,,",
13889,-0.033,49109.488,p,vis,Rottenborn M,,"C,0031,C,0031,,",
13889,-0.024,49109.497,p,vis,Molik Petr,,"E,0060,C,0031, BRNO31: 4,M25x70",
13889,-0.017,49109.504,p,vis,Kovarik J,,"C,0031,C,0031,,",
14066,-0.0028,49214.492,p,vis,Marek T,,,"C,0031,C,0031,,"
14066,-0.0018,49214.493,p,vis,Molik Petr,,"E,0060,C,0031, BRNO31: 4,M25x70",
14071,-0.0281,49217.432,p,vis,Kolarik Mi,,"C,0031,C,0031,,",
14071,-0.0261,49217.434,p,vis,Kracmarova H,,"C,0031,C,0031,,",
14071,-0.0231,49217.437,p,vis,Jurasek M,,"C,0031,C,0031,,",
14071,-0.0131,49217.447,p,vis,Mizera M,,"C,0031,C,0031,,",
14071,-0.0101,49217.45,p,vis,Stuchlik P,,"C,0031,C,0031,,",
14071,-0.0051,49217.455,p,vis,Kolarik Ma,,"C,0032,,,,SB",
14071,-0.0001,49217.46,p,vis,Cervinka T,,"C,0031,C,0031,,",
14135,-0.0019,49255.4148,p,BV,Patkos,,,"I,5684,,,,Pi50u"
14408,-0.0044,49417.321,p,vis,Gensler Jan,,"D,0068,D,0068,,",
14609,-0.0118,49536.521,p,vis,Molik Petr,,"E,0060,,,,RF200",
14614,-0.0012,49539.497,p,vis,Molik Petr,,"E,0060,,,normal,RF200",
14624,-0.0099,49545.419,p,vis,Skalak P,,"C,0031,C,0031,,",
14624,0.0001,49545.429,p,vis,Molik Petr,,"E,0060,,,normal,RF200",
14624,0.0031,49545.432,p,vis,Jirout J,,"C,0031,C,0031,,",
14641,-0.0342,49555.477,p,vis,Jirout J,,"C,0031,C,0031,,",
14641,-0.0045,49555.5067,p,VBU,Patkos L,,"I,5579,,,,Pi50",
14646,-0.0045,49558.472,p,vis,Molik Petr,,"E,0060,,,,RF200",
14656,0.0018,49564.409,p,vis,Molik Petr,,"E,0060,,,,RF200",
14668,-0.0031,49571.521,p,vis,Skalak P,,"C,0031,C,0031,,",
14668,-0.0031,49571.521,p,vis,Brat Lubos,,"C,0031,C,0031,,",
14668,-0.0001,49571.524,p,vis,Mokry K,,,"C,0031,C,0031,,"
14673,-0.0355,49574.454,p,vis,Pribik V,,"C,0031,C,0031,,",
14673,-0.0275,49574.462,p,vis,Kolarik Mi,,"C,0031,C,0031,,",
14673,-0.0205,49574.469,p,vis,Chlachula J,,"C,0031,C,0031,,",
14673,-0.0175,49574.472,p,vis,Vaculikova H,,"C,0031,C,0031,,",
14673,-0.0165,49574.473,p,vis,Mizera M,,"C,0031,C,0031,,",
14673,-0.0125,49574.477,p,vis,Trtkova J,,"C,0031,C,0031,,",
14673,-0.0005,49574.489,p,vis,Skalak P,,"C,0031,C,0031,,",
14683,-0.0092,49580.411,p,vis,Molik Petr,,"E,0060,,,,RF200",
14820,-0.008,49661.663,p,vis,Molik Petr,,"E,0060,,,,RF200",
14840,0.0035,49673.536,p,vis,Molik Petr,,"E,0060,,,,RF200",
14872,-0.0048,49692.506,p,vis,Molik Petr,,"E,0060,,,,RF200",
14874,-0.0119,49693.685,p,vis,Molik Petr,,"E,0060,,,,RF200",
14889,-0.0042,49702.5888,p,VB,Patkos Laszlo,,"I,5979,,,,Pi50u",
14959,-0.007,49744.101,p,vis,Sekino Yuji,,"J,0023,,,,20x8B",
14959,-0.007,49744.101,p,vis,Sekino Yuji,,"J,0047,,,,",
15000,0,49768.424,p,vis,Martignoni Max,,"B,0110,B,0110,,",
15017,-0.0152,49778.491,p,vis,Molik Petr,,"E,0060,,,,RF200",
15054,0.0001,49800.45,p,vis,Martignoni Max,,"B,0113,B,0113,,",
15125,-0.002,49842.556,p,vis,Molik Petr,,"E,0060,,,,RF200",
15216,-0.0006,49896.527,p,vis,Molik Petr,,"E,0060,,,,RF200",
15221,-0.0039,49899.489,p,vis,Molik Petr,,"E,0060,,,,RF200",
15248,-0.0009,49915.505,p,vis,Molik Petr,,"E,0060,,,,RF200",
15248,0.0191,49915.525,p,vis,Vetrovcova M,,"C,0032,,,,SB",
15253,-0.0012,49918.47,p,vis,Molik Petr,,"E,0060,,,,RF200",
15263,0.0031,49924.405,p,vis,Molik Petr,,"E,0060,,,,RF200",
15280,-0.0182,49934.466,p,vis,Dedoch A,,"C,0032,,,,SB",
15280,-0.0132,49934.471,p,vis,Vetrovcova M,,"C,0032,,,,SB",
15322,-0.0042,49959.389,p,vis,Martignoni Max,,"B,0113,B,0113,,",
15354,-0.0045,49978.367,p,v,Gensler Jan,,"D,0093,D,0093,,",
15373,-0.0019,49989.638,p,vis,Molik Petr,,"E,0060,,,normal,RF200",
15413,-0.0045,50013.3582,p,VBU,Patkos L,,"I,5579,,,,Pi50",
15553,-0.0012,50096.3916,p,VB,Patkos Laszlo,,"I,5979,,,,Pi50u",
15554,-0.0019,50096.984,p,pe,Albayrak B,,"I,5303,,,,",
15710,-0.0011,50189.504,p,vis,Molik Petr,,"E,0060,,,,RF200",
15720,-0.0018,50195.434,p,vis,Molik Petr,,"E,0060,,,,RF200",
15801,-0.0257,50243.449,p,vis,Netolicky M,,"C,0032,,,,RF80",
15824,-0.005,50257.4068,s,R,Albayrak B,,"I,4399,I,4399,,30 cm + SSP5",
15824,0.0045,50257.4163,s,V,Albayrak B,,"I,4399,I,4399,,30 cm + SSP5",
15824,0.011,50257.4228,s,B,Albayrak B,,"I,4399,I,4399,,30 cm + SSP5",
15828,-0.0133,50259.4743,p,B,Albayrak B,,"I,4399,I,4399,,30 cm + SSP5",
15828,-0.0043,50259.4833,p,V,Albayrak B,,"I,4399,I,4399,,30 cm + SSP5",
15828,-0.0035,50259.4841,p,R,Albayrak B,,"I,4399,I,4399,,30 cm + SSP5",
15843,-0.006,50268.3777,p,B,Albayrak B,,"I,4399,I,4399,,30 cm + SSP5",
15843,-0.0056,50268.3781,p,V,Albayrak B,,"I,4399,I,4399,,30 cm + SSP5",
15843,-0.0021,50268.3816,p,R,Albayrak B,,"I,4399,I,4399,,30 cm + SSP5",
15851,-0.0005,50273.4243,s,B,Albayrak B,,"I,4399,I,4399,,30 cm + SSP5",
15851,0.0062,50273.431,s,R,Albayrak B,,"I,4399,I,4399,,30 cm + SSP5",
15851,0.0089,50273.4337,s,V,Albayrak B,,"I,4399,I,4399,,30 cm + SSP5",
15860,-0.0079,50278.458,p,vis,Parada M,,"C,0032,,,,SB",
15860,-0.0059,50278.46,p,vis,Parimucha S,,"C,0032,,,,SB",
15865,-0.0163,50281.415,p,vis,Sura F,,,"C,0032,,,,SB"
15865,-0.0163,50281.415,p,vis,Bilanska M,,"C,0032,,,,SB",
15865,-0.0123,50281.419,p,vis,Surova L,,"C,0032,,,,SB",
15865,-0.0103,50281.421,p,vis,Minar J,,,"C,0032,,,,SM"
15882,-0.0005,50291.513,p,vis,Kapitan J,,"C,0032,,,,SB",
15892,0.0028,50297.447,p,vis,Kapitan J,,"C,0032,,,,SB",
16052,-0.0017,50392.334,p,vis,Dreveny Radek,,"C,0032,,,,RL150",
16202,-0.0045,50481.292,p,vis,Vetrovcova M,,"C,0032,,,,SM",
16202,0.0035,50481.3,p,vis,Kovarik J,,"C,0032,,,,M70",
16202,0.0055,50481.302,p,vis,Rottenborn M,,"C,0032,,,,M70",
16202,0.0135,50481.31,p,vis,Minar J,,,"C,0032,,,,SM"
16216,-0.0067,50489.5929,p,V,Parimucha S,,"I,4751,I,4751,,",
16354,-0.0169,50571.4266,p,vis,Rottenborn M,,"C,0032,,,,SM",
16413,-0.0105,50606.4242,p,vis,Rottenborn M,,"C,0032,,,,SM",
16413,-0.0084,50606.4263,p,vis,Vetrovcova M,,"C,0032,,,,SM",
16521,-0.0012,50670.4853,p,vis,Minar J,,,"C,0032,,,,SM"
16526,-0.0123,50673.4396,p,vis,Rottenborn M,,"C,0032,,,,SM",
16526,-0.0054,50673.4465,p,vis,Vetrovcova M,,"C,0032,,,,M70",
16526,-0.0021,50673.4498,p,Ir,Husar Dieter,,"D,0111,I,4606,,ST-7",
16526,0.0131,50673.465,p,vis,Meyer R,,,"D,0113,D,0113,,"
16617,0.0066,50727.428,p,vis,Meyer R,,,"D,0113,D,0113,,"
16654,-0.0021,50749.363,p,pg,Dietrich Martin,,"D,0113,D,0113,,",
16659,-0.0014,50752.329,p,pg,Dietrich Martin,,"D,0113,D,0113,,",
16806,-0.0015,50839.5105,p,V,Parimucha S,,"I,4751,I,4751,,",
16806,-0.0014,50839.5106,p,B,Parimucha S,,"I,4751,I,4751,,",
16806,-0.001,50839.5111,p,U,Parimucha S,,"I,4751,I,4751,,",
16822,0.0015,50849.2992,s,V,Parimucha S,,"I,4751,I,4751,,",
16822,0.0025,50849.3002,s,B,Parimucha S,,"I,4751,I,4751,,",
16822,0.0027,50849.3004,s,U,Parimucha S,,"I,4751,I,4751,,",
16823,-0.0013,50849.593,p,B,Parimucha S,,"I,4751,I,4751,,",
16823,-0.0011,50849.5931,p,U,Parimucha S,,"I,4751,I,4751,,",
16823,-0.0003,50849.594,p,pe,Albayrak B,,"I,5303,,,,",
16993,-0.0147,50950.4018,p,vis,Nevaril F,,"C,0032,,,,RL200",
17101,0.0005,51014.4688,p,vis,Minar J,,,"C,0032,,,,SM"
17106,-0.0078,51017.4258,p,vis,Bilansky M,,"C,0032,,,,RF60",
17106,-0.0001,51017.4336,p,BVR,Ermekci F,,"I,5174,I,5174,,",
17138,0.0005,51036.4124,p,vis,Minar J,,,"C,0032,,,,SM"
17150,-0.0063,51043.5225,p,vis,Rottenborn M,,"C,0032,,,,SM",
17207,-0.0049,51077.329,p,vis,Meyer R,,,"D,0112,D,0112,,"
17308,-0.0002,51137.5304,s,BVR,Ermekci F,,"I,5174,I,5174,,",
17343,0.0012,51158.2894,s,V,Parimucha S,,"I,4751,I,4751,,",
17343,0.0037,51158.2919,s,R,Parimucha S,,"I,4751,I,4751,,",
17347,-0.001,51160.363,p,pe,Albayrak B,,"I,5303,,,,",
17347,0.0001,51160.3641,p,R,Parimucha S,,"I,4751,I,4751,,",
17347,0.0001,51160.3641,p,V,Parimucha S,,"I,4751,I,4751,,",
17347,0.0002,51160.3642,p,B,Parimucha S,,"I,4751,I,4751,,",
17357,-0.0017,51166.293,p,pe,Albayrak B,,"I,5303,,,,",
17357,-0.0005,51166.2942,p,R,Parimucha S,,"I,4751,I,4751,,",
17357,-0.0003,51166.2944,p,V,Parimucha S,,"I,4751,I,4751,,",
17357,-0.0002,51166.2945,p,B,Parimucha S,,"I,4751,I,4751,,",
17357,0.0027,51166.5939,s,V,Parimucha S,,"I,4751,I,4751,,",
17357,0.0051,51166.5963,s,R,Parimucha S,,"I,4751,I,4751,,",
17357,0.0065,51166.5977,s,B,Parimucha S,,"I,4751,I,4751,,",
17379,0.0007,51179.343,p,R,Parimucha S,,"I,4751,I,4751,,",
17379,0.0011,51179.3434,p,V,Parimucha S,,"I,4751,I,4751,,",
17379,0.0017,51179.344,p,pe,Albayrak B,,"I,5303,,,,",
17379,0.0017,51179.344,p,B,Parimucha S,,"I,4751,I,4751,,",
17389,-0.006,51185.267,p,vis,Meyer R,,,"D,0112,D,0112,,"
17622,0.0004,51323.4592,p,vis,Brhel M,,,"C,0032,,,,RL153"
17622,0.0011,51323.4599,p,vis,Kral L,,,"C,0032,,,,RF60"
17806,-0.0008,51432.5832,p,vis,Rottenborn M,,"C,0032,,,,SM",
17811,-0.0005,51435.5489,p,U,Pribulla Theodor,"I,5056,,,,60cm, Stara",,
17811,-0.0005,51435.5489,p,B,Pribulla Theodor,"I,5056,,,,60cm, Stara",,
17811,-0.0003,51435.5491,p,V,Pribulla Theodor,"I,5056,,,,60cm, Stara",,
17981,0.0001,51536.3718,p,V,Pribulla Theodor,"I,5056,,,,60cm, Skal.P",,
17981,0.0005,51536.3721,p,R,Pribulla Theodor,"I,5056,,,,60cm, Skal.P",,
17981,0.0007,51536.3724,p,B,Pribulla Theodor,"I,5056,,,,60cm, Skal.P",,
18004,0.0008,51550.3096,s,B,Pribulla Theodor,"I,5056,,,,60cm, Stara",,
18004,0.0028,51550.3116,s,V,Pribulla Theodor,"I,5056,,,,60cm, Stara",,
18010,0.0043,51553.575,p,vis,Stephan Chris,,"W,0129,A,A007,,",
18032,-0.0013,51566.617,p,pe,Albayrak B,,"I,5303,,,,",
18042,0.002,51572.551,p,pe,Albayrak B,,"I,5303,,,,",
18050,-0.0006,51577.293,p,pe,Albayrak B,,"I,5303,,,,",
18067,0.0012,51587.377,p,V,Frigo A,,,"I,5359,I,5359,,"
18079,0.001,51594.4937,p,BV,Frigo A,,,"I,5359,I,5359,,"
18084,0.0003,51597.4583,p,BV,Frigo A,,,"I,5359,I,5359,,"
18091,0.0054,51601.615,p,vis,Stephan Chris,,"W,0147,A,A007,,",
18094,0.0004,51603.3892,p,BV,Frigo A,,,"I,5359,I,5359,,"
18131,-0.0194,51625.313,p,vis,Meyer R,,,"D,0131,D,0131,,"
18224,0.0079,51680.496,p,vis,Meyer R,,,"D,0131,D,0131,,"
18288,0,51718.4447,p,BV,Frigo A,,,"I,5359,I,5359,,"
18369,0.0177,51766.5013,p,vis,Pejcha O,,"C,0034,E,0074,,RL250",
18558,0.0004,51878.5746,p,V,Pribulla Theodor,"I,5056,,,,60cm, Skal.P",,
18558,0.0015,51878.5757,p,R,Pribulla Theodor,"I,5056,,,,60cm, Skal.P",,
18558,0.002,51878.5762,p,B,Pribulla Theodor,"I,5056,,,,60cm, Skal.P",,
18590,0.0065,51897.559,p,vis,Stephan Chris,,"W,0271,A,A007,,",
18593,-0.0027,51899.329,p,vis,Meyer Ralf,,"D,0143,D,0143,,",
18630,0.0038,51921.2792,p,ccd,Dietrich Martin,,"D,0152,I,5296,,1616XT",
18630,0.0038,51921.2792,p,R,Pribulla Theodor,"I,5056,,,,60cm, Skal.P",,
18630,0.0039,51921.2793,p,B,Pribulla Theodor,"I,5056,,,,60cm, Skal.P",,
18630,0.0042,51921.2796,p,V,Pribulla Theodor,"I,5056,,,,60cm, Skal.P",,
18632,0.0035,51922.465,p,vis,Schabacher M,,"D,0143,D,0143,,",
18635,0.0009,51924.5381,s,R,Pribulla Theodor,"I,5056,,,,60cm, Skal.P",,
18635,0.0016,51924.5388,s,V,Pribulla Theodor,"I,5056,,,,60cm, Skal.P",,
18644,0.0056,51929.584,p,vis,Stephan Chris,,"W,0294,A,A007,,",
18682,0.0224,51952.434,s,BVR,Zboril M,,"I,5243,I,5243,,Skalnate Ple",
18703,0.0022,51964.5718,p,BV,Frigo A,,,"I,5359,I,5359,,"
18758,0.0001,51997.4852,s,R,Pribulla Theodor,"I,5056,,,,60cm, Skal.P",,
18758,0.0047,51997.4898,s,V,Pribulla Theodor,"I,5056,,,,60cm, Skal.P",,
18836,0.0008,52043.449,p,BVR,Zboril M,,"I,5243,I,5303,,Skalnate Ple",
18837,-0.0018,52044.336,s,BVR,Zboril M,,"I,5243,I,5243,,Stara Lesna",
18854,-0.002,52054.418,s,BVR,Zboril M,,"I,5243,I,5243,,Skalnate Ple",
18954,-0.0047,52113.426,p,vis,Meyer Ralf,,"D,0154,,,,",
19092,-0.0006,52195.274,p,BV,Pribulla Theodor,"I,5341,,,,Stara Lesna",,
19097,-0.003,52198.237,p,BVR,Zboril M,,"I,5243,I,5303,,Skalnate Ple",
19097,0,52198.5365,s,BV,Pribulla Theodor,"I,5341,,,,Stara Lesna",,
19100,0.0021,52200.3178,s,BVR,Pribulla Theodor,"I,5341,,,,Skalnate Ple",,
19101,0.0001,52200.6124,p,BVR,Pribulla Theodor,"I,5341,,,,Skalnate Ple",,
19114,-0.0012,52208.321,p,BVR,Zboril M,,"I,5243,I,5303,,Skalnate Ple",
19229,0.0105,52276.536,p,vis,Stephan Chris,,"W,0478,A,A007,,",
19239,-0.0027,52282.4535,p,BR,Pribulla Theodor,"I,5341,,,,Skalnate Ple",,
19261,0.0112,52295.515,p,vis,Stephan Chris,,"W,0508,A,A007,,",
19286,0.0089,52310.636,s,BVR,Zboril M,,"I,5243,I,5243,,Skalnate Ple",
19304,0.0026,52321.305,s,BVR,Zboril M,,"I,5243,I,5243,,Skalnate Ple",
19305,-0.001,52321.598,p,BVR,Zboril M,,"I,5243,I,5303,,Skalnate Ple",
19315,-0.002,52327.5277,p,vis,Jungbluth Hans,,"D,0158,I,5484,,",
19342,-0.0036,52343.539,p,vis,Zboril M,,"I,5303,,,,",
19364,0.0028,52356.593,p,vis,Stephan Chris,,"W,0580,A,A007,,",
19372,-0.0002,52361.3346,p,B,Sarounova Lenka,,"I,5594,,,,",
19384,0.0014,52368.453,p,vis,Jungbluth Hans,,"D,0158,I,5484,,",
19480,0.0044,52425.391,p,vis,Fidler P,,"C,0034,E,0074,,MB60",
19593,-0.006,52492.3977,p,vis,Fidler P,,"C,0034,E,0074,,MB60",
19686,0.0026,52547.562,p,vis,Chaple G,,"A,0011,,,,",
19752,-0.0031,52586.699,p,vis,Stephan C,,"A,0011,,,,",
19752,-0.0001,52586.702,p,vis,Stephan Chris,,"W,0746,W,0746,,",
19861,-0.006,52651.341,p,vis,Schabacher M,,"D,0157,,,,",
19871,0.0006,52657.5748,s,BV,Pribulla Theodor,"I,5668,,,,G2",,
19900,-0.0011,52674.4757,p,UBV,Elmasli Asli,,"I,5407,,,,",
19915,-0.0016,52683.3713,p,vis,Jungbluth Hans,,"D,0158,I,5484,,",
19923,-0.0086,52688.4054,s,V,Pribulla Theodor,"I,5668,,,,G1",,
19933,-0.0056,52694.3391,s,vis,Jungbluth Hans,,"D,0158,I,5484,,",
19934,-0.0005,52694.6407,p,UBV,Pribulla Theodor,"I,5668,,,,G2",,
19983,0.0052,52723.707,p,vis,Stephan C,,"A,0011,,,,",
19986,0.0045,52725.4855,p,ccd,Bakis Volkan,,"I,5616,,,,",
20023,-0.0003,52747.4244,p,vis,Jungbluth Hans,,"D,0172,I,5643,,",
20146,-0.0009,52820.3716,p,C,Bakis Volkan,,"I,5662,,,,CUG302",
20237,-0.0041,52874.338,p,vis,Puszkas Ferenc,,"W,1051,,,,",
20259,0.0144,52887.404,p,vis,Meyer Ralf,,"D,0171,,,,",
20328,-0.0013,52928.3103,p,V,Brauner Bernhard,"D,0172,I,5643,,",,
20332,0.0011,52930.685,p,vis,Stephan C,,"A,0011,,,,",
20332,0.0031,52930.687,p,vis,Stephan Chris,,"W,1103,,,,",
20345,-0.004,52938.3898,p,UBVRI,Pribulla Theodor,"I,5668,,,,G1",,
20369,-0.0042,52952.6234,p,UBVRI,Pribulla Theodor,"I,5668,,,,G1",,
20455,0.0072,53003.639,p,vis,Samolyk G,,"A,0011,,,,",
20544,-0.0052,53056.4099,p,vis,Machon M,,"C,0034,E,0074,,RL114",
20544,-0.0005,53056.4147,p,-Ir,Petter G,,"D,0172,I,5643,,",
20608,0.0055,53094.3773,p,-Ir,Poschinger K,,"D,0172,I,5643,,",
20630,-0.0004,53107.419,p,vis,Meyer Ralf,,"D,0171,,,,",
20711,-0.0002,53155.458,p,vis,Meyer Ralf,,"D,0174,,,,",
20792,-0.0192,53203.4778,p,vis,Machon M,,"C,0034,E,0074,,SB",
20792,-0.0144,53203.4826,p,vis,Rottenborn M,,"C,0034,E,0074,,SM",
20802,0.0029,53209.4307,p,vis,Rottenborn M,,"C,0034,E,0074,,SB",
20802,0.0043,53209.4321,p,vis,Machon M,,"C,0034,E,0074,,SB",
20829,-0.0075,53225.4332,p,vis,Machon M,,"C,0034,E,0074,,RL114",
20888,0.0062,53260.4381,p,vis,Machon M,,"C,0034,E,0074,,SB",
20888,0.0075,53260.4395,p,vis,Rottenborn M,,"C,0034,E,0074,,SB",
20898,-0.0048,53266.3578,p,vis,Rottenborn M,,"C,0034,E,0074,,SM",
20957,0.0064,53301.3603,p,vis,Machon M,,"C,0034,E,0074,,SB",
20966,0.0024,53306.694,p,ccd,Cook S,,,"A,0011,,,,"
21007,-0.001,53331.0065,p,ccd,Kim Chun-Hwey,,"I,5694,,,,",
21012,-0.0009,53333.972,p,ccd,Kim Chun-Hwey,,"I,5694,,,,",
21013,0.0041,53334.57,p,ccd,Cook S,,,"A,0011,,,,"
21079,-0.0047,53373.704,p,vis,Stephan C,,"A,0011,,,,",
21149,0.0002,53415.2239,p,ccd,Kim Chun-Hwey,,"I,5694,,,,",
21197,0.0028,53443.694,p,vis,Stephan C,,"A,0011,,,,",
21261,-0.0008,53481.647,p,ccd,Cook S,,,"A,0011,,,,"
21265,-0.0005,53484.0196,p,ccd,Kim Chun-Hwey,,"I,5694,,,,",
21431,-0.01,53582.46,p,vis,Benko Juraj,,"E,0094,C,0035,,SB 25x100",
21431,-0.001,53582.469,p,vis,Kacmar Slavomir,,"E,0094,C,0035,,SB 25x100",
21614,0.0016,53691.0038,p,ccd,Kim Chun-Hwey,,"I,5694,,,,",
21709,-0.0016,53747.3424,p,ccd,Megson I,,"A,0012,,,,",
22239,0.0007,54061.6729,p,ccd,Poklar R,,"A,0012,,,,",
22350,-0.0011,54127.5021,p,ccd,Samolyk G,,"A,0012,,,,",
22387,-0.0007,54149.4461,p,vis,Mraz Michal,,"E,0094,C,0035,,SB 25x100",
22387,0.0049,54149.4517,p,vis,Rebic Matus,,"E,0094,C,0035,,SB 25x100",
22387,0.0118,54149.4586,p,vis,Ondercin Pavol,,"E,0094,C,0035,,SB 25x100",
22483,-0.0008,54206.381,p,V,Wischnewski M,,"D,0186,I,5802,,DSI 2pro",
22488,-0.0031,54209.344,p,V,Wischnewski M,,"D,0186,I,5802,,DSI 2pro",
22706,-0.0009,54338.6359,p,ccd,Samolyk G,,"A,0079,,,,",
22729,0.0005,54352.5745,s,VRI,Liakos A,,"I,5897,,,,",
22741,-0.003,54359.3914,p,VRI,Liakos A,,"I,5897,,,,",
22744,0.0018,54361.4719,s,VR,Liakos A,,"I,5897,,,,",
22878,0.0002,54440.6454,p,ccd,Poklar R,,"A,0079,,,,",
23084,-0.0008,54562.8172,p,ccd,Samolyk G,,"A,0086,,,,",
23142,0.0035,54597.5162,s,ccd,Dubovsky Pavol,,"I,5898,,,,70/180mm",
23244,0.0001,54657.7097,p,ccd,Samolyk G,,"A,0086,,,,",
23310,-0.0005,54696.8518,p,ccd,Samolyk G,,"A,0086,,,,",
23404,-0.0033,54752.5978,p,V,Dubovsky Pavol,,"I,5898,,,,70/400mm",
23417,-0.0029,54760.3081,p,-Ir,Sterzinger P,,"D,0203,I,5889,,ST-7E",
23557,-0.0024,54843.3387,p,ccd,Pagel L,,,"D,0203,I,5889,,Artemis 4021"
23656,0.003,54902.3547,s,V,Wischnewski M,,"D,0209,I,5918,,DSI pro2",
23662,-0.0025,54905.6112,p,ccd,Samolyk G,,"A,0109,,,,",
23881,-0.0034,55035.493,p,vis,Masek M,,,"C,0037,E,0137,,SB 25x100"
23881,0.0114,55035.5079,p,vis,Moudra M,,"C,0037,E,0137,,SB 25x100",
24204,-0.0081,55227.3471,s,V,Pagel Lienhard,,"D,0214,I,5959,,AlCCD6c",
24259,-0.0007,55259.6769,p,ccd,Samolyk G,,"A,0130,,,,",
24269,-0.0009,55265.6075,p,R,Parimucha Stefan,"I,5980,,,,lens+MeadeDS",,
24295,-0.0006,55281.3241,s,R,Parimucha Stefan,"I,5980,,,,lens+MeadeDS",,
24309,-0.0014,55289.3298,p,ccd,Polak J,,,"C,0037,E,0137,,ED 80"
24628,-0.0007,55478.5205,p,R,Parimucha Stefan,"I,5980,,,,lens+StarLig",,
24660,-0.0018,55497.4977,p,R,Parimucha Stefan,"I,5980,,,,lens+StarLig",,
24721,-0.0018,55533.6751,p,V,Poklar R,,"A,e151,,,,",
24771,-0.0025,55563.328,p,V,Pagel Lienhard,,"D,0215,I,5984,,Artemis4021",
24815,-0.0026,55589.4231,p,V,Pagel L,,,"D,0220,I,6010,,QHY 8"
24876,0.0029,55625.606,p,vis,Stephan Chris,,"J,0053,,,,",
24876,0.0029,55625.606,p,vis,Stephan Chris,,"J,0053,,,,",
25144,0,55784.5464,p,V,Parimucha S,,"I,6044,,,,K1-M",
25456,-0.0028,55969.582,p,vis,Chris Stephan,,"J,0055,,,,",
25491,-0.0027,55990.3397,p,R,Parimucha S,,"I,6044,,,,K1-G",
25513,-0.0016,56003.3883,p,V,Parimucha S,,"I,6044,,,,K1-G",
25825,-0.0008,56188.4276,p,-I,Agerer Franz,,"D,0231,I,6070,,Sigma1603",
25877,-0.0054,56219.5592,s,V,Parimucha S,,"I,6044,,,,K1-G",
25986,-0.002,56283.911,p,V,Simmons N,,"Y,0042,,,JAAVSO 42,",
26058,0.0078,56326.622,p,vis,Chris Stephan,,"J,0056,,,,",
26108,-0.0016,56356.2662,p,-I,Agerer Franz,,"D,0232,I,6084,,Sigma1603",
26494,-0.0012,56585.4889,s,BVRp,Palafouta S,,"I,6218,,,,T1+C1",
26496,-0.0015,56586.3782,p,BVRp,Palafouta S,,"I,6218,,,,T1+C1",
26497,0.0004,56587.2697,s,BVRp,Palafouta S,,"I,6218,,,,T1+C1",
26498,-0.0021,56587.5638,p,BVRp,Palafouta S,,"I,6218,,,,T1+C1",
26501,-0.0017,56589.3434,p,BVRp,Palafouta S,,"I,6218,,,,T1+C1",
26502,0.0022,56590.2368,s,BVRp,Palafouta S,,"I,6218,,,,T1+C1",
26503,-0.0022,56590.529,p,BVRp,Palafouta S,,"I,6218,,,,T1+C1",
26504,0.0023,56591.4231,s,BVRp,Palafouta S,,"I,6218,,,,T1+C1",
26506,-0.0023,56592.3081,p,BVRp,Palafouta S,,"I,6218,,,,T1+C1",
26507,0.0038,56593.2038,s,BVRp,Palafouta S,,"I,6218,,,,T1+C1",
26508,-0.0025,56593.4941,p,BVRp,Palafouta S,,"I,6218,,,,T1+C1",
26675,-0.0046,56692.535,p,vis,Chris Stephan,,"J,0059,,,,",
27137,-0.0041,56966.5348,p,VI,Parimucha S,,"I,6167,,,,C11+G2",
27329,-0.0047,57080.404,p,-I,Agerer Franz,,"D,0241,I,6157,,Sigma 1603",
27693,-0.0061,57296.2808,p,-I,Agerer Franz,,"D,0244,I,6196,,Sigma 1603",
27693,-0.0039,57296.5795,s,-I,Agerer Franz,,"D,0244,I,6196,,Sigma 1603",
27980,-0.0051,57466.4935,p,-I,Agerer Franz,,"D,0244,I,6196,,Sigma 1603",
28568,-0.0064,57815.515,s,-Ir,Agerer Franz,,"D,0247,I,6244,,1603",
28959,-0.0033,58047.4093,s,ccd,Vrastak M.,,"C,0041,,,,50mm+G2-1600",
29021,-0.0028,58083.8837,p,V,Samolyk G.,,"A,0461,,,,",
29051,-0.004,58101.6747,p,V,Cook    S.,,"A,0461,,,,",
29141,-0.0037,58155.348,s,-Ir,Agerer Franz,,"D,0031,,,,Sigma1603",
29142,-0.0076,58155.6406,p,-Ir,Agerer Franz,,"D,0031,,,,Sigma1603",
29282,-0.0059,58238.6724,p,V,Samolyk G.,,"A,0462,,,,",
29567,-0.0055,58407.6983,p,V,Samolyk G,,"A,,,,JAAVSO 47,",
29862,-0.0048,58582.6553,p,G,Conrad G,,"A,,,,JAAVSO 47,",
30141,0.0067,58748.4304,s,TG,Wenzel Bernhard,,"D,0052,,,,200D",
30283,-0.0058,58832.3376,p,TG,Wenzel Bernhard,,"D,0052,,,,200D",
30376,-0.0069,58887.4922,p,-Ir,Agerer Franz,,"D,0052,,,,S1603",
30550,-0.0058,58990.6878,p,V,Samolyk Gerry,,"A,,,,JAAVSO 48,",
30861,-0.0044,59175.1346,p,V,Itoh Hiroshi,,"J,0069,,,,12.7SC+ST-9X",
