-5788,1.1386,17065.362,p,pg,Blazko S,,",,D,Lich,AN 187.42,",
-5455,0.9879,17999.891,p,pg,Pickering E,,",,D,Lich,HC 159,",
-5319,0.9659,18381.6,p,pg,Pickering E,,",,D,Lich,HC 159,",
-5310,0.9453,18406.841,p,pg,Pickering E,,",,D,Lich,HC 159,",
-5132,0.9367,18906.451,p,vis,Blazko S,,",,D,Lich,AN 187.42,",
-5132,0.9387,18906.453,p,vis,Graff K,,,",,D,Lich,AN 218.25,"
-5116,0.9351,18951.359,p,vis,Hartwig E,,",,D,Lich,AN 187.11,",
-5110,0.9311,18968.196,p,vis,Hartwig E,,",,D,Lich,AN 187.11,",
-5105,0.9298,18982.229,p,vis,Hartwig E,,",,D,Lich,AN 187.11,",
-5071,0.9281,19077.66,p,vis,Nijland A A,,",,D,Lich,AN 244.240,",
-5065,0.912,19094.485,p,vis,Nijland A A,,",,D,Lich,AN 244.240,",
-5064,0.9111,19097.291,p,vis,Nijland A A,,",,D,Lich,AN 244.240,",
-5054,0.9127,19125.361,p,vis,Nijland A A,,",,D,Lich,AN 244.240,",
-5044,0.9062,19153.423,p,vis,Nijland A A,,",,D,Lich,AN 244.240,",
-5040,0.8948,19164.639,p,vis,Nijland A A,,",,D,Lich,AN 244.240,",
-5029,0.9155,19195.535,p,vis,Nijland A A,,",,D,Lich,AN 244.240,",
-5019,0.8821,19223.57,p,vis,Nijland A A,,",,D,Lich,AN 244.240,",
-5014,0.8968,19237.619,p,vis,Nijland A A,,",,D,Lich,AN 244.240,",
-5013,0.929,19240.458,p,vis,Nijland A A,,",,D,Lich,AN 244.240,",
-5008,0.8908,19254.454,p,vis,Nijland A A,,",,D,Lich,AN 244.240,",
-4982,0.8858,19327.427,p,vis,Nijland A A,,",,D,Lich,AN 244.240,",
-4982,0.8938,19327.435,p,vis,Lehnert R,,",,D,Lich,AN 192.201,",
-4978,0.8894,19338.658,p,vis,Nijland A A,,",,D,Lich,AN 244.240,",
-4970,0.8816,19361.105,p,vis,Gadomski J,,",,D,Lich,PWAR 8.57,",
-4961,0.895,19386.38,p,vis,Nijland A A,,",,D,Lich,AN 244.240,",
-4946,0.8763,19428.464,p,vis,Nijland A A,,",,D,Lich,AN 244.240,",
-4941,0.8791,19442.501,p,vis,Nijland A A,,",,D,Lich,AN 244.240,",
-4914,0.8722,19518.279,p,vis,Nijland A A,,",,D,Lich,AN 244.240,",
-4905,0.8746,19543.543,p,vis,Nijland A A,,",,D,Lich,AN 244.240,",
-4904,0.8728,19546.348,p,vis,Nijland A A,,",,D,Lich,AN 244.240,",
-4899,0.8806,19560.39,p,vis,Nijland A A,,",,D,Lich,AN 244.240,",
-4879,0.8526,19616.499,p,vis,Nijland A A,,",,D,Lich,AN 244.240,",
-4864,0.8499,19658.599,p,vis,Nijland A A,,",,D,Lich,AN 244.240,",
-4863,0.8561,19661.412,p,vis,Nijland A A,,",,D,Lich,AN 244.240,",
-4860,0.8606,19669.837,p,vis,Lazzarino O,,",,D,Lich,CNAP 7.45,",
-4859,0.8547,19672.638,p,vis,Nijland A A,,",,D,Lich,AN 244.240,",
-4858,0.8559,19675.446,p,vis,Lehnert R,,",,D,Lich,AN 194.165,",
-4812,0.853,19804.558,p,vis,Nijland A A,,",,D,Lich,AN 244.240,",
-4811,0.8391,19807.351,p,vis,Graff K,,,",,D,Lich,AN 218.25,"
-4811,0.8451,19807.357,p,vis,Nijland A A,,",,D,Lich,AN 244.240,",
-4807,0.8437,19818.583,p,vis,Nijland A A,,",,D,Lich,AN 244.240,",
-4806,0.8379,19821.384,p,vis,Bottlinger,,",,D,Lich,AN 218.15,",
-4806,0.8419,19821.388,p,vis,Graff K,,,",,D,Lich,AN 218.25,"
-4806,0.8449,19821.391,p,vis,Nijland A A,,",,D,Lich,AN 244.240,",
-4805,0.837,19824.19,p,vis,Graff K,,,",,D,Lich,AN 218.25,"
-4795,0.8256,19852.247,p,vis,Nijland A A,,",,D,Lich,AN 244.240,",
-4791,0.8322,19863.481,p,vis,Graff K,,,",,D,Lich,AN 218.25,"
-4790,0.8183,19866.274,p,vis,Graff K,,,",,D,Lich,AN 218.25,"
-4750,0.8225,19978.552,p,vis,Graff K,,,",,D,Lich,AN 218.25,"
-4750,0.824,19978.5535,p,vis,Lehnert R,,",,D,Lich,AN 200.163,",
-4744,0.8334,19995.404,p,vis,Nijland A A,,",,D,Lich,AN 244.240,",
-4740,0.826,20006.624,p,vis,Nijland A A,,",,D,Lich,AN 244.240,",
-4739,0.8192,20009.424,p,vis,Graff K,,,",,D,Lich,AN 218.25,"
-4735,0.8398,20020.672,p,vis,Nijland A A,,",,D,Lich,AN 244.240,",
-4734,0.819,20023.458,p,vis,Nijland A A,,",,D,Lich,AN 244.240,",
-4734,0.821,20023.46,p,vis,Lehnert R,,",,D,Lich,AN 200.163,",
-4734,0.825,20023.464,p,vis,Hoffmeister C,,",,D,Lich,AN 197.317,",
-4734,0.829,20023.468,p,vis,Hartwig E,,",,D,Lich,VB 1.579,",
-4733,0.8361,20026.282,p,vis,Nijland A A,,",,D,Lich,AN 244.240,",
-4729,0.8177,20037.491,p,vis,Hoffmeister C,,",,D,Lich,AN 197.317,",
-4729,0.8247,20037.498,p,vis,Lehnert R,,",,D,Lich,AN 200.163,",
-4728,0.8109,20040.291,p,vis,Nijland A A,,",,D,Lich,AN 244.240,",
-4728,0.8209,20040.301,p,vis,Hoffmeister C,,",,D,Lich,AN 197.317,",
-4728,0.8299,20040.31,p,vis,Graff K,,,",,D,Lich,AN 218.25,"
-4723,0.8207,20054.335,p,vis,Nijland A A,,",,D,Lich,AN 244.241,",
-4723,0.8277,20054.342,p,vis,Hoffmeister C,,",,D,Lich,AN 197.317,",
-4718,0.8324,20068.381,p,vis,Hoffmeister C,,",,D,Lich,AN 197.317,",
-4699,0.8104,20121.689,p,vis,Nijland A A,,",,D,Lich,AN 244.241,",
-4696,0.7998,20130.099,p,vis,Nijland A A,,",,D,Lich,BAN 2.129,",
-4693,0.8063,20138.526,p,vis,Nijland A A,,",,D,Lich,AN 244.241,",
-4682,0.805,20169.4,p,vis,Nijland A A,,",,D,Lich,AN 244.241,",
-4682,0.806,20169.401,p,vis,Graff K,,,",,D,Lich,AN 218.25,"
-4666,0.8144,20214.319,p,vis,Graff K,,,",,D,Lich,AN 214.25,"
-4657,0.8098,20239.576,p,vis,Nijland A A,,",,D,Lich,AN 244.241,",
-4656,0.806,20242.379,p,vis,Nijland A A,,",,D,Lich,AN 244.241,",
-4651,0.8057,20256.413,p,vis,Nijland A A,,",,D,Lich,AN 244.241,",
-4646,0.8055,20270.447,p,vis,Nijland A A,,",,D,Lich,AN 244.241,",
-4615,0.7793,20357.433,p,vis,Nijland A A,,",,D,Lich,AN 244.241,",
-4605,0.7798,20385.502,p,vis,Nijland A A,,",,D,Lich,AN 244.241,",
-4579,0.7848,20458.485,p,vis,Nijland A A,,",,D,Lich,AN 244.241,",
-3813,0.5768,22608.321,p,vis,Graff K,,,",,D,Lich,AN 218.25,"
-3808,0.5746,22622.353,p,vis,Graff K,,,",,D,Lich,AN 218.25,"
-3757,0.5534,22765.481,p,vis,Ellsworth J,,",,D,Lich,BLYN 10.34A,",
-3746,0.5461,22796.349,p,vis,Ellsworth J,,",,D,Lich,BLYN 10.34A,",
-3741,0.5519,22810.389,p,vis,Ellsworth J,,",,D,Lich,BLYN 10.34A,",
-3731,0.5644,22838.47,p,vis,Ellsworth J,,",,D,Lich,BLYN 10.34A,",
-3730,0.5586,22841.271,p,vis,Ellsworth J,,",,D,Lich,BLYN 10.34A,",
-3725,0.5423,22855.289,p,vis,Ellsworth J,,",,D,Lich,BLYN 10.34A,",
-3720,0.5161,22869.297,p,vis,Ellsworth J,,",,D,Lich,BLYN 10.34A,",
-3716,0.5727,22880.581,p,vis,Ellsworth J,,",,D,Lich,BLYN 10.34A,",
-3715,0.5229,22883.338,p,vis,Ellsworth J,,",,D,Lich,BLYN 10.34A,",
-3710,0.5727,22897.422,p,vis,Ellsworth J,,",,D,Lich,BLYN 10.34A,",
-3705,0.5594,22911.443,p,vis,Gadomski J,,",,D,Lich,PWAR 8.54,",
-3689,0.5349,22956.328,p,vis,Ellsworth J,,",,D,Lich,BLYN 10.34A,",
-3685,0.5455,22967.566,p,vis,Hellerich J,,",,D,Lich,AN 217.464,",
-3664,0.5437,23026.508,p,vis,Hellerich J,,",,D,Lich,BZ 4.15,",
-3601,0.5214,23203.317,p,vis,Ellsworth J,,",,D,Lich,BLYN 10.34A,",
-3576,0.5223,23273.489,p,vis,Gadomski J,,",,D,Lich,PWAR 8.54,",
-3571,0.5041,23287.505,p,vis,Ellsworth J,,",,D,Lich,BLYN 10.34A,",
-3560,0.5338,23318.41,p,vis,Ellsworth J,,",,D,Lich,BLYN 10.34A,",
-3551,0.4761,23343.614,p,vis,Ellsworth J,,",,D,Lich,BLYN 10.34A,",
-3494,0.4699,23503.598,p,vis,Ellsworth J,,",,D,Lich,BLYN 10.34A,",
-3488,0.4918,23520.461,p,vis,Ellsworth J,,",,D,Lich,BLYN 10.34A,",
-3477,0.4975,23551.342,p,vis,Gadomski J,,",,D,Lich,CRAC 22,",
-3420,0.4863,23711.321,p,vis,Beyer M,,,",,D,Lich,AN 234.87,"
-3411,0.4997,23736.596,p,vis,Gadomski J,,",,D,Lich,PWAR 8.54,",
-3383,0.483,23815.171,p,vis,Ellsworth J,,",,D,Lich,BLYN 10.34A,",
-3369,0.4762,23854.46,p,vis,Beyer M,,,",,D,Lich,AN 234.87,"
-3369,0.5042,23854.488,p,vis,Ellsworth J,,",,D,Lich,BLYN 10.34A,",
-3368,0.4603,23857.251,p,vis,Ellsworth J,,",,D,Lich,BLYN 10.34A,",
-3368,0.4973,23857.288,p,vis,Gadomski J,,",,D,Lich,PWAR 8.57,",
-3363,0.4531,23871.278,p,vis,Ellsworth J,,",,D,Lich,BLYN 10.34A,",
-3353,0.4946,23899.388,p,vis,Ellsworth J,,",,D,Lich,BLYN 10.34A,",
-3245,0.4333,24202.466,p,vis,Ellsworth J,,",,D,Lich,BLYN 10.34A,",
-3115,0.4293,24567.352,p,vis,Ellsworth J,,",,D,Lich,BLYN 10.34A,",
-3064,0.4081,24710.48,p,vis,Ellsworth J,,",,D,Lich,BLYN 10.34A,",
-3038,0.3871,24783.437,p,vis,Ellsworth J,,",,D,Lich,BLYN 10.34A,",
-2981,0.3929,24943.433,p,vis,Ellsworth J,,",,D,Lich,BLYN 10.34A,",
-2960,0.3182,25002.302,p,vis,Ellsworth J,,",,D,Lich,BLYN 10.34A,",
-2956,0.3548,25013.566,p,vis,Ellsworth J,,",,D,Lich,BLYN 10.34A,",
-2831,0.371,25364.438,p,vis,Mergentaler J,,",,D,Lich,AAC 1.36,",
-2790,0.3703,25479.518,p,vis,Pagaczewski J,,",,D,Lich,WARC 21,",
-2655,0.3301,25858.402,p,vis,Pagaczewski J,,",,D,Lich,WARC 21,",
-2598,0.3209,26018.383,p,vis,Jacchia L,,",,D,Lich,AAC 1.108,",
-2381,0.2849,26627.4326,p,vis,Ahnert P,,",,D,Lich,AN 250.376,",
-2263,0.2355,26958.591,p,vis,Warmbier E,,",,D,Lich,AAC 3.95,",
-2143,0.221,27295.398,p,vis,Kordylewski K,,",,D,Lich,AAC 2.59,",
-2138,0.2277,27309.439,p,vis,Himpel K,,",,D,Lich,AN 261.255,",
-2086,0.1618,27455.329,p,vis,Gadomski J,,",,D,Lich,BZ 18.30,",
-2024,0.2293,27629.421,p,pg,Boehme S,,",,D,Lich,AN 266.170,",
-1941,0.1761,27862.336,p,vis,Szafraniec R,,",,D,Lich,AAC 4.83,",
-1939,0.1744,27867.948,p,vis,Gadomski J,,",,D,Lich,AA 6.111,",
-1937,0.2207,27873.608,p,pg,Boehme S,,",,D,Lich,AN 266.170,",
-1868,0.2453,28067.305,p,pg,Boehme S,,",,D,Lich,AN 266.170,",
-1791,0.2092,28283.396,p,vis,Gadomski J,,",,D,Lich,MVS 3.179,",
-1771,0.1193,28339.443,p,pg,Boehme S,,",,D,Lich,AN 266.170,",
-1626,0.0796,28746.396,p,pg,Boehme S,,",,D,Lich,AN 266.170,",
-1263,0.0905,29765.292,p,pg,Schneller H,,"M,0003,M,,MVS Band 3 H,",
-345,-0.0011,32341.885,p,pe,Smith B,,,",,D,Lich,APJ 109.63,"
-334,-0.0024,32372.759,p,pe,Wood F B,,",,D,Lich,AJ 56.53,",
-328,-0.0025,32389.6,p,pe,Wood F B,,",,D,Lich,AJ 56.53,",
-324,-0.0069,32400.823,p,pe,Wood F B,,",,D,Lich,AJ 56.53,",
-319,-0.0041,32414.86,p,pe,Wood F B,,",,D,Lich,AJ 56.53,",
-291,-0.0098,32493.446,p,vis,Szafraniec R,,",,D,Lich,AAC 4.83,",
-249,-0.0213,32611.322,p,vis,Szczepanowska A,,",,D,Lich,AAC 4.117,",
-224,-0.0095,32681.505,p,vis,Szafraniec R,,",,D,Lich,AAC 4.114,",
-131,-0.0142,32942.537,p,vis,Ahnert P,,",,D,Lich,AN 278.270,",
-110,-0.0189,33001.476,p,vis,Szczepanowska A,,",,D,Lich,AAC 5.76,",
-99,-0.0192,33032.351,p,vis,Szafraniec R,,",,D,Lich,AAC 5.6,",
-89,-0.0117,33060.427,p,vis,Pohl E,,,"D,0004,D,Lich,,"
-37,-0.0097,33206.385,p,vis,Szczepanowska A,,",,D,Lich,AAC 5.76,",
-16,-0.0305,33265.308,p,vis,Pohl E,,,"D,0004,D,Lich,,"
0,-0.006,33310.242,p,vis,Pohl E,,,"D,0004,D,Lich,,"
5,-0.0182,33324.264,p,vis,Pohl E,,,"D,0004,D,Lich,,"
45,-0.0051,33436.551,p,vis,Pohl E,,,"D,0004,D,Lich,,"
45,0.0029,33436.559,p,vis,Domke K,,,"D,0004,D,Lich,,"
71,-0.0101,33509.524,p,vis,Busch H,,,",,D,Lich,MVS 243,"
71,-0.0091,33509.525,p,vis,Pohl E,,,"D,0008,D,Lich,,"
71,-0.0071,33509.527,p,vis,Wenzel W,,",,D,Lich,MVS 125,",
92,-0.0178,33568.46,p,vis,Wenzel W,,",,D,Lich,MVS 140,",
93,-0.0067,33571.278,p,vis,Szczepanowska A,,",,D,Lich,AAC 5.76,",
102,-0.0053,33596.541,p,vis,Szczepanowska A,,",,D,Lich,AAC 5.76,",
139,-0.0166,33700.383,p,vis,Jahn A,,,"D,0008,D,Lich,,"
139,-0.0126,33700.387,p,vis,Domke K,,,"D,0008,D,Lich,,"
139,-0.0106,33700.389,p,vis,Pohl E,,,"D,0008,D,Lich,,"
154,-0.0143,33742.488,p,vis,Wenzel W,,",,D,Lich,MVS 140,",
155,0.0009,33745.31,p,vis,Pohl E,,,"D,0008,D,Lich,,"
155,0.0039,33745.313,p,vis,Jahn A,,,"D,0008,D,Lich,,"
155,0.0059,33745.315,p,vis,Domke K,,,"D,0008,D,Lich,,"
159,-0.0035,33756.533,p,vis,Domke K,,,"D,0008,D,Lich,,"
160,-0.0134,33759.33,p,vis,Domke K,,,"D,0008,D,Lich,,"
160,-0.0094,33759.334,p,vis,Wenzel W,,",,D,Lich,MVS 140,",
174,-0.0112,33798.628,p,pe,Baglow,,,",,D,Lich,PDDO 2.3,"
206,-0.0163,33888.442,p,vis,Szafraniec R,,",,D,Lich,AAC 5.11,",
206,-0.0053,33888.453,p,vis,Domke K,,,"D,0008,D,Lich,,"
206,-0.0043,33888.454,p,vis,Wenzel W,,",,D,Lich,MVS 140,",
206,0.0017,33888.46,p,vis,Jahn A,,,"D,0008,D,Lich,,"
227,-0.013,33947.389,p,vis,Domke K,,,"D,0008,D,Lich,,"
227,0.003,33947.405,p,vis,Sawicki Z,,",,D,Lich,AA 6.111,",
274,-0.0018,34079.322,p,vis,Pohl E,,,"D,0010,D,Lich,,"
289,-0.0065,34121.42,p,vis,Pohl E,,,"D,0010,D,Lich,,"
289,-0.0055,34121.421,p,vis,Domke K,,,"D,0010,D,Lich,,"
294,0.0003,34135.461,p,vis,Pohl E,,,"D,0010,D,Lich,,"
304,0.0038,34163.533,p,vis,Domke K,,,"D,0010,D,Lich,,"
325,0,34222.473,p,vis,Szafraniec R,,",,D,Lich,AAC 5.52,",
331,0.018,34239.332,p,vis,Slowochotowa N,,",,D,Lich,PZ 10.29,",
336,-0.0133,34253.335,p,vis,Pohl E,,,"D,0010,D,Lich,,"
341,0.0115,34267.394,p,vis,Slowocotowa N,,",,D,Lich,PZ 10.29,",
408,-0.0062,34455.435,p,vis,Pohl E,,,"D,0010,D,Lich,,"
408,-0.0062,34455.435,p,vis,Szafraniec R,,",,D,Lich,AAC 5.190,",
439,0.0066,34542.46,p,vis,Domke K,,,"D,0010,D,Lich,,"
481,0.0041,34660.345,p,vis,Szafraniec R,,",,D,Lich,AAC 5.194,",
600,0.0094,34994.365,p,vis,Wroblewski A,,"K,0006,K,0006,AA 6.146,",
703,0.0163,35283.477,p,vis,Pohl E,,,"D,0012,D,Lich,,"
734,0.006,35370.479,p,vis,Szafraniec R,,",,D,Lich,AA 6.142,",
734,0.012,35370.485,p,vis,Rudolph R,,"D,0012,D,Lich,,",
926,0.0116,35909.399,p,vis,Kordylewski K,,",,D,Lich,SAC 29.109,",
941,0.0139,35951.504,p,vis,Doerr F,,,"D,0012,D,Lich,,"
941,0.0219,35951.512,p,vis,Quester W,,"D,0012,D,Lich,,",
941,0.0289,35951.519,p,vis,Rudolph R,,"D,0012,D,Lich,,",
998,0.0207,36111.501,p,vis,Doerr F,,,"D,0012,D,Lich,,"
998,0.0207,36111.501,p,vis,Rudolph R,,"D,0012,D,Lich,,",
998,0.0227,36111.503,p,vis,Braune W,,"D,0012,D,Lich,,",
1004,0.0136,36128.335,p,vis,Szafraniec R,,",,D,Lich,AA 8.190,",
1263,0.0405,36855.335,p,vis,Braune W,,"D,0013,D,Lich,,",
1320,0.0233,37015.308,p,vis,Szafraniec R,,",,D,Lich,AA 13.79,",
1376,0.0039,37172.472,p,vis,Ciemnolonski J,,",,D,Lich,EBC 1-32,",
1376,0.0159,37172.484,p,vis,Slowik Z,,",,D,Lich,EBC 1-32,",
1376,0.0189,37172.487,p,vis,Flin P,,,"K,0017,K,0017,EBC 1-32,"
1376,0.0259,37172.494,p,vis,Rodzinski J,,",,D,Lich,AA 18.322,",
1376,0.0279,37172.496,p,vis,Hoffmann E,,"C,0006,C,0006,,",
1376,0.0279,37172.496,p,vis,Szeligiewicz E,,",,D,Lich,AA 18.322,",
1703,0.0353,38090.342,p,vis,Zdarsky F,,"C,0006,C,0006,,",
1713,0.0498,38118.425,p,vis,Zdarsky F,,"C,0006,C,0006,,",
1723,0.0333,38146.477,p,vis,Braune W,,"D,0018,D,Lich,,",
1775,0.0387,38292.4384,p,vis,Kordylewski K,,"I,0046,I,0046,,",
1817,0.0238,38410.311,p,vis,Zdarsky F,,"C,0006,C,0006,,",
1858,0.0471,38525.415,p,vis,Zdarsky F,,"C,0006,C,0006,,",
1863,0.0429,38539.445,p,vis,Betak E,,,"C,0006,C,0006,,"
1863,0.043,38539.4451,p,V,Pohl E,,,"I,0443,I,0443,,"
1863,0.0431,38539.4452,p,pe,Walter K,,",,D,Lich,AAPS 32.57,",
1868,0.0425,38553.4788,p,pe,Walter K,,",,D,Lich,AAPS 32.57,",
1889,0.0309,38612.411,p,vis,Peter H,,,"B,...2,B,...2,,"
1889,0.0429,38612.423,p,pe,Walter K,,",,D,Lich,AAPS 32.57,",
1910,0.0331,38671.357,p,vis,Zdarsky F,,"C,0006,C,0006,,",
1910,0.0459,38671.3698,p,pe,Pohl E,,,"I,0443,I,0443,,"
1962,0.0421,38817.322,p,vis,Zdarsky F,,"C,0005,C,0005,,",
2012,0.0558,38957.678,p,vis,Monske R,,"A,0007,I,0114,,",
2019,0.0447,38977.3148,p,pe,Walter K,,",,D,Lich,AAPS 32.57,",
2022,0.047,38985.7376,p,pe,Walter K,,",,D,Lich,AAPS 32.57,",
2024,0.0407,38991.345,p,vis,Kizilirmak A,,",,D,Lich,AN 289.191,",
2024,0.0417,38991.346,p,vis,Kizilirmak R,,",,D,Lich,AN 289.191,",
2034,0.0532,39019.426,p,vis,Peter H,,,"B,...2,B,...2,,"
2039,0.045,39033.452,p,vis,Szafraniec R,,",,D,Lich,AA 16.158,",
2122,0.0478,39266.423,p,vis,Huebscher J,,"D,0023,D,Lich,,",
2122,0.0508,39266.426,p,vis,Braune W,,"D,0023,D,Lich,,",
2152,0.0404,39350.621,p,vis,Monske R,,"A,0011,I,0180,,",
2158,0.0413,39367.463,p,vis,Czerlunczakiewic,",,D,Lich,AA 18.331,",,
2158,0.0463,39367.468,p,vis,Slowik A,,",,D,Lich,AA 18.331,",
2174,0.0408,39412.372,p,vis,Peter H,,,"B,...6,B,...6,Ori 100,"
2215,0.0471,39527.459,p,vis,Locher Kurt,,"B,...6,B,...6,Ori 100,",
2267,0.0621,39673.43,p,vis,Todoran I,,",,D,Lich,SCA 17.203,",
2272,0.0479,39687.45,p,vis,Gueduer N,,",,D,Lich,AN 291.111,",
2277,0.0377,39701.474,p,vis,Todoran I,,",,D,Lich,SCA 17.203,",
2277,0.0477,39701.484,p,vis,Gueduer N,,",,D,Lich,AN 291.111,",
2278,0.0388,39704.282,p,vis,Todoran I,,",,D,Lich,SCA 17.203,",
2282,0.0354,39715.506,p,vis,Slowik A,,",,D,Lich,AA 18.331,",
2288,0.0454,39732.357,p,vis,Bozkurt S,,",,D,Lich,AN 291.111,",
2288,0.0474,39732.359,p,vis,Gueduer N,,",,D,Lich,AN 291.111,",
2288,0.0484,39732.36,p,vis,Kurutac M,,",,D,Lich,AN 291.111,",
2293,0.0501,39746.396,p,vis,Locher Kurt,,"B,...8,B,...8,Ori 103,",
2314,0.0494,39805.339,p,vis,Schubert H,,"D,0023,D,Lich,,",
2319,0.0397,39819.3636,p,pe,Tremko J,,",,D,Lich,BAC 32.428,",
2349,0.0417,39903.571,p,pe,Tremko J,,",,D,Lich,BAC 32.428,",
2370,0.048,39962.521,p,vis,Schubert H,,"D,0023,D,Lich,,",
2376,0.0374,39979.3515,p,pe,Gencer E,,"I,0443,I,0456,,",
2412,0.0389,40080.3995,p,pe,Gencer E,,"I,0443,I,0456,,",
2437,0.0363,40150.568,p,pe,Tremko J,,",,D,Lich,BAC 32.248,",
2438,0.0455,40153.384,p,vis,Peter H,,,"B,..15,B,..15,Ori 110,"
2449,0.0341,40184.248,p,pe,Tremko J,,",,D,Lich,BAC 32.428,",
2454,0.0349,40198.283,p,pe,Tremko J,,",,D,Lich,BAC 32.428,",
2465,0.0486,40229.172,p,vis,Flin P,,,"I,0328,I,0328,,"
2490,0.0455,40299.34,p,vis,Peter H,,,"B,..17,B,..17,Ori 112,"
2499,0.0478,40324.604,p,vis,Bortle J,,"A,0014,I,0795,,",
2504,0.0396,40338.63,p,vis,Bortle J,,"A,0014,I,0795,,",
2520,0.0341,40383.534,p,pe,Walter K,,",,D,Lich,AAPS 32.57,",
2540,0.0352,40439.672,p,vis,Monske R,,"A,0014,I,0795,,",
2541,0.0213,40442.465,p,vis,Mundry E,,"D,0025,D,Lich,,",
2552,0.033,40473.352,p,V,Meier M,,,"I,0443,I,0456,,"
2640,0.0375,40720.3589,p,pe,Walter K,,",,D,Lich,AAPS 32.57,",
2640,0.0466,40720.368,p,vis,Peter H,,,"B,..24,B,..24,Ori 119,"
2645,0.0373,40734.393,p,vis,Peter H,,,"B,..24,B,..24,Ori 119,"
2660,0.0342,40776.4926,p,pe,Walter K,,",,D,Lich,AAPS 32.57,",
2682,0.041,40838.25,p,vis,Todoran I,,",,D,Lich,SCA 17.203,",
2687,0.0369,40852.2801,p,pe,Walter K,,",,D,Lich,AAPS 32.57,",
2696,0.0342,40877.539,p,pe,Endres C,,"I,0530,I,0530,,34 cm",
2718,0.0576,40939.313,p,vis,Peter H,,,"B,..28,B,..28,Ori 123,"
2759,0.0379,41054.374,p,pe,Walter K,,",,D,Lich,AAPS 32.57,",
2759,0.0479,41054.384,p,vis,Peter H,,,"B,..30,B,..30,Ori 125,"
2764,0.0363,41068.4066,p,B,Battistini P,,"I,0817,I,0817,,",
2800,0.0385,41169.4553,p,pe,Todoran I,,",,D,Lich,SCA 17.203,",
2800,0.0422,41169.459,p,vis,Isles J E,,"B,..32,B,..32,Ori 127,",
2801,0.0385,41172.2621,p,pe,Todoran I,,",,D,Lich,SCA 17.203,",
2805,0.0386,41183.4896,p,pe,Todoran I,,",,D,Lich,SCA 17.203,",
2810,0.0387,41197.524,p,vis,Isles J E,,"B,..32,B,..32,Ori 127,",
2832,0.0431,41259.279,p,vis,Waelke K,,"D,0025,D,Lich,,",
2832,0.0451,41259.281,p,vis,Werner W,,"D,0025,D,Lich,,",
2837,0.0449,41273.315,p,vis,Pickup D A,,"B,0002,B,0002,,",
2867,0.0445,41357.52,p,vis,Klimek Z,,"I,0637,I,0637,,203 mm refr",
2878,0.0362,41388.387,p,vis,Schubert H,,"D,0026,D,Lich,,",
2880,0.0995,41395.467,s,B,Battistini P,,"I,0817,I,0817,,",
2883,0.032,41402.417,p,vis,Peter H,,,"B,0003,B,0003,,"
2888,0.0528,41416.472,p,vis,Currie M J,,"R,0001,R,0001,JBAA 83.453,",
2919,0.034,41503.4655,p,V,Groebel R,,"I,0937,I,0937,,",
2919,0.0349,41503.4664,p,pe,Walter K,,",,D,Lich,AAPS 32.57,",
2924,0.0253,41517.491,p,vis,Gough T T,,"R,0001,R,0001,JBAA 83.453,",
2940,0.0358,41562.411,p,vis,Peter H,,,"B,0005,B,0005,,"
2945,0.0345,41576.444,p,vis,Braune W,,"D,0026,D,Lich,,",
2987,0.026,41694.323,p,vis,Peter H,,,"B,0007,B,0007,,"
2997,0.0425,41722.408,p,vis,Diethelm Roger,,"B,0008,B,0008,,",
3012,0.0318,41764.5,p,V,Grampp O,,"I,0937,I,0937,,",
3018,0.0028,41781.312,p,vis,Braune W,,"D,0028,D,Lich,,",
3023,0.0225,41795.366,p,vis,Diethelm Roger,,"B,0009,B,0009,,",
3038,0.0289,41837.475,p,vis,Peter H,,,"B,0010,B,0010,,"
3075,0.0315,41941.331,p,vis,Peter H,,,"B,0011,B,0011,,"
3152,0.0314,42157.458,p,vis,Pickup D A,,"R,0002,R,0002,JBAA 85.445,",
3152,0.0314,42157.458,p,vis,Isles J,,,"R,0002,R,0002,JBAA 85.445,"
3152,0.0354,42157.462,p,vis,Peter H,,,"B,0015,B,0015,,"
3188,0.0302,42258.5032,p,V,Ertan A Y,,"I,1053,I,1053,,",
3188,0.0302,42258.5032,p,V,Edersberger J,,"I,1053,I,1053,,",
3193,0.0337,42272.541,p,vis,Diethelm Roger,,"B,0017,B,0017,,",
3204,0.0204,42303.403,p,vis,Peter H,,,"B,0017,B,0017,,"
3302,0.0315,42578.485,p,vis,Peter H,,,"B,0023,B,0023,,"
3307,0.0253,42592.513,p,vis,Taylor M D,,"R,0003,R,0003,JBAA 87.80,",
3318,0.024,42623.387,p,vis,Diethelm Roger,,"B,0023,B,0023,,",
3328,0.0415,42651.473,p,vis,Taylor M D,,"R,0003,R,0003,JBAA 87.80,",
3333,0.0276,42665.4933,p,pe,Tremko J,,",,D,Lich,BAC 32.249,",
3348,0.0316,42707.6,p,vis,Mallama Anthony,,"I,1249,I,1249,,",
3349,0.0285,42710.4038,p,pe,Tremko J,,",,D,Lich,BAC 32.249,",
3359,0.0263,42738.47,p,vis,Taylor M D,,"R,0003,R,0003,JBAA 87.80,",
3395,0.0198,42839.51,p,vis,Brelstaff T,,"R,0004,R,0004,VSSC 58.16,",
3416,0.0282,42898.4621,p,pe,Blenner A,,"I,1358,I,1358,,",
3416,0.0331,42898.467,p,vis,Peter H,,,"B,0027,B,0027,,"
3437,0.0293,42957.407,p,vis,Germann R,,"B,0028,B,0028,,",
3437,0.0333,42957.411,p,vis,Peter H,,,"B,0028,B,0028,,"
3442,0.0231,42971.435,p,vis,Locher Kurt,,"B,0029,B,0029,,",
3442,0.0241,42971.436,p,vis,Peter H,,,"B,0029,B,0029,,"
3457,0.0314,43013.546,p,vis,Brelstaff T,,"R,0004,R,0004,VSSC 58.16,",
3458,0.0235,43016.345,p,vis,Germann R,,"B,0029,B,0029,,",
3463,0.0253,43030.381,p,vis,Locher Kurt,,"B,0030,B,0030,,",
3514,0.0292,43173.534,p,vis,Brelstaff T,,"R,0004,R,0004,VSSC 58.16,",
3525,0.0338,43204.414,p,vis,Locher Kurt,,"B,0033,B,0033,,",
3556,0.0036,43291.396,p,vis,Germann R,,"B,0033,B,0033,,",
3556,0.0312,43291.4236,p,G,Papousek J,,",,D,Lich,PAIB 1984.5,",
3556,0.0318,43291.4242,p,U,Papousek J,,",,D,Lich,PAIB 1984.5,",
3556,0.0321,43291.4245,p,B,Papousek J,,",,D,Lich,PAIB 1984.5,",
3556,0.0329,43291.4253,p,pe,Tremko J,,",,D,Lich,BAC 32.249,",
3561,0.0323,43305.4589,p,B,Papousek J,,",,D,Lich,PAIB 1984.5,",
3561,0.0323,43305.4589,p,U,Papousek J,,",,D,Lich,PAIB 1984.5,",
3561,0.0327,43305.4593,p,G,Papousek J,,",,D,Lich,PAIB 1984.5,",
3607,0.0334,43434.5749,p,pe,Tremko J,,",,D,Lich,BAC 32.249,",
3608,0.0338,43437.3822,p,pe,Tremko J,,",,D,Lich,BAC 32.249,",
3628,0.0346,43493.5199,p,pe,Tremko J,,",,D,Lich,BAC 32.249,",
3629,0.0333,43496.3254,p,pe,Tremko J,,",,D,Lich,BAC 32.249,",
3659,0.0343,43580.5318,p,G,Papousek J,,",,D,Lich,PAIB 1984.5,",
3659,0.0351,43580.5326,p,B,Papousek J,,",,D,Lich,PAIB 1984.5,",
3659,0.0352,43580.5327,p,U,Papousek J,,",,D,Lich,PAIB 1984.5,",
3665,0.0444,43597.383,p,vis,Brelstaff T,,"R,0004,R,0004,VSSC 58.16,",
3706,0.0277,43712.447,p,vis,Locher Kurt,,"B,0038,B,0038,,",
3706,0.0287,43712.448,p,vis,Peter H,,,"B,0038,B,0038,,"
3716,0.0303,43740.518,p,vis,Lichtenknecker,,"D,0031,D,Lich,,",
3716,0.0353,43740.523,p,vis,Locher Kurt,,"B,0038,B,0038,,",
3717,0.0254,43743.32,p,vis,Germann R,,"B,0038,B,0038,,",
3747,0.048,43827.548,p,vis,Locher Kurt,,"B,0040,B,0040,,",
3769,0.0434,43889.294,p,vis,Locher Kurt,,"B,0041,B,0041,,",
3783,0.0496,43928.596,p,vis,Locher Kurt,,"B,0042,B,0042,,",
3788,0.0314,43942.612,p,vis,Demon G,,,"B,0042,B,0042,,"
3788,0.0374,43942.618,p,vis,Locher Kurt,,"B,0042,B,0042,,",
3799,0.054,43973.51,p,vis,Locher Kurt,,"B,0043,B,0043,,",
3809,0.0426,44001.567,p,vis,Locher Kurt,,"B,0043,B,0043,,",
3830,0.0378,44060.506,p,vis,Locher Kurt,,"B,0044,B,0044,,",
3855,0.0417,44130.681,p,vis,Brelstaff T,,"R,0005,R,0005,VSSC 59.17,",
3856,0.0405,44133.4867,p,pe,Tremko J,,",,D,Lich,BAC 32.249,",
3856,0.0438,44133.49,p,vis,Locher Kurt,,"B,0045,B,0045,,",
3857,0.038,44136.291,p,vis,Locher Kurt,,"B,0045,B,0045,,",
3857,0.0427,44136.2957,p,pe,Tremko J,,",,0,GCVS,BAC 32.249,",
3857,0.062,44136.315,p,vis,Peter H,,,"B,0045,B,0045,,"
3862,0.0423,44150.3296,p,pe,Tremko J,,",,D,Lich,BAC 32.249,",
3862,0.0427,44150.33,p,vis,Locher Kurt,,"B,0045,B,0045,,",
3867,0.0465,44164.368,p,vis,Peter H,,,"B,0045,B,0045,,"
3872,0.0463,44178.402,p,vis,Brelstaff T,,"R,0005,R,0005,VSSC 59.17,",
3929,0.0581,44338.404,p,vis,Brelstaff T,,"R,0005,R,0005,VSSC 59.17,",
3937,0.044,44360.8447,p,BV,Forbes D W,,"I,2545,I,2545,,",
3970,0.0374,44453.464,p,vis,Locher Kurt,,"B,0049,B,0049,,",
3981,0.0551,44484.357,p,vis,Locher Kurt,,"B,0050,B,0050,,",
3986,0.0438,44498.38,p,vis,Locher Kurt,,"B,0050,B,0050,,",
3991,0.0296,44512.4,p,vis,Locher Kurt,,"B,0050,B,0050,,",
4089,0.0377,44787.479,p,vis,Locher Kurt,,"B,0056,B,0056,,",
4105,0.0382,44832.389,p,vis,Locher Kurt,,"B,0056,B,0056,,",
4105,0.0432,44832.394,p,vis,Diethelm Roger,,"B,0056,B,0056,,",
4105,0.0512,44832.402,p,vis,Peter H,,,"B,0056,B,0056,,"
4120,0.0475,44874.501,p,vis,Silhan Jindrich,,"C,0026,C,0026,,",
4121,0.0416,44877.302,p,vis,Peter H,,,"B,0056,B,0056,,"
4126,0.0594,44891.354,p,vis,Brelstaff T,,"R,0005,R,0005,VSSC 59.17,",
4161,0.0438,44989.578,p,vis,Locher Kurt,,"B,0058,B,0058,,",
4167,0.0437,45006.419,p,vis,Kohl Michael,,"B,0059,B,0059,,",
4167,0.0437,45006.419,p,vis,Locher Kurt,,"B,0059,B,0059,,",
4167,0.0597,45006.435,p,vis,Haering R,,"B,0059,B,0059,,",
4188,0.035,45065.354,p,vis,Locher Kurt,,"B,0060,B,0060,,",
4193,0.0467,45079.4,p,vis,Peter H,,,"B,0060,B,0060,,"
4193,0.0507,45079.404,p,vis,Diethelm Roger,,"B,0060,B,0060,,",
4208,0.0519,45121.5079,p,vis,Agerer Franz,,"D,0036,D,0036,,",
4229,0.0343,45180.434,p,vis,Peter H,,,"B,0061,B,0061,,"
4239,0.0498,45208.518,p,vis,Pleinerova J,,"C,0026,C,0026,,",
4239,0.0548,45208.523,p,vis,Bohutinska H,,"C,0026,C,0026,,",
4239,0.0558,45208.524,p,vis,Kobzova E,,"C,0026,C,0026,,",
4239,0.0578,45208.526,p,vis,Markovic J,,"C,0026,C,0026,,",
4239,0.0578,45208.526,p,vis,Svoboda P Pr,,"C,0026,C,0026,,",
4239,0.0578,45208.526,p,vis,Zejda M.,,"C,0026,C,0026,,",
4239,0.0608,45208.529,p,vis,Wagner V,,"C,0026,C,0026,,",
4239,0.0628,45208.531,p,vis,Pintova K,,"C,0026,C,0026,,",
4301,0.0534,45382.546,p,vis,Zejda M.,,"C,0026,C,0026,,",
4322,0.0456,45441.482,p,vis,Stefanopoulos G,,"B,0067,B,0067,,",
4364,0.0511,45559.375,p,vis,Locher Kurt,,"B,0068,B,0068,,",
4371,0.0611,45579.033,p,vis,Silhan Jindrich,,"C,0026,C,0026,,",
4405,0.0544,45674.459,p,vis,Brelstaff T,,"R,0006,R,0006,VSSC 60.21,",
4483,0.0594,45893.398,p,vis,Locher Kurt,,"B,0073,B,0073,,",
4483,0.0614,45893.4,p,vis,Elias D,,,"B,0073,B,0073,,"
4612,0.0532,46255.475,p,vis,Locher Kurt,,"B,0077,B,0077,,",
4628,0.0562,46300.3875,p,vis,Zejda M.,,"C,0027,C,0027,,",
4628,0.0604,46300.3917,p,vis,Slatinsky A,,"C,0027,C,0027,,",
4680,0.0607,46446.348,p,vis,Middlemist J,,"R,0011,R,0011,,",
4773,0.042,46707.366,p,vis,Mavrofridis G,,"B,0081,B,0081,,",
4871,0.0561,46982.451,p,vis,Blendin W,,"D,0050,D,0050,,",
4913,0.0426,47100.325,p,vis,Hroch F,,,"C,0030,C,0030,,"
4953,0.0608,47212.617,p,vis,Locher Kurt,,"B,0087,B,0087,,",
5156,0.0601,47782.4061,p,V,Hanzl D,,,"I,3423,I,3423,,"
5156,0.0608,47782.4068,p,B,Hanzl D,,,"I,3423,I,3423,,"
5249,0.0673,48043.45,p,vis,Peter H,,,"B,0095,B,0095,,"
5280,0.0689,48130.4638,p,vis,Marek T,,,"C,0031,C,0031,,"
5357,0.059,48346.581,p,vis,Locher Kurt,,"B,0097,B,0097,,",
5412,0.0701,48500.9687,p,V,Hipparcos,,"0,Hipp,0,Hipp,,",
5508,0.0662,48770.422,p,vis,Peter H,,,"B,0101,B,0101,,"
5534,0.0742,48843.408,p,vis,Peter H,,,"B,0102,B,0102,,"
5617,0.076,49076.378,p,vis,Peter H,,,"B,0104,B,0104,,"
5622,0.0808,49090.417,p,vis,Peter H,,,"B,0104,B,0104,,"
5632,0.0693,49118.474,p,vis,Locher Kurt,,"B,0104,B,0104,,",
5653,0.0676,49177.416,p,vis,Peter H,,,"B,0104,B,0104,,"
5668,0.0579,49219.509,p,vis,Mocek J,,,"C,0031,C,0031,,"
5674,0.0838,49236.376,p,vis,Peter H,,,"B,0105,B,0105,,"
5679,0.0606,49250.387,p,vis,Dedoch A,,"C,0031,C,0031,,",
5808,0.0434,49612.453,p,vis,Kalas V,,,"C,0031,C,0031,,"
5808,0.0474,49612.457,p,vis,Rottenborn M,,"C,0031,C,0031,,",
5808,0.0577,49612.4673,p,vis,Vetrovcova M,,"C,0031,C,0031,,",
5882,0.0668,49820.183,p,vis,Sekino Yuji,,"J,0023,,,,20x12B",
5882,0.0668,49820.183,p,vis,Sekino Yuji,,"J,0047,,,,",
5917,0.0602,49918.416,p,vis,Peter H,,,"B,0110,B,0110,,"
5922,0.045,49932.435,p,vis,Mocek J,,,"C,0032,,,,SB"
5922,0.0561,49932.4461,p,vis,Dedoch A,,"C,0032,,,,SB",
5922,0.0624,49932.4524,p,vis,Polak J,,,"C,0032,,,,SB"
5922,0.0645,49932.4545,p,vis,Rottenborn M,,"C,0032,,,,SM",
5922,0.0679,49932.4579,p,vis,Kratochvil A,,"C,0032,,,,SB",
5922,0.0714,49932.4614,p,vis,Honzik L,,"C,0032,,,,SM",
5922,0.077,49932.467,p,vis,Vetrovcova M,,"C,0032,,,,SB",
5922,0.0804,49932.4704,p,vis,Minar J,,,"C,0032,,,,SM"
5938,0.0803,49977.3798,p,vis,Kratochvil A,,"C,0032,C,0032,,",
5938,0.1011,49977.4006,p,vis,Zibar M,,,"C,0032,,,,SB"
6004,0.0555,50162.6069,p,ccd,Blaettler Ernst,,"B,0111,B,0111,,",
6021,0.0602,50210.328,p,ccd,Cook S,,,"A,0012,,,,"
6066,0.0612,50336.637,p,ccd,Cook S,,,"A,0012,,,,"
6186,0.0583,50673.4557,p,vis,Honzik L,,"C,0032,,,,SB",
6186,0.0668,50673.4642,p,BVRI,Ogloza Waldemar,,"I,4534,I,4534,,60cm Cass",
6195,0.061,50698.72,p,vis,Samolyk G,,"A,0012,,,,",
6202,0.0601,50718.367,p,vis,Meyer R,,,"D,0113,D,0113,,"
6372,0.0694,51195.5401,p,ccd,Zejda M.,,"C,0032,I,5263,,RL400",
6440,0.0808,51386.417,p,vis,Meyer R,,,"D,0131,D,0131,,"
6449,0.0711,51411.669,p,vis,Samolyk G,,"A,0012,,,,",
6476,0.0623,51487.445,p,vis,Banuscher Dietma,"D,0131,D,0131,,",,
6523,0.0655,51619.37,p,vis,Locher Kurt,,"B,0122,B,0122,,",
6543,0.0751,51675.5165,p,V,Zejda M.,,"C,0032,I,5287,,RL400",
6585,0.0721,51793.401,p,vis,Tikkanen Kari,,"B,0127,B,0127,,",
6657,0.0772,51995.499,p,vis,Tikkanen Kari,,"B,0127,B,0127,,",
6678,0.0773,52054.4429,p,vis,Hejduk P,,"C,0034,E,0074,,RL114",
6678,0.0804,52054.446,p,vis,Meyer Ralf,,"D,0143,D,0143,,",
6709,0.0792,52141.457,p,vis,Tikkanen Kari,,"B,0127,B,0127,,",
6741,0.0801,52231.277,p,vis,Tikkanen Kari,,"B,0127,B,0127,,",
6766,0.077,52301.445,p,vis,Tikkanen Kari,,"B,0128,B,0128,,",
6788,0.0774,52363.196,p,vis,Tikkanen Kari,,"B,0128,B,0128,,",
6828,0.0775,52475.47,p,vis,Meyer Ralf,,"D,0157,,,,",
6839,0.0822,52506.35,p,vis,Tikkanen Kari,,"B,0129,I,5438,,",
6860,0.0834,52565.295,p,vis,Tikkanen Kari,,"B,0129,I,5438,,",
6891,0.0769,52652.3007,p,ccd,Schmidt Ulrich,,"D,0158,I,5484,,",
6906,0.0818,52694.4083,p,I,Zejda Milos,,"I,5583,,,,RF80",
6916,0.0811,52722.476,p,vis,Meyer Ralf,,"D,0157,,,,",
6963,0.0845,52854.4012,p,ccd,Bakis Volkan,,"I,5662,,,,CUG302",
7009,0.0869,52983.5185,p,I,Zejda Milos,,"I,5583,,,,RF80",
7040,0.0849,53070.5287,p,V,Zejda Milos,,"I,5583,,,,RL400",
7040,0.0859,53070.5297,p,R,Zejda Milos,,"I,5583,,,,RL400",
7040,0.086,53070.5298,p,I,Zejda Milos,,"I,5583,,,,RL400",
7105,0.0878,53254.3796,s,ccd,Zejda Milos,,"I,5741,,,,RL400",
7153,0.0842,53387.7016,p,ccd,Zejda Milos,,"I,5741,,,,RL200",
7160,0.0838,53407.3492,p,ccd,Zejda Milos,,"I,5741,,,,RL200",
7180,0.0844,53463.4867,p,ccd,Zejda Milos,,"I,5741,,,,RL200",
7207,0.0699,53539.257,p,vis,Meyer Ralf,,"D,0179,,,,",
7215,0.0821,53561.724,p,vis,Williams D,,"A,0012,,,,",
7222,0.084,53581.3738,p,ccd,Zejda Milos,,"I,5741,,,,RL400",
7356,0.08,53957.4872,p,ccdB,Svoboda P,,"C,0034,E,0074,,RF34",
7366,0.0822,53985.5578,p,ccdB,Svoboda P,,"C,0034,E,0074,,RF34",
7367,0.0811,53988.3636,p,ccdB,Svoboda P,,"C,0034,E,0074,,RF34",
7371,0.0832,53999.5931,p,ccdB,Svoboda P,,"C,0034,E,0074,,RF34",
7372,0.0812,54002.3979,p,ccdB,Svoboda P,,"C,0034,E,0074,,RF34",
7380,0.0827,54026.2572,s,ccdI,Svoboda P,,"C,0034,E,0074,,RF34",
7405,0.0878,54096.4335,s,ccdI,Svoboda P,,"C,0034,E,0074,,RF34",
7439,0.0816,54190.457,p,ccdB,Svoboda P,,"C,0034,E,0074,,RF 34/135 mm",
7439,0.082,54190.4574,p,ccdR,Brat L,,,"C,0034,E,0074,,RF80/600 + S"
7441,0.0798,54197.4719,s,ccdI,Svoboda P,,"C,0034,E,0074,,RF 34/135 mm",
7443,0.0821,54201.6849,p,ccd,Bialozynski J,,"A,0012,,,,",
7574,0.0821,54569.3817,p,R,Ehrenberger Roma,"C,0035,E,0094,,RL 96/400+HX",,
7584,0.0817,54597.4498,p,-Ir,Agerer Franz,,"D,0201,I,5874,,Sigma 1603",
7593,0.081,54622.7107,p,ccd,Bialozynski J,,"A,0086,,,,",
7598,0.0803,54636.7442,p,ccd,Samolyk G,,"A,0086,,,,",
7614,0.0796,54681.653,p,ccd,Samolyk G,,"A,0086,,,,",
7701,0.0756,54925.8446,p,ccd,Samolyk G,,"A,0109,,,,",
7713,0.0746,54959.5258,p,-Ir,Agerer Franz,,"D,0209,I,5918,,Sig 1603",
7743,0.0737,55043.7303,p,ccd,Samolyk G,,"A,0109,,,,",
7833,0.0704,55296.3431,p,ccd,Jungbluth H,,"D,0214,I,5959,,ST-7",
7838,0.0713,55310.3782,p,VRc,Dogru S S,,"I,5988,,,,T30-STL",
7848,0.0708,55338.4462,p,ccd,Jungbluth H,,"D,0214,I,5959,,ST-7",
7883,0.0694,55436.6844,p,ccd,Samolyk G,,"A,0130,,,,",
7930,0.0675,55568.6043,p,BV,Dogru S S,,"I,5988,,,,T30-STL",
8088,0.0593,56012.0777,p,Rc,Shiokawa Kazuhik,"J,0055,,,,35SC+ST-9E",,
8235,0.0505,56424.6753,p,V,Samolyk G,,"A,0042,,,JAAVSO 42,",
8350,0.0449,56747.457,p,-I,Agerer Franz,,"D,0238,I,6149,,Sigma 1603",
8438,0.0384,56994.4529,p,U,Liao W P,,",,,,RAA 16.6,LUT,15cm",
8438,0.0474,56995.8649,s,U,Liao W P,,",,,,RAA 16.6,LUT,15cm",
8476,0.0371,57102.5148,s,I,Uhlar Robert,,"I,6204,,,,N200/1000",
8495,0.0358,57154.4406,p,ccd,Uhlar Robert,,"I,6204,,,,RF34/135",
8509,0.0347,57193.7353,p,V,Samolyk G,,",,,,JAAVSO-43,",
8609,0.0256,57474.4108,p,-I,Agerer Franz,,"D,0244,I,6196,,Sigma 1603",
8609,0.027,57474.4123,p,ccd,Uhlar Robert,,"I,6204,,,,RF34/135",
8611,0.0355,57481.4374,s,ccd,Uhlar Robert,,"I,6204,,,,RF34/135",
8740,0.0169,57843.5019,s,-Ir,Agerer Franz,,"D,0247,I,6244,,1603",
8873,0.0067,58215.3993,p,-Ir,Agerer Franz,,"D,0031,,,,Sigma1603",
8877,0.0042,58226.6241,p,V,Arranz  T.,,"A,0462,,,,",
9028,-0.0046,58650.4491,p,V,Arranz T,,"A,,,,JAAVSO 47,",
9033,-0.0013,58664.4866,p,V,Arranz T,,"A,,,,JAAVSO 47,",
9139,0.0093,58963.4259,s,-Ir,Agerer Franz,,"D,0052,,,,S1603",
9173,-0.0153,59057.4311,p,V,Arranz T,,"A,,,,JAAVSO 48,",
