-4440,0.0768,1420.246,p,vis,Winnecke A,,",,D,Lich,AN 76.249,",
-4353,-0.0755,1720.436,p,vis,Winnecke A,,",,D,Lich,AN 76.249,",
-3712,0.0752,3933.454,p,vis,Winnecke A,,",,D,Lich,AN 76.249,",
-3699,0.0025,3978.26,p,vis,Winnecke A,,",,D,Lich,AN 76.249,",
-3650,0.0232,4147.439,p,vis,Winnecke A,,",,D,Lich,AN 76.249,",
-3650,0.0442,4147.46,p,vis,Schoenfeld E,,",,D,Lich,AN 83.353,",
-3632,0.0124,4209.568,p,vis,Schoenfeld E,,",,D,Lich,AN 83.353,",
-3630,0.0249,4216.485,p,vis,Winnecke A,,",,D,Lich,AN 76.249,",
-3630,0.0279,4216.488,p,vis,Schoenfeld E,,",,D,Lich,AN 83.353,",
-3628,0.0245,4223.389,p,vis,Winnecke A,,",,D,Lich,AN 76.249,",
-3621,0.016,4247.546,p,vis,Winnecke A,,",,D,Lich,AN 76.249,",
-3619,0.0156,4254.45,p,vis,Schoenfeld E,,",,D,Lich,AN 83.353,",
-3619,0.0256,4254.46,p,vis,Winnecke A,,",,D,Lich,AN 76.249,",
-3608,0.0233,4292.432,p,vis,Winnecke A,,",,D,Lich,AN 77.171,",
-3597,0.011,4330.394,p,vis,Winnecke A,,",,D,Lich,AN 77.171,",
-3595,0.0245,4337.312,p,vis,Schoenfeld E,,",,D,Lich,AN 83.353,",
-3584,0.0202,4375.282,p,vis,Schoenfeld E,,",,D,Lich,AN 83.353,",
-3584,0.0312,4375.293,p,vis,Winnecke A,,",,D,Lich,AN 77.171,",
-3550,0.009,4492.646,p,vis,Winnecke A,,",,D,Lich,AN 79.49,",
-3548,0.0066,4499.548,p,vis,Winnecke A,,",,D,Lich,AN 79.49,",
-3548,0.0336,4499.575,p,vis,Schoenfeld E,,",,D,Lich,AN 83.353,",
-3544,0.0238,4513.374,p,vis,Duner N C,,",,D,Lich,AN 78.317,",
-3544,0.0248,4513.375,p,vis,Wijkander,,",,D,Lich,AN 78.317,",
-3544,0.0268,4513.377,p,vis,Schmidt J F,,",,D,Lich,AN 78.197,",
-3535,0.0279,4544.448,p,vis,Schmidt J F,,",,D,Lich,AN 78.197,",
-3533,0.0105,4551.335,p,vis,Winnecke A,,",,D,Lich,AN 79.49,",
-3533,0.0175,4551.342,p,vis,Schoenfeld E,,",,D,Lich,AN 83.353,",
-3533,0.0315,4551.356,p,vis,Schmidt J F,,",,D,Lich,AN 78.317,",
-3515,0.0157,4613.48,p,vis,Winnecke A,,",,D,Lich,AN 79.49,",
-3504,0.0133,4651.452,p,vis,Schoenfeld E,,",,D,Lich,AN 83.353,",
-3504,0.0183,4651.457,p,vis,Winnecke A,,",,D,Lich,AN 79.49,",
-3502,0.0259,4658.369,p,vis,Winnecke A,,",,D,Lich,AN 79.49,",
-3502,0.0379,4658.381,p,vis,Schoenfeld E,,",,D,Lich,AN 83.353,",
-3438,0.0374,4879.322,p,vis,Schoenfeld E,,",,D,Lich,AN 83.353,",
-3429,0.0345,4910.389,p,vis,Schoenfeld E,,",,D,Lich,AN 83.353,",
-3398,0.037,5017.41,p,vis,Schoenfeld E,,",,D,Lich,AN 83.353,",
-3305,0.0284,5338.457,p,vis,Schoenfeld E,,",,D,Lich,AN 83.353,",
-3236,0.0258,5576.657,p,vis,Schoenfeld E,,",,D,Lich,AN 87.1,",
-3223,0.0231,5621.533,p,vis,Schoenfeld E,,",,D,Lich,AN 87.1,",
-3219,0.0202,5635.339,p,vis,Schoenfeld E,,",,D,Lich,AN 87.1,",
-3201,0.0344,5697.493,p,vis,Schoenfeld E,,",,D,Lich,AN 87.1,",
-3190,0.0311,5735.464,p,vis,Schoenfeld E,,",,D,Lich,AN 87.1,",
-3037,0.0208,6263.642,p,vis,Hartwig E,,",,D,Lich,AN 220.334,",
-2982,0.0042,6453.497,p,vis,Hartwig E,,",,D,Lich,AN 220.334,",
-2852,0.0288,6902.309,p,vis,Hartwig E,,",,D,Lich,AN 220.334,",
-2746,0.0624,7268.277,p,vis,Hartwig E,,",,D,Lich,AN 220.334,",
-2701,-0.0261,7423.538,p,vis,Hartwig E,,",,D,Lich,AN 220.334,",
-2699,-0.0125,7430.456,p,vis,Hartwig E,,",,D,Lich,AN 220.334,",
-2655,0.0192,7582.385,p,vis,Hartwig E,,",,D,Lich,AN 220.334,",
-2642,0.0235,7627.268,p,vis,Hartwig E,,",,D,Lich,AN 220.334,",
-2606,0.0179,7751.542,p,vis,Hartwig E,,",,D,Lich,AN 220.334,",
-2597,-0.016,7782.578,p,vis,Hartwig E,,",,D,Lich,AN 220.334,",
-2593,-0.0039,7796.399,p,vis,Hartwig E,,",,D,Lich,AN 220.334,",
-2562,-0.0054,7903.416,p,vis,Schmidt J F,,",,D,Lich,AN 98.103,",
-2562,-0.0004,7903.421,p,vis,Hartwig E,,",,D,Lich,AN 220.334,",
-2551,0.0053,7941.401,p,vis,Schnidt J F,,",,D,Lich,AN 98.103,",
-2469,-0.006,8224.471,p,vis,Hartwig E,,",,D,Lich,AN 220.334,",
-2458,-0.0114,8262.44,p,vis,Hartwig E,,",,D,Lich,AN 220.334,",
-2436,0,8338.4,p,vis,Hartwig E,,",,D,Lich,AN 220.334,",
-2385,0.0262,8514.489,p,vis,Hartwig E,,",,D,Lich,AN 220.334,",
-2383,0.0348,8521.402,p,vis,Hartwig E,,",,D,Lich,AN 220.334,",
-2175,-0.0531,9239.374,p,vis,Hartwig E,,",,D,Lich,AN 220.334,",
-1708,-0.0276,10851.582,p,vis,Chandler S C,,",,D,Lich,AJ 9.97,",
-1624,-0.0063,11141.589,p,vis,Yendell P S,,",,D,Lich,AJ 9.81,",
-1615,-0.0352,11172.63,p,vis,Yendell P S,,",,D,Lich,AJ 9.81,",
-1529,-0.0134,11469.542,p,vis,Yendell P S,,",,D,Lich,AJ 11.9,",
-1489,-0.0418,11607.602,p,vis,Yendell P S,,",,D,Lich,AJ 11.9,",
-1423,-0.0307,11835.459,p,vis,Duner N C,,",,D,Lich,AJ 13.17,",
-1421,-0.0172,11842.377,p,vis,Duner N C,,",,D,Lich,AJ 13.17,",
-1379,-0.045,11987.342,p,vis,Duner N C,,",,D,Lich,AJ 13.17,",
-1366,-0.0258,12032.24,p,vis,Duner N C,,",,D,Lich,AJ 13.17,",
-1286,-0.0457,12308.397,p,vis,Duner N C,,",,D,Lich,AJ 13.17,",
-1208,-0.0351,12577.68,p,vis,Yendell P S,,",,D,Lich,AJ 13.143,",
-1199,-0.048,12608.737,p,vis,Yendell P S,,",,D,Lich,AJ 13.143,",
-1188,-0.0563,12646.703,p,vis,Yendell P S,,",,D,Lich,AJ 13.143,",
-1177,-0.0527,12684.681,p,vis,Yendell P S,,",,D,Lich,AJ 13.143,",
-890,-0.0572,13675.461,p,vis,Bohlin K,,",,D,Lich,AN 159.261,",
-883,-0.0297,13699.654,p,vis,Pickering E C,,",,D,Lich,HA 46.177,",
-881,-0.0631,13706.525,p,vis,Bohlin K,,",,D,Lich,AN 159.261,",
-879,-0.0235,13713.469,p,vis,Hellerich J,,",,D,Lich,AN 220.331,",
-850,-0.0317,13813.575,p,pg,Dugan,,,",,D,Lich,CPRI 19.27,"
-669,-0.0078,14438.449,p,vis,Hartwig E,,",,D,Lich,AN 220.334,",
-600,-0.0324,14676.627,p,pg,Dugan,,,",,D,Lich,CPRI 19.27,"
-525,-0.0302,14935.545,p,vis,Wendell O C,,",,D,Lich,HA 69.76,",
-360,-0.028,15505.162,p,pg,Dugan,,,",,D,Lich,CPRI 19.27,"
0,-0.0142,16747.9718,p,pg,GCVS,,,"0,GCVS,0,GCVS,,"
85,0.0041,17041.428,p,vis,Nijland A A,,",,D,Lich,BAN 2.127,",
140,-0.0225,17231.273,p,pg,Dugan,,,",,D,Lich,CPRI 19.27,"
165,-0.0188,17317.582,p,vis,Nijland A A,,",,D,Lich,BAN 2.127,",
167,-0.0222,17324.483,p,vis,Nijland A A,,",,D,Lich,BAN 2.127,",
178,-0.0066,17362.473,p,vis,Nijland A A,,",,D,Lich,BAN 2.127,",
213,-0.0149,17483.292,p,vis,Nijland A A,,",,D,Lich,BAN 2.127,",
264,-0.0217,17659.348,p,vis,Nijland A A,,",,D,Lich,BAN 2.127,",
273,-0.0086,17690.431,p,vis,Nijland A A,,",,D,Lich,BAN 2.127,",
278,-0.0197,17707.681,p,vis,Sperra W E,,",,D,Lich,AJ 26.6,",
379,-0.027,18056.347,p,vis,Nijland A A,,",,D,Lich,BAN 2.127,",
386,-0.0224,18080.517,p,vis,Nijland A A,,",,D,Lich,BAN 2.127,",
457,-0.0264,18325.62,p,vis,Nijland A A,,",,D,Lich,BAN 2.127,",
468,-0.0057,18363.615,p,vis,Nijland A A,,",,D,Lich,BAN 2.127,",
479,-0.0031,18401.592,p,vis,Nijland A A,,",,D,Lich,BAN 2.127,",
481,-0.0095,18408.49,p,vis,Nijland A A,,",,D,Lich,BAN 2.127,",
488,-0.014,18432.651,p,vis,Nijland A A,,",,D,Lich,BAN 2.127,",
492,-0.0088,18446.465,p,vis,Nijland A A,,",,D,Lich,BAN 2.127,",
510,-0.0316,18508.582,p,vis,Nijland A A,,",,D,Lich,BAN 2.127,",
516,-0.0019,18529.325,p,vis,Nijland A A,,",,D,Lich,BAN 2.127,",
527,-0.0102,18567.291,p,vis,Nijland A A,,",,D,Lich,BAN 2.127,",
570,-0.0053,18715.741,p,vis,Nijland A A,,",,D,Lich,BAN 2.127,",
576,-0.0175,18736.442,p,vis,Nijland A A,,",,D,Lich,BAN 2.127,",
596,0.0002,18805.504,p,vis,Nijland A A,,",,D,Lich,BAN 2.127,",
691,-0.0198,19133.444,p,vis,Nijland A A,,",,D,Lich,BAN 2.127,",
693,-0.0182,19140.35,p,vis,Nijland A A,,",,D,Lich,BAN 2.127,",
700,-0.0087,19164.525,p,vis,Nijland A A,,",,D,Lich,BAN 2.127,",
709,-0.0386,19195.565,p,vis,Nijland A A,,",,D,Lich,BAN 2.127,",
722,-0.0063,19240.476,p,vis,Nijland A A,,",,D,Lich,BAN 2.127,",
724,-0.0098,19247.377,p,vis,Nijland A A,,",,D,Lich,BAN 2.127,",
726,-0.0162,19254.275,p,vis,Nijland A A,,",,D,Lich,BAN 2.127,",
795,-0.0177,19492.476,p,vis,Lehnert R,,",,D,Lich,AN 192.200,",
804,-0.0206,19523.543,p,vis,Lehnert R,,",,D,Lich,AN 194.165,",
839,-0.008,19644.383,p,vis,Lehnert R,,",,D,Lich,AN 194.165,",
900,-0.0199,19854.956,p,pg,Dugan,,,",,D,Lich,CPRI 19.27,"
1229,-0.0303,20990.723,p,pg,Baker R H,,",,D,Lich,LAWS 29,",
1233,-0.0302,21004.532,p,pg,Baker R H,,",,D,Lich,LAWS 29,",
1233,-0.0202,21004.542,p,vis,Hellerich J,,"0,0000,0,HRvG,,",
1590,-0.0375,22236.964,p,pg,Dugan,,,",,D,Lich,CPRI 19.27,"
1653,-0.0218,22454.469,p,vis,Ellsworth J,,",,D,Lich,BAF 3.43,",
1666,-0.0075,22499.362,p,vis,Ellsworth J,,",,D,Lich,BAF 3.43,",
1739,0.0251,22751.406,p,vis,Ellsworth J,,",,D,Lich,BAF 3.43,",
1759,-0.0271,22820.398,p,vis,Ellsworth J,,",,D,Lich,BAF 3.43,",
1781,-0.0438,22896.33,p,vis,Ellsworth J,,",,D,Lich,BAF 3.43,",
1880,-0.0397,23238.103,p,vis,Hellerich J,,",,D,Lich,BZ 4.57,",
1896,-0.0331,23293.345,p,vis,Ellsworth J,,",,D,Lich,BAF 3.43,",
1930,-0.0412,23410.712,p,vis,Hellerich J,,",,D,Lich,AN 220.331,",
1969,-0.0115,23545.378,p,vis,Ellsworth J,,",,D,Lich,BAF 3.43,",
1980,-0.0138,23583.35,p,vis,Gadomski J,,",,D,Lich,AAB 1.51,",
2080,-0.0199,23928.565,p,vis,Gadomski J,,",,D,Lich,AAB 1.51,",
2177,-0.0233,24263.426,p,vis,Ellsworth J,,",,D,Lich,BAF 3.43,",
2270,-0.034,24584.471,p,pg,Dugan,,,",,D,Lich,CPRI 19.27,"
2272,-0.0224,24591.387,p,vis,Ellsworth J,,",,D,Lich,BAF 3.43,",
2321,-0.0277,24760.54,p,vis,Gadomski J,,",,D,Lich,AAB 1.51,",
2323,-0.0262,24767.446,p,vis,Wasiutynski J,,",,D,Lich,AAB 1.59,",
2425,-0.0337,25119.564,p,vis,Rybka E,,,",,D,Lich,AAB 1.47,"
2500,-0.0425,25378.471,p,vis,Mergentaler J,,",,D,Lich,AAC 1.36,",
2500,0.0025,25378.516,p,vis,Ellsworth J,,",,D,Lich,BAF 3.43,",
2520,-0.0217,25447.536,p,vis,Ellsworth J,,",,D,Lich,BAF 3.43,",
2522,-0.0901,25454.372,p,vis,Ellsworth J,,",,D,Lich,BAF 3.43,",
2628,-0.0195,25820.377,p,vis,Ellsworth J,,",,D,Lich,BAF 3.43,",
2637,-0.0364,25851.43,p,vis,Pagaczewski J,,",,D,Lich,AA 28.505,",
2637,-0.0324,25851.434,p,vis,de Roy F,,",,D,Lich,AAC 1.97,",
2637,-0.0174,25851.449,p,vis,Mergentaler J,,",,D,Lich,AA 28.505,",
2749,-0.033,26238.081,p,pg,Wright D S,,",,D,Lich,CPRI 19.27,",
2838,-0.0278,26545.333,p,vis,Mergentaler J,,",,D,Lich,AA 28.505,",
2840,-0.0172,26552.248,p,pg,Dugan,,,",,D,Lich,CPRI 19.27,"
3108,-0.0168,27477.441,p,vis,Piegza J,,",,D,Lich,SAC 13.60,",
3134,-0.0173,27567.198,p,vis,Lause F,,,",,D,Lich,AN 259.189,"
3146,-0.0168,27608.625,p,vis,Lause F,,,",,D,Lich,AN 259.189,"
3152,-0.0131,27629.342,p,vis,Lause F,,,",,D,Lich,AN 259.189,"
3154,-0.0205,27636.239,p,vis,Lause F,,,",,D,Lich,AN 259.189,"
3161,0.008,27660.433,p,vis,Lause F,,,",,D,Lich,AN 259.189,"
3163,-0.0104,27667.319,p,vis,Lause F,,,",,D,Lich,AN 259.189,"
3172,-0.0363,27698.363,p,vis,Lause F,,,",,D,Lich,AN 259.189,"
3176,-0.0031,27712.205,p,vis,Lause F,,,",,D,Lich,AN 259.189,"
3219,-0.0382,27860.615,p,vis,Himpel K,,",,D,Lich,AN 261.255,",
3223,-0.0061,27874.456,p,vis,Lause F,,,",,D,Lich,AN 259.189,"
3225,-0.0075,27881.359,p,vis,Lause F,,,",,D,Lich,AN 259.189,"
3227,0.0331,27888.304,p,vis,Lause F,,,",,D,Lich,AN 259.189,"
3230,-0.0195,27898.608,p,vis,Szafraniec Rosa,,",,D,Lich,AAC 4.83,",
3234,-0.0224,27912.414,p,vis,Lause F,,,",,D,Lich,AN 259.189,"
3236,-0.0188,27919.322,p,vis,Lause F,,,",,D,Lich,AN 259.189,"
3238,-0.0062,27926.239,p,vis,Lause F,,,",,D,Lich,AN 259.189,"
3243,-0.0063,27943.5,p,vis,Lause F,,,",,D,Lich,AN 259.189,"
3245,-0.0227,27950.388,p,vis,Lause F,,,",,D,Lich,AN 259.189,"
3250,-0.0138,27967.658,p,vis,Lause F,,,",,D,Lich,AN 259.189,"
3254,-0.0326,27981.448,p,vis,Lause F,,,",,D,Lich,AN 259.189,"
3256,-0.004,27988.381,p,vis,Lause F,,,",,D,Lich,AN 259.189,"
3258,-0.0084,27995.281,p,vis,Lause F,,,",,D,Lich,AN 259.189,"
3274,0.0082,28050.533,p,vis,Lause F,,,",,D,Lich,AN 259.189,"
3340,-0.0397,28278.331,p,vis,Lause F,,,",,D,Lich,AN 266.17,"
3342,-0.0372,28285.238,p,vis,Lause F,,,",,D,Lich,AN 266.17,"
3369,-0.0329,28378.452,p,vis,Kordylewski K,,",,D,Lich,SAC 15.57,",
3375,-0.0341,28399.164,p,vis,Lause F,,,",,D,Lich,AN 266.17,"
3382,-0.0256,28423.338,p,vis,Lause F,,,",,D,Lich,AN 266.17,"
3384,-0.024,28430.244,p,vis,Lause F,,,",,D,Lich,AN 266.17,"
3391,-0.0355,28454.398,p,vis,Lause F,,,",,D,Lich,AN 266.17,"
3393,-0.0349,28461.303,p,vis,Lause F,,,",,D,Lich,AN 266.17,"
3451,-0.0182,28661.548,p,vis,Lause F,,,",,D,Lich,AN 266.17,"
3453,-0.0176,28668.453,p,vis,Tecza W,,,",,D,Lich,AA 28.505,"
3486,-0.0245,28782.369,p,vis,Lause F,,,",,D,Lich,AN 266.17,"
3497,-0.0429,28820.325,p,vis,Lause F,,,",,D,Lich,AN 266.17,"
3499,-0.0373,28827.235,p,vis,Lause F,,,",,D,Lich,AN 266.17,"
3559,-0.0249,29034.38,p,vis,Zajacz G,,",,D,Lich,SAC 17.64,",
3599,-0.0244,29172.469,p,vis,Tecza W,,,",,D,Lich,AA 28.505,"
3841,-0.0765,30007.852,p,pg,Gaposchkin S,,",,D,Lich,HA 113.69,",
3997,-0.0424,30546.431,p,vis,Tecza W,,,",,D,Lich,AA 28.505,"
4010,-0.0541,30591.298,p,vis,Tecza W,,,",,D,Lich,AA 28.505,"
4614,-0.0404,32676.4472,p,pe,Lavrov M I,,",,D,Lich,AC 188.25,",
4857,-0.0158,33515.359,p,vis,Szafraniec Rosa,,",,D,Lich,AAC 5.7,",
5034,-0.0312,34126.385,p,vis,Szafraniec Rosa,,",,D,Lich,AAC 5.52,",
5129,-0.0562,34454.32,p,vis,Szafraniec Rosa,,",,D,Lich,AAC 5.190,",
5150,-0.0437,34526.829,p,pe,Fitch W S,,",,D,Lich,AJ 69.316,",
5266,-0.0391,34927.29,p,vis,Todoran I,,",,D,Lich,SCA 5.330,",
5284,-0.0189,34989.45,p,vis,Szafraniec Rosa,,",,D,Lich,AAC 5.193,",
5348,-0.0464,35210.364,p,vis,Todoran I,,",,D,Lich,SCA 5.330,",
5353,-0.0515,35227.62,p,vis,Szafraniec Rosa,,",,D,Lich,SAC 28.106,",
5353,-0.0475,35227.624,p,vis,Todoran I,,",,D,Lich,SCA 5.330,",
5355,-0.0449,35234.531,p,vis,Todoran I,,",,D,Lich,SCA 5.330,",
5357,-0.0383,35241.442,p,vis,Todoran I,,",,D,Lich,SCA 5.330,",
5359,-0.0477,35248.337,p,vis,Todoran I,,",,D,Lich,SCA 5.330,",
5370,-0.0391,35286.32,p,vis,Todoran I,,",,D,Lich,SCA 5.330,",
5454,-0.0468,35576.298,p,vis,Szafraniec Rosa,,",,D,Lich,AA 7.188,",
5558,-0.0677,35935.307,p,vis,Szafraniec Rosa,,",,D,Lich,AA 8.190,",
5579,-0.0552,36007.816,p,pe,Wood D B,,",,D,Lich,APJ 127.351,",
5671,-0.0396,36325.435,p,vis,Rudolph R,,"D,0013,D,Lich,,",
5797,-0.0642,36760.389,p,vis,Alexandrovic Y R,",,D,Lich,AC 205.19,",,
5797,-0.0612,36760.392,p,vis,Karetnikov V G,,",,D,Lich,AC 207.17,",
5810,-0.0619,36805.27,p,vis,Karetnikov V G,,"0,0000,0,HRvG,AC 207.17,",
5893,-0.0644,37091.801,p,pe,Engelkemeier D,,"0,0000,0,HRvG,AA 28.505,",
6111,-0.0751,37844.3723,p,vis,Catalano S,,",,D,Lich,MSAI 37.213,",
6403,-0.099,38852.394,p,vis,Eckert W,,"D,0018,D,Lich,,",
6403,-0.084,38852.409,p,vis,Huebscher J,,"D,0018,D,Lich,,",
6403,-0.081,38852.412,p,vis,Gizinski R,,"D,0018,D,Lich,,",
6412,-0.0869,38883.476,p,vis,Braune W,,"D,0018,D,Lich,,",
6412,-0.0739,38883.489,p,vis,Grauenhorst W,,"D,0018,D,Lich,,",
6412,-0.0709,38883.492,p,vis,Lehmann P B,,"D,0018,D,Lich,,",
6428,-0.0603,38938.738,p,vis,Friedman D,,"A,0006,I,0111,,",
6428,-0.0567,38938.7416,p,vis,Tvardovskyi,,",,,,,",
6428,-0.0563,38938.742,p,vis,Monske R,,"A,0006,I,0111,,",
6505,-0.0856,39204.533,p,vis,Busch Helmut,,"0,0000,0,HRvG,MVS 8.28,",
6633,-0.1156,39646.386,p,vis,Locher Kurt,,"B,...7,B,...7,,",
6726,-0.0912,39967.466,p,pe,Bakos Gustav,,"0,0000,0,HRvG,JRAC 75.129,",
6770,-0.1185,40119.336,p,vis,Germann R,,"B,..14,B,..14,Ori 109,",
6770,-0.1165,40119.338,p,vis,Diethelm Roger,,"B,..14,B,..14,Ori 109,",
6770,-0.0965,40119.358,p,vis,Locher Kurt,,"B,..14,B,..14,Ori 109,",
6817,-0.0914,40281.617,p,vis,Bakos Gustav,,"0,0000,0,HRvG,JRAC 75.129,",
6819,-0.0998,40288.513,p,vis,Locher Kurt,,"B,..17,B,..17,Ori 112,",
6832,-0.0846,40333.407,p,vis,Vaclik F,,"C,0009,C,0009,,",
6841,-0.0927,40364.4688,p,BV,van Gent H R,,"I,1507,I,1507,,",
6843,-0.0907,40371.3752,p,V,Ibanoglu C,,"I,0456,I,0456,,",
6843,-0.0509,40371.415,p,vis,Peter H,,,"B,..18,B,..18,Ori 113,"
6850,-0.0963,40395.535,p,vis,Locher Kurt,,"B,..19,B,..19,Ori 114,",
6852,-0.1038,40402.432,p,vis,Germann R,,"B,..19,B,..19,Ori 114,",
6852,-0.0918,40402.444,p,vis,Peter H,,,"B,..19,B,..19,Ori 114,"
6863,-0.1221,40440.388,p,vis,Germann R,,"B,..19,B,..19,Ori 114,",
6874,-0.1224,40478.362,p,vis,Germann R,,"B,..20,B,..20,Ori 115,",
6936,-0.1255,40692.396,p,vis,Locher Kurt,,"B,..24,B,..24,Ori 119,",
6936,-0.0995,40692.422,p,vis,Diethelm Roger,,"B,..24,B,..24,Ori 119,",
7016,-0.0974,40968.601,p,vis,Locher Kurt,,"B,..28,B,..28,Ori 123,",
7040,-0.1124,41051.439,p,vis,Locher Kurt,,"B,..29,B,..29,Ori 124,",
7040,-0.0924,41051.459,p,vis,Peter H,,,"B,..30,B,..30,Ori 125,"
7049,-0.0923,41082.529,p,vis,Locher Kurt,,"B,..30,B,..30,Ori 125,",
7049,-0.0893,41082.532,p,vis,Isles J E,,"B,..31,B,..31,Ori 126,",
7051,-0.0808,41089.445,p,vis,Klimek Z,,"I,0573,I,0573,,20 cm",
7054,-0.0935,41099.7889,p,pe,Niehaus R J,,"I,0844,I,0844,,",
7069,-0.075,41151.5906,p,vis,Tvardovskyi,,",,,,,",
7071,-0.1,41158.47,p,vis,Isles J E,,"B,..31,B,..31,Ori 126,",
7073,-0.1114,41165.363,p,vis,Diethelm Roger,,"B,..31,B,..31,Ori 126,",
7159,-0.0905,41462.274,p,V,Svolopoulos S N,,"I,0731,I,0731,,",
7166,-0.094,41486.436,p,V,Svolopoulos S N,,"I,0731,I,0731,,",
7168,-0.0934,41493.341,p,V,Svolopoulos S N,,"I,0731,I,0731,,",
7188,-0.0967,41562.382,p,vis,Locher Kurt,,"B,0005,B,0005,,",
7190,-0.0701,41569.313,p,vis,Peter H,,,"B,0005,B,0005,,"
7250,-0.0948,41776.421,p,vis,Braune W,,"D,0028,D,Lich,,",
7253,-0.0944,41786.778,p,vis,Mallama Anthony,,"B,0009,B,0009,,",
7255,-0.0618,41793.715,p,vis,Mallama Anthony,,"B,0009,B,0009,,",
7261,-0.0961,41814.394,p,vis,Braune W,,"D,0028,D,Lich,,",
7264,-0.0881,41824.7586,p,vis,Tvardovskyi,,",,,,,",
7270,-0.0938,41845.4662,p,pe,Bakos Gustav,,"0,0000,0,HRvG,JRAC 75.129,",
7270,-0.092,41845.468,p,vis,Peter H,,,"B,0010,B,0010,,"
7328,-0.0952,42045.693,p,vis,Locher Kurt,,"B,0013,B,0013,,",
7386,-0.0937,42245.9227,p,V,Baldinelli Luigi,"I,1009,I,1009,,",,
7445,-0.1109,42449.586,p,vis,Remis Joseph,,"B,0021,B,0021,,",
7465,-0.0695,42518.6716,p,vis,Tvardovskyi,,",,,,,",
7469,-0.119,42532.431,p,vis,Remis Joseph,,"B,0022,B,0022,,",
7469,-0.108,42532.442,p,vis,Braune Werner,,"D,0029,0,HRvG,,",
7469,-0.1,42532.45,p,vis,Peter H,,,"B,0022,B,0022,,"
7469,-0.089,42532.461,p,UBV,Patkos L,,"I,1065,I,1065,,",
7474,-0.0868,42549.7242,p,vis,Tvardovskyi,,",,,,,",
7480,-0.1083,42570.416,p,vis,Diethelm Roger,,"B,0023,B,0023,,",
7480,-0.1043,42570.42,p,vis,Locher Kurt,,"B,0023,B,0023,,",
7491,-0.0826,42608.416,p,vis,Juhasz T,,",,D,Lich,ALGL 34,",
7575,-0.0933,42898.391,p,vis,Peter H,,,"B,0027,B,0027,,"
7586,-0.0936,42936.365,p,vis,Bakos Gustav,,"0,0000,0,HRvG,JRAC 75.129,",
7595,-0.1065,42967.422,p,vis,Brelstaff T,,"R,0004,R,0004,VSSC 58.16,",
7595,-0.1062,42967.4224,p,vis,Tvardovskyi,,",,,,,",
7600,-0.0946,42984.695,p,vis,Stephan Chris,,"I,1350,I,1350,,",
7684,-0.0923,43274.683,p,vis,Stephan Chris,,"I,1502,I,1502,,",
7688,-0.1172,43288.467,p,vis,Locher Kurt,,"B,0033,B,0033,,",
7688,-0.1072,43288.477,p,vis,Kunzmann B,,"D,0031,0,HRvG,,",
7688,-0.0877,43288.4965,p,vis,Bakos Gustav,,"0,0000,0,HRvG,,",
7706,-0.1032,43350.6208,p,vis,Tvardovskyi,,",,,,,",
7706,-0.101,43350.623,p,vis,Stephan Chris,,"I,1502,I,1502,,",
7770,-0.0922,43571.5733,p,vis,Bakos Gustav,,"0,0000,0,HRvG,,",
7799,-0.0874,43671.6922,p,pe,Olson Erik,,"I,1840,,,,",
7814,-0.1049,43723.4579,p,vis,Fricova V,,"C,0023,C,0023,,",
7814,-0.1048,43723.458,p,vis,Pokorny Z,,"0,0000,0,HRvG,,",
7889,-0.1136,43982.365,p,vis,Locher Kurt,,"B,0043,B,0043,,",
7892,-0.0742,43992.761,p,vis,Tvardovskyi,,",,,,,",
7909,-0.0938,44051.429,p,vis,Brelstaff T,,"R,0005,R,0005,,",
7909,-0.0928,44051.43,p,vis,Reichenbaecher,,",,D,Lich,MVS 8.192,",
7909,-0.0928,44051.43,p,vis,Richter L,,",,D,Lich,MVS 8.192,",
7911,-0.0816,44058.3456,p,pe,Rovithis P,,"I,1777,,,,",
7978,-0.0859,44289.6395,p,vis,Bakos Gustav,,"0,0000,0,HRvG,,",
7985,-0.0857,44313.8051,p,pe,Olson Erik,,"I,1840,,,,",
7995,-0.1049,44348.308,p,vis,Brelstaff T,,"R,0005,R,0005,,",
7996,-0.0835,44351.7817,p,pe,Olson Erik,,"I,1840,,,,",
8002,-0.0864,44372.492,p,vis,Bakos Gustav,,"0,0000,0,HRvG,,",
8005,-0.0846,44382.8505,p,pe,Olson Erik,,"I,1840,,,,",
8005,-0.0765,44382.8585,p,vis,Tvardovskyi,,",,,,,",
8022,-0.0836,44441.539,p,vis,Locher Kurt,,"B,0049,B,0049,,",
8076,-0.0988,44629.6692,s,pe,van Gent H R,,"0,HRvG,0,HRvG,,",
8078,-0.0715,44636.601,s,pe,van Gent H R,,"0,HRvG,0,HRvG,,",
8106,-0.0918,44731.5166,p,pe,van Gent H R,,"0,HRvG,0,HRvG,,",
8106,-0.0814,44731.527,p,vis,Diethelm Roger,,"B,0054,B,0054,,",
8199,-0.0849,45052.5791,p,pe,van Gent H R,,"0,HRvG,0,HRvG,,",
8199,-0.0845,45052.5795,p,pe,van Gent H R,,"0,HRvG,0,HRvG,,",
8203,-0.0938,45066.379,p,vis,Elias D,,,"B,0061,B,0061,,"
8212,-0.0677,45097.475,p,vis,Mavrofridis G,,"B,0060,B,0060,,",
8214,-0.0882,45104.359,p,vis,Mavrofridis G,,"B,0060,B,0060,,",
8214,-0.0852,45104.362,p,vis,Stefanopoulos G,,"B,0061,B,0061,,",
8225,-0.0765,45142.345,p,vis,Mavrofridis G,,"B,0061,B,0061,,",
8236,-0.0198,45180.376,p,,Vohla F,,,"M,10.4,0,HRvG,,"
8327,-0.0844,45494.4626,p,pe,van Gent H R,,"0,HRvG,0,HRvG,,",
8327,-0.0767,45494.4703,p,pe,van Gent H R,,"0,HRvG,0,HRvG,,",
8332,-0.0867,45511.7214,p,vis,Tvardovskyi,,",,,,,",
8420,-0.0866,45815.516,p,vis,Hulvershorn T,,"D,0038,D,0038,,",
8420,-0.0866,45815.516,p,vis,Tiedtke J,,"D,0038,D,0038,,",
8420,-0.0676,45815.535,p,vis,Frank Peter,,"D,0039,D,0039,,",
8455,-0.077,45936.353,p,vis,Cervinka T,,"C,   0,C,   0,,",
8455,-0.072,45936.358,p,vis,Bago B,,,",,D,Lich,ALGL 37,"
8466,-0.0733,45974.331,p,vis,Brelstaff T,,"R,0007,R,0007,VSSC 61.16,",
8524,-0.0786,46174.554,p,pe,van Gent H R,,"0,HRvG,0,HRvG,,",
8524,-0.0765,46174.5561,p,pe,van Gent H R,,"0,HRvG,0,HRvG,,",
8537,-0.0613,46219.45,p,pe,Diethelm Roger,,"B,0077,B,0077,,",
8617,-0.0693,46495.6189,p,pe,van Gent H R,,"0,HRvG,0,HRvG,,",
8617,-0.0683,46495.6199,p,pe,van Gent H R,,"0,HRvG,0,HRvG,,",
8652,-0.0996,46616.416,p,vis,Bulant V,,"C,0028,C,0028,,",
8652,-0.0976,46616.418,p,vis,Cervinka T,,"C,0028,C,0028,,",
8652,-0.0956,46616.42,p,vis,Kucera Petr ZD,,"C,   0,C,   0,,",
8652,-0.0946,46616.421,p,vis,Wagner P,,"C,0028,C,0028,,",
8652,-0.0856,46616.43,p,vis,Lutcha P,,"C,0028,C,0028,,",
8652,-0.0836,46616.432,p,vis,Zejda Miloslav,,"C,0028,C,0028,,",
8652,-0.0822,46616.4334,p,vis,Kokes A,,,"C,   0,C,   0,,"
8652,-0.0796,46616.436,p,vis,Svoboda P Pr,,"C,0028,C,0028,,",
8652,-0.0796,46616.436,p,vis,Znojilova P,,"C,   0,C,   0,,",
8652,-0.0776,46616.438,p,vis,Hajek P,,,"C,0028,C,0028,,"
8652,-0.0773,46616.4383,p,vis,Vystavel R,,"C,   0,C,   0,,",
8652,-0.0766,46616.439,p,vis,Hanzl Dalibor,,"C,0028,C,0028,,",
8652,-0.0766,46616.439,p,vis,Dvoracek M,,"C,   0,C,   0,,",
8652,-0.0666,46616.449,p,vis,Lupac S,,,"C,0028,C,0028,,"
8652,-0.0663,46616.4493,p,pe,Diethelm Roger,,"B,0080,B,0080,,",
8663,-0.0829,46654.407,p,vis,Brazda R,,"C,0028,C,0028,,",
8676,-0.0809,46699.2877,p,vis,Hanzl Dalibor,,"C,   0,C,   0,,",
8748,-0.0541,46947.8737,p,vis,Tvardovskyi,,",,,,,",
8752,-0.062,46961.6747,p,vis,Tvardovskyi,,",,,,,",
8756,-0.0915,46975.454,p,vis,Csipes J,,"C,0030,C,0030,,",
8756,-0.0825,46975.463,p,vis,Geckeler R,,"D,0050,D,0050,,",
8756,-0.0677,46975.4778,p,pe,van Gent H R,,"0,HRvG,0,HRvG,,",
8856,-0.0514,47320.7152,p,vis,Tvardovskyi,,",,,,,",
8865,-0.0119,47351.8246,p,vis,Tvardovskyi,,",,,,,",
8958,-0.0692,47672.8229,p,vis,Tvardovskyi,,",,,,,",
8960,-0.0465,47679.75,p,vis,Tvardovskyi,,",,,,,",
9081,-0.0813,48097.4328,p,vis,Janak L,,,"C,0031,C,0031,,"
9081,-0.0611,48097.453,p,vis,Kriebel W,,"D,0059,D,0059,,",
9198,-0.0678,48501.355,p,vis,Maintz Gisela,,"D,0060,D,0060,,",
9198,-0.0318,48501.391,p,V,Hipparcos,,"0,Hipp,0,Hipp,,",
9269,-0.0248,48746.505,p,vis,Dahm Michael,,"D,0062,D,0062,,",
9271,-0.0412,48753.393,p,pe,Blaettler Ernst,,"B,0101,B,0101,,",
9283,-0.076,48794.7847,p,vis,Tvardovskyi,,",,,,,",
9364,-0.0228,49074.467,p,vis,Dahm Michael,,"D,0068,D,0068,,",
9378,-0.0428,49122.778,p,vis,Molik Petr,,"E,0060,,,normal,B16x50",
9378,-0.0428,49122.778,p,vis,Molik Petr,,"C,   0,C,   0,,",
9400,-0.0598,49198.7096,p,vis,Tvardovskyi,,",,,,,",
9499,-0.0953,49540.443,p,vis,Scerbakova M,,"C,0031,C,0031,,",
9499,-0.0893,49540.449,p,vis,Surova L,,"C,0031,C,0031,,",
9499,-0.0823,49540.456,p,vis,Marcin L,,"C,0031,C,0031,,",
9499,-0.0745,49540.4638,p,vis,Savkova D,,"C,0031,C,0031,,",
9517,-0.048,49602.6301,p,vis,Tvardovskyi,,",,,,,",
9574,-0.0591,49799.395,p,vis,Martignoni Max,,"B,0113,B,0113,,",
9574,-0.052,49799.4021,p,vis,Tvardovskyi,,",,,,,",
9580,-0.0554,49820.112,p,vis,Sekino Yuji,,"J,0047,,,,",
9580,-0.0554,49820.112,p,vis,Sekino Yuji,,"J,0023,,,,20x8B",
9580,-0.0328,49820.1346,p,pe,Momose Masahiko,,"J,0058,,,,92 cm",
9583,-0.0687,49830.4553,p,vis,Vetrovcova M,,"C,0032,,,,DB",
9583,-0.0569,49830.4671,p,vis,Kratochvil A,,"C,0032,,,,SB",
9583,-0.0541,49830.4699,p,vis,Rottenborn M,,"C,0032,,,,DB",
9583,-0.0493,49830.4747,p,vis,Polak J,,,"C,0032,,,,SB"
9603,-0.0928,49899.4754,p,vis,Vetrovcova M,,"C,0032,,,,SM",
9603,-0.0845,49899.4837,p,vis,Kratochvil A,,"C,0032,,,,SM",
9684,-0.0259,50179.1714,p,pe,Momose Masahiko,,"J,0058,,,,92 cm",
9738,-0.0539,50365.5628,p,vis,Tvardovskyi,,",,,,,",
9798,-0.0341,50572.7153,p,vis,Tvardovskyi,,",,,,,",
9904,-0.0178,50938.666,p,vis,Tvardovskyi,,",,,,,",
10023,-0.0309,51349.466,p,vis,Meyer R,,,"D,0131,D,0131,,"
10047,-0.0269,51432.323,p,vis,Tikkanen Kari,,"B,0122,B,0122,,",
10114,-0.0181,51663.63,p,vis,Stephan Chris,,"W,0173,A,A010,,",
10114,-0.0167,51663.6314,p,vis,Tvardovskyi,,",,,,,",
10326,-0.0154,52395.5014,p,ccd,Blaettler Ernst,,"B,0128,B,0128,,",
10335,-0.0357,52426.551,p,vis,Meyer Ralf,,"D,0157,,,,",
10416,-0.0128,52706.203,p,vis,Kanai Kiyotaka,,"W,1175,J,0042,,",
10448,-0.0315,52816.655,p,vis,Stephan Chris,,"W,1023,A,A010,,",
10448,-0.0241,52816.6625,p,vis,Tvardovskyi,,",,,,,",
10545,-0.018,53151.533,p,vis,Meyer Ralf,,"D,0174,,,,",
10545,-0.0127,53151.5383,p,ccd,Poschinger Konst,"D,0173,I,5657,,",,
10553,-0.0143,53179.1544,p,V,Nakajima Kazuhir,"W,1343,J,0043,,",,
10651,-0.0248,53517.4605,p,vis,Tvardovskyi,,",,,,,",
10850,0.0117,54204.487,p,vis,Tvardovskyi,,",,,,,",
10940,-0.0043,54515.17,p,vis,Kanai Kiyotaka,,"J,0048,,,,8B",
10957,-0.0052,54573.8567,p,ccd,Bialozynski J,,"A,0086,,,,",
10959,-0.0044,54580.7619,p,ccd,Samolyk G,,"A,0086,,,,",
11062,-0.0019,54936.3422,p,-Ir,Frank Peter,,"D,0209,I,5918,,LcCCD12",
11063,0.0012,54939.7975,p,ccd,Samolyk G,,"A,0109,,,,",
11063,0.0027,54939.799,p,V,Tvardovskyi,,",,,,,",
11162,-0.0058,55281.5594,p,R,Agerer Franz,,"D,0214,I,5959,,Sigma 1603",
11162,-0.0054,55281.5598,p,V,Agerer Franz,,"D,0214,I,5959,,Sigma 1603",
11178,-0.002,55336.7986,p,ccd,Samolyk G,,"A,0130,,,,",
11178,-0.0016,55336.7989,p,V,Tvardovskyi,,",,,,,",
11186,0.0019,55364.4201,p,ccd,Starzomski J,,"C,0037,E,0137,,80mm+300D",
11270,-0.0043,55654.3997,p,-Ir,Frank Peter,,"D,0220,I,6010,,Sigma 403",
11388,-0.0032,56061.7617,p,V,Tvardovskyi,,",,,,,",
11697,-0.0011,57128.497,p,-I,Agerer Franz,,"D,0244,I,6196,,Sigma 1603",
11700,-0.0001,57138.8546,p,V,Tvardovskyi,,",,,,,",
11700,-0.0001,57138.8546,p,V,Samolyk G,,",,,,JAAVSO-43,",
11808,0.004,57511.6975,p,V,Tvardovskyi,,",,,,,",
11812,0.0037,57525.506,p,ccd,Paschke Anton,,"E,0000,,,,50mm+G2",
11812,0.0037,57525.506,p,ccd,Paschke Anton,,"E,0181,,,,50mm+G2",
11828,0.0012,57580.7389,p,V,Tvardovskyi,,",,,,,",
11836,0.0418,57608.3972,p,vis,Dumont Michel,,"E,0191,,,,binocular",
11905,0.0106,57846.5686,p,-Ir,Agerer Franz,,"D,0247,I,6244,,1603",
12005,0.0087,58191.7878,p,ccd,Samolyk G.,,"A,0462,,,,",
12005,0.0089,58191.7879,p,CV,Tvardovskyi,,",,,,,",
12022,0.0104,58250.4771,p,TG,Tvardovskyi,,",,,,,",
12033,0.0107,58288.4517,p,V,Arranz  T.,,"A,0462,,,,",
12033,0.0133,58288.4543,p,V,Tvardovskyi,,",,,,,",
12115,0.0121,58571.5344,p,V,Arranz T,,"A,,,,JAAVSO 47,",
12124,0.0144,58602.6066,p,V,Arranz T,,"A,,,,JAAVSO 47,",
12137,0.0135,58647.4844,p,V,Arranz T,,"A,,,,JAAVSO 47,",
12235,0.0155,58985.8031,p,V,Samolyk Gerry,,"A,,,,JAAVSO 48,",
