-33203,-0.0439,35874.37,p,pg,Haeussler Klaus,,",,0,GCVS,VSS 9.143,",
-31674,0.0124,36460.505,p,pg,Haeussler Klaus,,",,D,Lich,VSS 9.143,",
-30651,-0.0162,36852.601,p,pg,Haeussler Klaus,,",,D,Lich,VSS 9.143,",
-27797,-0.0246,37946.555,p,pg,Haeussler Klaus,,",,D,Lich,VSS 9.143,",
-27763,-0.0311,37959.581,p,pg,Haeussler Klaus,,",,D,Lich,VSS 9.143,",
-27030,-0.0242,38240.553,p,pg,Haeussler Klaus,,",,D,Lich,VSS 9.143,",
-26902,-0.0317,38289.609,p,pg,Haeussler Klaus,,",,D,Lich,VSS 9.143,",
-26829,-0.0303,38317.592,p,pg,Haeussler Klaus,,",,D,Lich,VSS 9.143,",
-26816,-0.0363,38322.569,p,pg,Haeussler Klaus,,",,D,Lich,VSS 9.143,",
-26808,-0.0347,38325.637,p,pg,Haeussler Klaus,,",,D,Lich,VSS 9.143,",
-26793,-0.0264,38331.587,s,pg,Haeussler Klaus,,",,D,Lich,VSS 9.143,",
-26728,-0.0374,38356.491,s,pg,Haeussler Klaus,,",,D,Lich,VSS 9.143,",
-26691,-0.0538,38370.465,p,pg,Haeussler Klaus,,",,D,Lich,VSS 9.143,",
-26689,-0.0074,38371.278,p,pg,Haeussler Klaus,,",,D,Lich,VSS 9.143,",
-26684,-0.041,38373.353,s,pg,Haeussler Klaus,,",,D,Lich,VSS 9.143,",
-26683,-0.0543,38373.531,p,pg,Haeussler Klaus,,",,D,Lich,VSS 9.143,",
-26652,-0.0419,38385.426,p,pg,Haeussler Klaus,,",,D,Lich,VSS 9.143,",
-26616,-0.031,38399.236,p,pg,Haeussler Klaus,,",,D,Lich,VSS 9.143,",
-26616,-0.041,38399.418,s,pg,Haeussler Klaus,,",,D,Lich,VSS 9.143,",
-26597,-0.0548,38406.495,p,pg,Haeussler Klaus,,",,D,Lich,VSS 9.143,",
-26587,-0.0369,38410.346,p,pg,Haeussler Klaus,,",,D,Lich,VSS 9.143,",
-26512,-0.033,38439.29,s,pg,Haeussler Klaus,,",,D,Lich,VSS 9.143,",
-26509,-0.069,38440.404,s,pg,Haeussler Klaus,,",,D,Lich,VSS 9.143,",
-25908,-0.0494,38670.6,p,pg,Hoffmeister C,,",,D,Lich,AN 290.277,",
-24948,-0.0595,39038.566,p,pg,Haeussler Klaus,,",,D,Lich,VSS 9.143,",
-24896,-0.0176,39058.54,p,pg,Haeussler Klaus,,",,D,Lich,VSS 9.143,",
-24654,-0.0262,39151.292,p,pg,Haeussler Klaus,,",,D,Lich,VSS 9.143,",
-23910,-0.0598,39436.44,p,pg,Hoffmeister C,,",,D,Lich,AN 290.277,",
-23673,-0.0629,39527.281,p,pg,Haeussler Klaus,,",,D,Lich,VSS 9.143,",
-20811,-0.0778,40624.295,p,pg,Haeussler Klaus,,",,D,Lich,VSS 9.143,",
-20187,-0.0653,40863.492,p,pg,Pinto,,,",,D,Lich,MSAI 47.234,"
-20187,-0.0543,40863.503,p,pg,Pinto,,,",,D,Lich,MSAI 47.234,"
-19809,-0.0629,41008.385,p,pg,Pinto,,,",,D,Lich,MSAI 47.234,"
-19809,-0.0529,41008.395,p,pg,Pinto,,,",,D,Lich,MSAI 47.234,"
-19120,-0.0775,41272.47,p,pg,Pinto,,,",,D,Lich,MSAI 47.234,"
-18956,-0.0901,41335.32,p,pg,Haeussler Klaus,,",,D,Lich,VSS 9.143,",
-18883,-0.0856,41363.306,p,pg,Haeussler Klaus,,",,D,Lich,VSS 9.143,",
-18742,-0.1111,41417.327,p,pg,Haeussler Klaus,,",,D,Lich,VSS 9.143,",
-18116,-0.0732,41657.316,p,pe,Pinto,,,",,,,,"
-17960,-0.0733,41717.304,s,pg,Haeussler Klaus,,"I,3797,I,3797,VSS 9.143,",
-15027,-0.0852,42841.344,p,pg,Dahm Michael,,"D,0000,,,BAVR 1994/3,",
-14643,-0.0576,42988.562,p,pg,Dahm Michael,,"D,0000,,,BAVR 1994/3,",
-11570,-0.0597,44166.467,p,pg,Dahm Michael,,"D,0000,,,BAVR 1994/3,",
-8695,-0.0666,45268.472,p,pg,Dahm Michael,,"D,0000,,,BAVR 1994/3,",
-6926,-0.0443,45946.567,p,pg,Dahm Michael,,"D,0000,,,BAVR 1994/3,",
-5846,-0.0585,46360.526,p,pg,Dahm Michael,,"D,0000,,,BAVR 1994/3,",
-4946,-0.0612,46705.501,p,pg,Dahm Michael,,"D,0000,,,BAVR 1994/3,",
-4795,-0.0447,46763.397,p,pg,Dahm Michael,,"D,0000,,,BAVR 1994/3,",
-3723,-0.0415,47174.307,p,pg,Dahm Michael,,"D,0000,,,BAVR 1994/3,",
-3642,-0.0324,47205.364,p,pg,Dahm Michael,,"D,0000,,,BAVR 1994/3,",
-3637,-0.048,47207.265,p,pg,Dahm Michael,,"D,0000,,,BAVR 1994/3,",
-1928,-0.0292,47862.358,p,pg,Dahm Michael,,"D,0000,D,Lich,BAVR 43.104,",
-1234,-0.0473,48128.548,s,vis,Vandenbroere Jac,"B,0096,B,0096,,",,
-1143,-0.0254,48163.451,s,vis,Vandenbroere Jac,"B,0096,B,0096,,",,
-1109,-0.0349,48176.474,s,vis,Vandenbroere Jac,"B,0096,B,0096,,",,
-1080,-0.0428,48187.39,p,pg,Dahm Michael,,",,D,Lich,BAVR 43.104,",
-313,-0.0244,48481.598,s,vis,Vandenbroere Jac,"B,0098,B,0098,,",,
-305,-0.0529,48484.636,s,vis,Vandenbroere Jac,"B,0098,B,0098,,",,
-297,-0.0384,48487.525,p,vis,Vandenbroere Jac,"B,0098,B,0098,,",,
0,-0.0321,48601.3739,p,B,Agerer Franz,,"I,3797,I,3797,,",
0,-0.0319,48601.3741,p,V,Agerer Franz,,"I,3797,I,3797,,",
2,-0.0315,48602.3331,s,B,Agerer Franz,,"I,3797,I,3797,,",
2,-0.0308,48602.3338,s,V,Agerer Franz,,"I,3797,I,3797,,",
3,-0.0313,48602.5246,p,V,Agerer Franz,,"I,3797,I,3797,,",
3,-0.0312,48602.5247,p,B,Agerer Franz,,"I,3797,I,3797,,",
60,-0.0334,48624.3711,p,B,Agerer Franz,,"I,3797,I,3797,,",
60,-0.0332,48624.3713,p,V,Agerer Franz,,"I,3797,I,3797,,",
60,-0.0303,48624.5662,s,V,Agerer Franz,,"I,3797,I,3797,,",
60,-0.029,48624.5675,s,B,Agerer Franz,,"I,3797,I,3797,,",
115,-0.0313,48645.4552,p,V,Agerer Franz,,"I,3797,I,3797,,",
603,-0.0294,48832.5116,p,B,Agerer Franz,,"I,3797,I,3797,,",
603,-0.0292,48832.5118,p,V,Agerer Franz,,"I,3797,I,3797,,",
762,-0.0287,48893.4584,p,B,Agerer Franz,,"I,3797,I,3797,,",
762,-0.0281,48893.459,p,V,Agerer Franz,,"I,3797,I,3797,,",
1740,-0.0248,49268.338,p,V,Agerer Franz,,"D,0068,D,0068,,",
1740,-0.0245,49268.3383,p,B,Agerer Franz,,"D,0068,D,0068,,",
1769,-0.0167,49279.462,p,vis,Vandenbroere Jac,"B,0105,B,0105,,",,
2009,-0.0245,49371.4483,p,B,Agerer Franz,,"D,0068,D,Lich,,",
2009,-0.0226,49371.4502,p,V,Agerer Franz,,"D,0068,D,Lich,,",
2700,-0.0209,49636.51,s,V,Agerer Franz,,"D,0080,I,4222,,",
2700,-0.0202,49636.5108,s,B,Agerer Franz,,"D,0080,I,4222,,",
4844,-0.0264,50458.126,p,vis,Maehara Hiroyuki,"J,0047,,,,",,
4844,-0.0264,50458.126,p,vis,Maehara Hiroyuki,"J,0023,,,,20L",,
4846,-0.023,50459.088,s,vis,Maehara Hiroyuki,"J,0047,,,,",,
4846,0.015,50459.126,s,vis,Maehara Hiroyuki,"J,0023,,,,20L",,
5523,-0.0102,50718.4086,p,ccd,Agerer Franz,,"D,0118,I,4712,,",
5523,-0.0099,50718.6009,s,ccd,Agerer Franz,,"D,0118,I,4712,,",
5734,-0.0159,50799.281,p,vis,Vandenbroere Jac,"B,0119,B,0119,,",,
5767,-0.0077,50812.1304,s,BV,Yang,,,",,,,,"
5770,-0.0078,50813.0882,p,BV,Yang,,,",,,,,"
6517,-0.0165,51099.411,p,vis,Vandenbroere Jac,"B,0119,B,0119,,",,
6683,-0.0084,51163.2403,s,ccd,Blaettler Ernst,,"B,0119,B,0119,,",
6693,-0.0048,51167.077,s,vis,Maehara Hiroyuki,"J,0047,J,0033,,",,
7225,-0.0089,51370.801,p,ccd,Paschke Anton,,"0,home,,,,Rotse",
7829,0.0028,51602.331,p,vis,Pejcha O,,"C,0032,,,,RL250",
8338,0.0089,51797.4412,p,vis,Zahajsky J,,"C,0034,E,0074,,RL203",
8579,-0.0038,51889.8058,p,ccd,Nelson Robert,,"I,5040,I,5040,,",
8609,-0.0124,51901.2965,p,V,Agerer Franz,,"D,0152,I,5296,,EMI 9781A",
8635,-0.005,51911.2699,p,R,Pribulla Theodor,"I,5056,,,,60cm, Skal.P",,
8635,-0.0035,51911.2714,p,B,Pribulla Theodor,"I,5056,,,,60cm, Skal.P",,
8635,-0.0021,51911.2728,p,V,Pribulla Theodor,"I,5056,,,,60cm, Skal.P",,
8763,-0.0044,51960.334,p,ccd,Diethelm Roger,,"B,0124,B,0124,,",
9371,-0.0035,52193.3865,p,ccd,Blaettler Ernst,,"B,0126,B,0126,,",
9702,-0.0017,52320.2634,p,UBV,Pribulla Theodor,"I,5341,,,,Stara Lesna",,
10215,-0.0013,52516.901,p,ccd,Nelson Robert,,"I,5371,,,,",
10294,-0.0012,52547.3745,s,UBV,Pribulla Theodor,"I,5341,,,,Stara Lesna",,
10295,-0.0017,52547.5653,p,UBV,Pribulla Theodor,"I,5341,,,,Stara Lesna",,
10303,-0.0019,52550.8236,s,ccd,Nelson Robert,,"I,5371,,,,",
10375,-0.0008,52578.4229,s,ccd,Bakis Volkan,,"I,5399,,,,",
10393,-0.0031,52585.3201,s,BV,Pribulla Theodor,"I,5341,,,,Stara Lesna",,
10400,-0.0043,52588.0021,s,V,Nakajima Kazuhir,"W,0742,J,0040,,",,
10401,-0.0034,52588.1943,p,V,Nakajima Kazuhir,"W,0742,J,0040,,",,
10478,-0.0003,52617.9042,s,V,Nakajima Kazuhir,"W,0792,J,0040,,",,
10479,-0.0005,52618.0953,p,V,Nakajima Kazuhir,"W,0792,J,0040,,",,
11208,0.0019,52897.5296,p,R,Kotkova Lenka,,"I,5676,,,,",
11221,0.0017,52902.5124,p,-Ir,Raetz Manfred,,"D,0172,I,5643,,",
11260,0.0008,52917.4605,p,ccd,Bakis Volkan,,"I,5464,,,,",
11278,0.0015,52924.3608,p,ccd,Krajci T,,"I,5592,,,,",
11286,0.0011,52927.6188,s,VRI,Pribulla Theodor,"I,5668,,,,G1",,
11322,0.0021,52941.4189,s,VRI,Pribulla Theodor,"I,5668,,,,G1",,
11323,0.0015,52941.6096,p,VR,Pribulla Theodor,"I,5668,,,,G1",,
11343,0.0037,52949.47,s,R,Zejda Miloslav,,"I,5583,,,,RL400",
11344,0.0014,52949.659,p,R,Zejda Miloslav,,"I,5583,,,,RL400",
11427,0.0035,52981.4757,p,-Ir,Raetz Manfred,,"D,0172,I,5643,,",
11533,0.0028,53022.1057,p,ccd,Krajci T,,"I,5592,,,,",
12301,0.005,53316.4889,p,ccd,Poschinger Konst,"D,0173,I,5657,,",,
12303,0.0063,53317.2568,p,ccd,Kim Chun-Hwey,,"I,5694,,,,",
12376,0.0058,53345.2378,p,VRI,Pribulla Theodor,"I,5668,,,,G1",,
13122,0.0095,53631.1896,p,V,Maehara Hiroyuk,,"J,0044,,,,20L+ST-7E",
13169,0.0091,53649.3967,s,R,Brat L,,,"C,0034,E,0074,,RL200"
13258,0.0101,53683.3202,p,-Ir,Raetz Manfred,,"D,0178,I,5731,,",
13265,0.0106,53686.0039,p,ccd,Kim Chun-Hwey,,"I,5694,,,,",
13273,0.0105,53689.0702,p,ccd,Kim Chun-Hwey,,"I,5694,,,,",
13284,0.0102,53693.2863,p,ccd,Kim Chun-Hwey,,"I,5694,,,,",
13305,0.0099,53701.3355,p,-Ir,Raetz Manfred,,"D,0178,I,5731,,",
13316,0.0106,53705.5526,p,-Ir,Agerer Franz,,"D,0178,I,5731,,",
14041,0.0142,53983.4548,p,ccd,Dogru S S,,"I,5746,,,,UG301",
14064,0.0133,53992.462,s,ccd,Ciszmadia S,,"I,5736,,,,Pi100",
14090,0.0138,54002.4286,s,R,Brat L,,,"C,0034,E,0074,,RL200 + ST8"
14093,0.0139,54003.3866,p,V,Parimucha Stefan,"I,5777,,,,26cmNewton",,
14128,0.0135,54016.802,p,R,Nelson Robert,,"I,5760,,,,",
14130,0.0145,54017.5696,p,V,Parimucha Stefan,"I,5777,,,,26cmNewton",,
14327,0.0151,54093.274,s,-Ir,Raetz M,,,"D,0186,I,5802,,ST-6"
14390,0.0147,54117.23,p,R,Liakos A,,"I,5897,,,,",
14427,0.0147,54131.6044,s,VRI,Nelson Robert,,"I,5820,,,,ST-7",
14428,0.0149,54131.7959,p,VRI,Nelson Robert,,"I,5820,,,,ST-7",
14433,0.0148,54133.7124,p,VRI,Nelson Robert,,"I,5820,,,,ST-7",
14437,0.0158,54135.4386,s,ccd,Zasche Petr,,",,,,AJ 147.130,",
14539,0.0143,54174.3426,p,ccd,Zasche Petr,,",,,,AJ 147.130,",
14568,0.0154,54185.6516,s,R,Nelson Robert,,"I,5820,,,,ST-7",
15100,0.0164,54389.3808,p,V,Csizmadia Szilar,"I,5835,,,,IAO40",,
15176,0.016,54418.7038,s,VRI,Nelson Robert,,"I,5820,,,,ST-7",
15217,0.0158,54434.2272,p,ccd,Parimucha S,,"I,5898,,,,256mm Newton",
15337,0.0147,54480.4152,s,ccd,Baludansky D,,"I,5898,,,,400mm Cas",
15361,0.016,54489.4239,p,ccd,Baludansky D,,"I,5898,,,,400mm Cas",
15426,0.015,54514.3379,p,-Ir,Raetz Manfred,,"D,0209,I,5918,,ST-8E",
16169,0.0165,54799.1376,p,V,Itoh Hiroshi,,"J,0048,,,,30SC+DSI-Pro",
16223,0.0148,54819.8346,p,R,Nelson Robert,,"I,5875,,,,ST-7XME",
16242,0.0141,54827.3088,s,-U-I,Raetz Manfred,,"D,0209,I,5918,,ST-6",
16253,0.0161,54831.3352,p,-Ir,Agerer Franz,,"D,0209,I,5918,,Sig 1603",
16253,0.0144,54831.5255,s,-Ir,Agerer Franz,,"D,0209,I,5918,,Sig 1603",
16254,0.0172,54831.7196,p,V,Diethelm Roger,,"I,5871,,,,",
16280,0.0159,54841.6843,p,V,Dworak Shawn,,"I,5938,,,,",
16281,0.016,54842.2597,s,-Ir,Agerer Franz,,"D,0209,I,5918,,Sig 1603",
16282,0.0166,54842.4516,p,-Ir,Agerer Franz,,"D,0209,I,5918,,Sig 1603",
16358,0.015,54871.5814,p,V,Dworak Shawn,,"I,5938,,,,",
16830,0.0129,55052.501,p,V,Parimucha Stefan,"I,5980,,,,265mm+MeadeD",,
16865,0.0146,55065.9185,p,R,Nelson Robert,,"I,5929,,,,ST-7XME",
16892,0.0128,55076.458,s,V,Parimucha Stefan,"I,5980,,,,265mm+MeadeD",,
16942,0.0138,55095.4324,p,V,Parimucha Stefan,"I,5980,,,,265mm+MeadeD",,
17056,0.013,55139.1288,p,Rc,Shiokawa Kazuhik,"J,0050,,,,35SC+ST-9E",,
17061,0.0133,55141.2376,s,Rc,Shiokawa Kazuhik,"J,0050,,,,35SC+ST-9E",,
17098,0.0123,55155.419,s,-Ir,Agerer Franz,,"D,0212,I,5941,,Sigma 1603",
17099,0.0142,55155.6122,p,-Ir,Agerer Franz,,"D,0212,I,5941,,Sigma 1603",
17167,0.0118,55181.6748,p,V,Diethelm Roger,,"I,5920,,,,",
17247,0.0137,55212.3414,p,V,Parimucha Stefan,"I,5980,,,,265mm+MeadeD",,
17938,0.0112,55477.3971,s,R,Parimucha Stefan,"I,5980,I,6044,,lens+StarLig",,
17958,0.0119,55484.8719,p,V,Diethelm Roger,,"I,5960,,,,",
18143,0.008,55555.9721,s,V,Itoh Hiroshi,,"J,0051,,,,30SC+DSI-Pro",
18781,0.0087,55800.5236,s,V,Parimucha S,,"I,6044,,,,K1-M",
18902,0.009,55846.9043,s,ccd,Diethelm Roger,,"I,6011,,,,Astrokolchoz",
18909,0.0066,55849.393,p,ccd,Frank Peter,,"D,0231,I,6070,,EOS 450D",
18909,0.0121,55849.5905,s,ccd,Frank Peter,,"D,0231,I,6070,,EOS 450D",
18994,0.0066,55882.1662,s,V,Itoh Hiroshi,,"J,0053,,,,30SC+DSI-Pro",
19008,0.0072,55887.5332,s,-U-I,Raetz M,,,"D,0231,I,6070,,G2"
19026,0.0089,55894.2424,p,-Ir,Agerer Franz,,"D,0225,I,6026,,Sigma 1603",
19026,0.0067,55894.4322,s,-Ir,Agerer Franz,,"D,0225,I,6026,,Sigma 1603",
19778,0.0068,56182.4883,p,R,Parimucha S,,"I,6044,,,,K1-G",
19851,0.0077,56210.4707,p,R,Raetz M,,,"D,0232,I,6084,,G2-1600"
19882,0.0078,56222.5454,s,V,Parimucha S,,"I,6044,,,,K1-G",
19954,0.0077,56249.9515,p,cG,Hirosawa Kenji,,"J,0055,,,,13R+CANON-EO",
19957,0.0074,56251.1011,p,V,Itoh Hiroshi,,"J,0055,,,,30SC+ST-9XE",
19957,0.0069,56251.2926,s,V,Itoh Hiroshi,,"J,0055,,,,30SC+ST-9XE",
20044,0.0068,56284.6404,s,V,Samolyk G,,"A,0042,,,JAAVSO 42,",
20044,0.0073,56284.6409,s,V,Simmons N,,"A,0042,,,JAAVSO 42,",
20078,0.0076,56297.6737,s,V,Diethelm Roger,,"I,6063,,,,",
20666,0.0058,56522.8653,p,V,Samolyk G,,"A,0042,,,JAAVSO 42,",
20673,0.0064,56525.549,p,R,Zasche Petr,,",,,,AJ 147.130,",
20675,0.0067,56526.5079,s,R,Zasche Petr,,",,,,AJ 147.130,",
20738,0.0059,56550.4636,p,V,Magris M.,,"C,0038,E,0160,,25cm+MX716",
20771,0.0061,56563.113,p,Rc,Shiokawa Kazuhik,"J,0056,,,,35SC+ST-9E",,
20771,0.0064,56563.3053,s,Rc,Shiokawa Kazuhik,"J,0056,,,,35SC+ST-9E",,
20826,0.0051,56584.3859,s,V,Magris M,,"C,0039,,,,25cm+Atik",
20845,0.0057,56591.6694,s,V,Poklar R,,"A,,,,JAAVSO 62,",
20908,0.0053,56615.6254,p,V,Samolyk G,,"A,,,,JAAVSO 62,",
21064,0.0051,56675.6133,s,VRI,Nelson Robert,,"I,6131,,,,33cm+ST10",
21785,0.0044,56951.7861,p,V,Petriew V,,",,,,,",
21785,0.006,56951.9797,s,V,Petriew V,,",,,,,",
21794,0.0053,56955.4287,s,-I,Agerer Franz,,"D,0239,I,6152,,Sigma 1603",
21800,0.0046,56957.5359,p,VR,Parimucha S,,"I,6167,,,,C11+G2",
21821,0.004,56965.5848,p,-I,Agerer Franz,,"D,0239,I,6152,,Sigma 1603",
21824,0.0043,56966.735,p,V,Samolyk G,,",,,,,",
21854,0.0062,56978.2362,p,-I,Agerer Franz,,"D,0239,I,6152,,Sigma 1603",
21854,0.0042,56978.4262,s,-I,Agerer Franz,,"D,0239,I,6152,,Sigma 1603",
21866,0.004,56982.8337,p,V,Menzies K,,",,,,,",
21885,0.0043,56990.3088,s,VR,Parimucha S,,"I,6167,,,,ZIGA-G4",
21886,0.0037,56990.4995,p,VR,Parimucha S,,"I,6167,,,,ZIGA-G4",
21888,0.0038,56991.2662,p,VR,Parimucha S,,"I,6167,,,,ZIGA-G4",
21888,0.0045,56991.4589,s,VR,Parimucha S,,"I,6167,,,,ZIGA-G4",
21910,0.0039,56999.6991,p,V,Menzies K,,",,,,,",
22601,-0.0123,57264.5491,p,VI,Parimucha S,,"I,6167,,,,C11+G2",
22632,0.0029,57276.4469,p,-I,Agerer Franz,,"D,0244,I,6196,,Sigma 1603",
22638,0.0022,57278.746,p,V,Samolyk G,,",,,,JAAVSO-43,",
22692,0.0024,57299.4449,p,-I,Agerer Franz,,"D,0244,I,6196,,Sigma 1603",
22721,0.0036,57310.754,s,VRI,Nelson Robert,,"I,6164,,,,33cm+ST-10XM",
22748,0.0035,57321.1033,s,Rc,Shirokawa Kazuhi,"J,0061,,,,35SC+ST-9E",,
22767,0.002,57328.3846,s,-I,Agerer Franz,,"D,0244,I,6196,,Sigma 1603",
22768,0.0012,57328.5751,p,-I,Agerer Franz,,"D,0244,I,6196,,Sigma 1603",
22787,0.0016,57335.8584,p,V,Samolyk G,,",,,,JAAVSO-44,",
23547,-0.0002,57627.363,s,ccd,Cervinka L.,,"C,0040,E,0179,,R102/500 + C",
23548,0.0015,57627.556,p,ccd,Cervinka L.,,"C,0040,E,0179,,R102/500 + C",
23868,-0.0006,57750.4047,s,ccd,Bragagnolo U.,,"C,0041,E,0194,,10cm+QHY9",
24514,-0.0011,57997.8295,p,V,Samolyk G.,,"A,0461,,,,",
24595,-0.001,58028.8776,p,V,Menzies K.,,"A,0461,,,,",
24600,-0.0005,58030.7946,p,V,Menzies K.,,"A,0461,,,,",
24722,-0.0014,58077.5573,p,V,Samolyk G.,,"A,0461,,,,",
24768,-0.0018,58095.3811,s,-Ir,Agerer Franz,,"D,0031,,,,Sigma1603",
24779,-0.0007,58099.4066,p,R,Oezavci I,,"E,0203,,,,35cm+Apogee",
24855,0.0012,58128.54,p,V,Menzies K.,,"A,0461,,,,",
25418,-0.0025,58344.531,s,RI,Oezavci I,,"E,0203,,,,35cm+Apogee",
25602,-0.0015,58414.8687,p,V,Samolyk G,,"A,,,,JAAVSO 47,",
25627,-0.0019,58424.451,p,-Ir,Agerer Franz,,"D,0031,,,,Sigma1603",
25645,-0.0013,58431.3512,p,VRI,Oezavci I,,"E,0203,,,,35cm+Apogee",
25661,-0.0016,58437.4839,p,VRI,Oezavci I,,"E,0203,,,,35cm+Apogee",
25666,-0.0017,58439.4003,p,-Ir,Agerer Franz,,"D,0031,,,,Sigma1603",
25666,-0.0012,58439.5928,s,-Ir,Agerer Franz,,"D,0031,,,,Sigma1603",
25742,-0.0022,58468.5312,p,V,Samolyk G,,"A,,,,JAAVSO 47,",
25797,-0.0008,58489.6146,p,V,Samolyk G,,"A,,,,JAAVSO 47,",
25877,-0.0064,58520.2737,p,R,Oezavci I,,"E,0203,,,,35cm+Apogee",
26701,-0.0011,58836.3172,s,-Ir,Agerer Franz,,"D,0052,,,,S1603",
26702,-0.003,58836.5066,p,-Ir,Agerer Franz,,"D,0052,,,,S1603",
