0,0.005,28248.62,p,pg,Gessner H,,",,D,Lich,VSS 7.94,",
91,0.0214,28364.44,p,pg,Gessner H,,",,D,Lich,VSS 7.94,",
678,0.0066,29111.422,p,pg,Gessner H,,",,D,Lich,VSS 7.94,",
924,-0.0109,29424.456,p,pg,Gessner H,,",,D,Lich,VSS 7.94,",
1210,0.0399,29788.461,p,pg,Gessner H,,",,D,Lich,VSS 7.94,",
1533,-0.0152,30199.445,p,pg,Gessner H,,",,D,Lich,VSS 7.94,",
2344,-0.011,31231.501,p,pg,Gessner H,,",,D,Lich,VSS 7.94,",
2417,-0.0314,31324.378,p,pg,Gessner H,,",,D,Lich,VSS 7.94,",
2439,-0.0659,31352.34,p,pg,Gessner H,,",,D,Lich,VSS 7.94,",
3859,-0.0511,33159.4,p,pg,Gessner H,,",,D,Lich,VSS 7.94,",
6365,-0.02,36348.484,p,pg,Gessner H,,",,D,Lich,VSS 7.94,",
6688,-0.0301,36759.513,p,pg,Gessner H,,",,D,Lich,VSS 7.94,",
6735,-0.0307,36819.323,p,pg,Gessner H,,",,D,Lich,VSS 7.94,",
6735,0.0003,36819.354,p,pg,Gessner H,,",,D,Lich,VSS 7.94,",
12763,-0.0206,44490.367,p,vis,Diethelm R,,"B,0050,B,0050,,",
14484,-0.0304,46680.445,p,vis,Hajek P.,,"C,0028,C,0028,,",
14484,-0.0274,46680.448,p,vis,Brazda R,,"C,0028,C,0028,,",
14484,-0.0024,46680.473,p,vis,Znojilova P.,,"C,0028,C,0028,,",
14719,-0.0277,46979.501,p,vis,Borovicka Jiri,,"C,0030,C,0030,,",
14719,-0.0227,46979.506,p,vis,Manek J.,,"C,0030,C,0030,,",
15016,-0.0321,47357.449,p,vis,Zejda Milos,,"C,0030,C,0030,,",
15016,-0.0261,47357.455,p,vis,Manek J.,,"C,0030,C,0030,,",
15016,-0.0261,47357.455,p,vis,Slatinsky A.,,"C,0030,C,0030,,",
15016,-0.0241,47357.457,p,vis,Svoboda V.,,"C,0030,C,0030,,",
15038,-0.0295,47385.448,p,vis,Wagner V.,,"C,0030,C,0030,,",
15100,-0.0327,47464.344,p,vis,Dedoch A.,,"C,0030,C,0030,,",
15357,-0.0304,47791.396,p,vis,Dedoch A.,,"C,0030,C,0030,,",
15871,-0.0279,48445.498,p,vis,Moschner W.,,"D,0079,D,0079,,",
15940,-0.021,48533.312,p,vis,Peter H,,,"B,0099,B,0099,,"
16179,-0.0245,48837.452,p,vis,Peter H,,,"B,0102,B,0102,,"
16197,-0.0147,48860.368,p,vis,Peter H,,,"B,0102,B,0102,,"
16480,-0.0192,49220.5,p,vis,Peter H,,,"B,0105,B,0105,,"
16755,-0.0261,49570.449,p,vis,Lutcha P.,,"C,0031,C,0031,,",
16755,-0.0201,49570.455,p,vis,Hajek P.,,"C,0031,C,0031,,",
16755,-0.0181,49570.457,p,vis,Skalak P.,,"C,0031,C,0031,,",
16755,-0.0171,49570.458,p,vis,Brat Lubos,,"C,0031,C,0031,,",
16755,-0.0151,49570.46,p,vis,Sobotka P.,,"C,0031,C,0031,,",
16755,-0.0121,49570.463,p,vis,Stepan P,,"C,0031,C,0031,,",
16755,-0.0121,49570.463,p,vis,Tichy Mar.,,"C,0031,C,0031,,",
16773,-0.0253,49593.356,p,vis,Stepan P,,"C,0031,C,0031,,",
17012,-0.0138,49897.511,p,vis,Peter H,,,"B,0109,B,0109,,"
17041,-0.0182,49934.411,p,vis,Peter H,,,"B,0110,B,0110,,"
17052,-0.0135,49948.414,p,vis,Peter H,,,"B,0110,B,0110,,"
17085,-0.0172,49990.405,p,vis,Peter H,,,"B,0110,B,0110,,"
17103,-0.0164,50013.312,p,vis,Peter H,,,"B,0110,B,0110,,"
17400,-0.0118,50391.269,p,vis,Peter H,,,"B,0114,B,0114,,"
17595,-0.0014,50639.43,p,vis,Peter H,,,"B,0115,B,0115,,"
17628,-0.0141,50681.412,p,vis,Peter H,,,"B,0115,B,0115,,"
17657,-0.0055,50718.325,p,vis,Peter H,,,"B,0116,B,0116,,"
18095,-0.0199,51275.695,p,ccd,Paschke Anton,,"0,home,,,,Rotse",
18707,0.0029,52054.5288,p,ccd,Hajek P,,,"C,0034,E,0074,,RL300"
18773,-0.0093,52138.506,p,vis,Zahajsky J,,"C,0034,E,0074,,RL235",
18773,-0.0041,52138.5112,p,ccd,Zejda Milos,,"I,5583,,,,RL400",
18780,-0.0046,52147.4187,p,ccd,Zejda Milos,,"I,5583,,,,RL400",
18780,-0.0043,52147.419,p,ccd,Diethelm Roger,,"B,0126,B,0126,,",
18965,-0.0002,52382.848,p,V,Paschke Anton,,"0,Home,,,,Asas",
19026,-0.0042,52460.4705,p,ccd,Diethelm Roger,,"B,0128,B,0128,,",
19870,0.0127,53534.534,p,vis,Locher Kurt,,"E,0003,,,,",
19888,0.0085,53557.436,p,vis,Locher Kurt,,"E,0003,,,,",
19932,0.0042,53613.4246,p,ccd,Zejda Milos,,"I,5741,,,,RL400",
20235,0.004,53999.0122,p,Ic,Nakajima Kazuhir,"J,0045,,,,20SC+CV-04",,
20791,-0.0021,54706.5534,p,-Ir,Agerer Franz,,"D,0203,I,5889,,Sigma 1603",
21324,-0.0055,55385.4642,s,-Ir,Agerer Franz,,"D,0215,I,5984,,Sigma 1603",
22192,-0.002,56489.4199,p,-I,Agerer Franz,,"D,0232,I,6084,,Sigma1603",
23036,0.0059,57563.4743,p,-I,Agerer Franz,,"D,0244,I,6196,,Sigma 1603",
23087,0.0067,57628.3761,p,ccd,Urbanik M,,"C,0040,E,0179,,SKY-WATCHER",
