8782,0.0073,40321.341,p,vis,Diethelm Roger,,"B,..18,B,..18,Ori 113,",
-8246,-0.0146,40631.561,p,vis,Diethelm Roger,,"B,..23,B,..23,Ori 118,",
-8210,-0.0027,40652.41,p,vis,Diethelm Roger,,"B,..23,B,..23,Ori 118,",
-8205,0.0012,40655.308,p,vis,Diethelm Roger,,"B,..23,B,..23,Ori 118,",
-8148,0.0021,40688.301,p,vis,Diethelm Roger,,"B,..23,B,..23,Ori 118,",
-8141,0.019,40692.659,s,vis,Diethelm Roger,,"B,..24,B,..24,Ori 119,",
-7609,0.0108,41000.288,p,vis,Diethelm Roger,,"B,..29,B,..29,Ori 124,",
-7569,0.0014,41023.431,p,vis,Diethelm Roger,,"B,..29,B,..29,Ori 124,",
-6308,0.0016,41753.31,p,vis,Diethelm Roger,,"B,0008,B,0008,,",
-6289,0.0022,41764.308,p,vis,Diethelm Roger,,"B,0008,B,0008,,",
-5641,-0.0033,42139.371,p,vis,Diethelm Roger,,"B,0015,B,0015,,",
-5114,-0.0055,42444.4014,p,pe,Gimenez A,,"I,1643,0,GCVS,,",
-5083,-0.0057,42462.3443,p,pe,Gimenez A,,"I,1643,I,1643,,",
-5081,-0.0066,42463.501,p,pe,Gimenez A,,"I,1643,I,1643,,",
-5023,-0.006,42497.362,s,pe,Gimenez A,,"I,1643,I,1643,,",
-4385,-0.006,42866.353,p,vis,Diethelm Roger,,"B,0027,B,0027,,",
-4382,-0.0049,42868.38,s,pe,Gimenez A,,"I,1643,I,1643,,",
-3296,-0.0006,43496.682,p,vis,Diethelm Roger,,"B,0037,B,0037,,",
0,0.0016,45404.4403,p,vis,Agerer Franz,,"D,0036,D,0036,,",
5,-0.0017,45407.331,p,vis,Grzelczyk H,,"D,0036,D,0036,,",
5,-0.0007,45407.332,p,vis,Huebscher J,,"D,0036,D,0036,,",
5,0.0023,45407.335,p,vis,Braune Werner,,"D,0036,D,0036,,",
1313,0.0014,46164.417,p,vis,Paschke Anton,,"B,0076,B,0076,,",
1902,-0.0034,46505.331,p,vis,Paschke Anton,,"B,0079,B,0079,,",
3115,-0.0103,47207.42,p,vis,Paschke Anton,,"B,0088,B,0088,,",
3115,0.0097,47207.44,p,vis,Peter H,,,"B,0087,B,0087,,"
3120,0.0027,47210.327,p,vis,Peter H,,,"B,0087,B,0087,,"
3127,0.003,47214.379,p,vis,Peter H,,,"B,0087,B,0087,,"
3158,0.0119,47232.331,p,vis,Peter H,,,"B,0088,B,0088,,"
3160,-0.0017,47233.475,p,vis,Peter H,,,"B,0088,B,0088,,"
3668,-0.0049,47527.507,p,vis,Peter H,,,"B,0090,B,0090,,"
3735,0.0118,47566.304,p,vis,Peter H,,,"B,0091,B,0091,,"
3780,0.0074,47592.346,p,vis,Peter H,,,"B,0091,B,0091,,"
3818,0.0066,47614.34,p,vis,Peter H,,,"B,0091,B,0091,,"
4333,0.0027,47912.423,p,vis,Peter H,,,"B,0094,B,0094,,"
4383,-0.0067,47941.354,p,vis,Peter H,,,"B,0094,B,0094,,"
4390,0.0006,47945.413,p,vis,Peter H,,,"B,0094,B,0094,,"
4390,0.0006,47945.413,p,vis,Kriebel W,,"D,0056,D,0056,,",
4409,0.0032,47956.413,p,vis,Peter H,,,"B,0094,B,0094,,"
4478,0.0034,47996.351,p,vis,Peter H,,,"B,0095,B,0095,,"
4986,-0.0009,48290.382,p,vis,Peter H,,,"B,0097,B,0097,,"
5012,-0.0009,48305.431,p,vis,Walas O,,,"B,0098,B,0098,,"
5055,0.0043,48330.325,p,vis,Peter H,,,"B,0097,B,0097,,"
5081,0.0022,48345.372,p,vis,Peter H,,,"B,0097,B,0097,,"
5100,-0.0082,48356.359,p,vis,Peter H,,,"B,0097,B,0097,,"
5570,-0.0086,48628.399,p,vis,Peter H,,,"B,0100,B,0100,,"
5670,0.0074,48686.296,p,vis,Peter H,,,"B,0101,B,0101,,"
5715,-0.011,48712.324,p,vis,Peter H,,,"B,0101,B,0101,,"
6241,-0.0067,49016.7821,p,pe,Terrel D,,",,D,Lich,PASP 106.149,",
6277,-0.0068,49037.6191,p,pe,Terrel D,,",,D,Lich,PASP 106.149,",
6344,-0.0022,49076.404,p,vis,Peter H,,,"B,0104,B,0104,,"
6876,-0.0118,49384.321,p,vis,Peter H,,,"B,0106,B,0106,,"
6940,0.0054,49421.382,p,vis,Peter H,,,"B,0106,B,0106,,"
7517,0.0003,49755.35,p,vis,Dalmazio Davide,,"G,0815,G,0815,,",
7562,0.0019,49781.398,p,vis,Peter H,,,"B,0108,B,0108,,"
7567,0.0088,49784.299,p,vis,Peter H,,,"B,0108,B,0108,,"
7593,0.0368,49799.376,p,vis,Dalmazio Davide,,"G,0815,G,0815,,",
7596,-0.0141,49801.351,s,vis,Dalmazio Davide,,"G,0815,G,0815,,",
7612,-0.0026,49810.334,p,vis,Dalmazio Davide,,"G,0815,G,0815,,",
7612,0.0044,49810.341,p,vis,Peter H,,,"B,0109,B,0109,,"
7615,-0.0284,49812.334,s,vis,Dalmazio Davide,,"G,0815,G,0815,,",
8151,-0.0009,50122.314,p,vis,Dalmazio Davide,,"G,0815,G,0815,,",
8158,0.0014,50126.368,p,vis,Dalmazio Davide,,"G,0815,G,0815,,",
8177,-0.006,50137.358,p,vis,Dalmazio Davide,,"G,0815,G,0815,,",
8184,-0.0016,50141.414,p,vis,Peter H,,,"B,0111,B,0111,,"
8196,-0.0034,50148.358,p,vis,Dalmazio Davide,,"G,0815,G,0815,,",
8780,-0.0021,50486.384,p,vis,Peter H,,,"B,0114,B,0114,,"
8807,-0.015,50501.999,p,V,Nagai Kazuo,,"J,0047,,,,",
8826,-0.0073,50513.004,p,V,Nagai Kazuo,,"J,0047,,,,",
8830,-0.0105,50515.3161,p,ccd,Kleikamp Wilhelm,"D,0102,I,4562,,",,
8837,-0.0043,50519.374,p,vis,Peter H,,,"B,0114,B,0114,,"
9445,-0.0064,50871.288,p,vis,Peter H,,,"B,0117,B,0117,,"
9490,-0.013,50897.3279,p,ccd,Kleikamp Wilhelm,"D,0117,I,4711,,",,
9943,-0.0142,51159.5274,p,BVRI,Drozdz Marek,,"I,4877,I,4877,,",
9992,-0.0121,51188.1805,s,V,Kiyota Seichiiro,"J,0037,,,,25SC+AP-7",,
9992,-0.0116,51188.181,s,V,Kiyota Seiichiro,"J,0047,,,,",,
10143,-0.0225,51275.281,p,ccd,Paschke Anton,,"0,home,,,,Rotse",
10670,-0.0149,51580.3212,p,ccd,Raetz Manfred,,"D,0152,I,5296,,ST-6",
11172,-0.0164,51870.882,p,V,Paschke Anton,,"0,home,,,,Asas",
11187,-0.0156,51879.565,p,ccd,Paschke Anton,,"B,0125,B,0125,,",
11245,-0.018,51913.1335,p,R,Nagai Kazuhiro,,"W,0280,J,0039,,",
11286,-0.0175,51936.8652,p,ccd,Nelson Robert,,"I,5224,,,,PGAO",
11322,-0.0451,51957.6748,p,V,Terrell D,,"I,5310,I,5310,,",
11889,-0.0168,52286.1774,s,R,Nagai Kazuhiro,,"W,0499,J,0040,,",
11891,-0.0235,52287.039,p,R,Nagai Kazuhiro,,"W,0502,J,0040,,",
12021,-0.0165,52362.2912,p,ccd,Zejda Milos,,"I,5583,,,,RL400",
12442,-0.018,52605.9685,p,ccd,Nelson Robert,,"I,5371,,,,",
12666,-0.0208,52735.619,p,vis,Stephan Chris,,"W,0946,,,,",
12666,-0.0208,52735.619,p,vis,Stephan Chris,,"A,0012,,,,",
13050,-0.0183,52957.8844,p,ccd,Dvorak S,,"A,0012,,,,",
13141,-0.0082,53010.8555,s,ccd,Nelson Robert,,"I,5602,,,,ST-7e",
13257,-0.0188,53077.6974,p,ccd,Samolyk G,,"A,0012,,,,",
13265,-0.0174,53082.3293,p,ccdC,Ehrenberger R,,"C,0034,E,0074,,RL100",
13765,-0.0193,53371.7322,p,ccd,Bialozynski J,,"A,0012,,,,",
13794,-0.019,53388.5179,p,ccd,Zejda Milos,,"I,5741,,,,RL200",
13830,-0.0176,53409.3565,p,ccd,Zejda Milos,,"I,5741,,,,RL400",
14406,-0.018,53742.7504,p,ccd,Poklar R,,"A,0012,,,,",
14436,-0.016,53760.1166,p,V,Nagai Kazuo,,"J,0045,,,,20SC+SV-04",
14528,-0.0159,53813.3672,p,-Ir,Agerer Franz,,"D,0178,I,5731,,",
14582,-0.016,53844.6228,p,ccd,Samolyk G,,"A,0012,,,,",
14990,-0.0136,54080.7795,p,ccd,Bialozynski J,,"A,0012,,,,",
14998,-0.0141,54085.4095,p,ccd,Dogru S S,,"I,5795,,,,30cm+ST237",
15085,-0.0119,54136.0575,s,Ic,Nagai Kazuo,,"J,0046,,,,20SC+SV-04LE",
15090,-0.0124,54138.6617,p,ccd,Poklar R,,"A,0012,,,,",
15108,-0.012,54149.37,s,-Ir,Agerer Franz,,"D,0186,I,5802,,ST-6",
15140,-0.0116,54167.6029,p,I,Lubcke G,,"A,e151,,,,",
15140,-0.0116,54167.6029,p,V,Lubcke G,,"A,e151,,,,",
15169,-0.0132,54184.3868,p,ccd,Dogru S S,,"I,5795,,,,30cm+ST237",
15693,-0.0142,54487.682,p,ccd,Bialozynski J,,"A,0079,,,,",
15717,-0.0133,54501.5743,p,V,Dvorak Shawn,,"I,5870,,,,",
15738,-0.013,54513.7296,p,ccd,Menzies K,,"A,0079,,,,",
15774,-0.0127,54534.5671,p,ccd,Samolyk G,,"A,0086,,,,",
16341,-0.0118,54862.7529,p,ccd,Nelson Robert,,"I,5929,,,,ST-7XME",
16391,-0.015,54891.6902,p,V,Diethelm Roger,,"I,5894,,,,",
16396,-0.0129,54894.5864,p,V,Dworak Shawn,,"I,5938,,,,",
16924,-0.0134,55200.1973,p,V,Itoh Hiroshi,,"J,0051,,,,30SC+DSI-Pro",
16979,-0.0115,55232.0337,p,Rc,Nagai Kazuo,,"J,0051,,,,10L+CV-04",
17590,-0.0088,55585.689,p,V,Poklar R,,"A,e151,,,,",
17635,-0.0088,55611.7354,p,V,Samolyk G,,"A,e151,,,,",
17651,-0.0079,55621.2867,s,R,Trnka J,,,"C,0037,E,0137,,200mm+G2"
17651,-0.0078,55621.2868,s,B,Trnka J,,,"C,0037,E,0137,,200mm+G2"
17651,-0.007,55621.2876,s,I,Trnka J,,,"C,0037,E,0137,,200mm+G2"
17651,-0.0045,55621.2901,s,V,Trnka J,,,"C,0037,E,0137,,200mm+G2"
17658,-0.0047,55625.3416,s,-Ir,Agerer Franz,,"D,0220,I,6010,,Sigma 403",
17659,-0.0177,55625.618,p,vis,Stephan Chris,,"J,0053,,,,",
17666,-0.0085,55629.6788,p,V,Diethelm Roger,,"I,5992,,,,",
18070,-0.0091,55863.5173,p,V,Vincenzi M.,,"C,0038,E,0160,,28cm+ST9XE",
18070,-0.0091,55863.5173,p,V,Vincenzi,,"I,6033,,,,SC30+ST9",
18865,-0.0069,56323.673,p,V,Poklar R,,"Y,0042,,,JAAVSO 42,",
18883,-0.0072,56334.0913,p,Ic,Nagai Kazuo,,"J,0056,,,,20SC+ST-402",
18883,-0.007,56334.0915,p,B,Nagai Kazuo,,"J,0056,,,,20SC+ST-402",
18883,-0.0068,56334.0917,p,V,Nagai Kazuo,,"J,0056,,,,20SC+ST-402",
18888,-0.0075,56336.985,p,Ic,Nagai Kazuo,,"J,0056,,,,20SC+ST-402",
18888,-0.0072,56336.9853,p,B,Nagai Kazuo,,"J,0056,,,,20SC+ST-402",
18888,-0.0072,56336.9853,p,V,Nagai Kazuo,,"J,0056,,,,20SC+ST-402",
18929,-0.0053,56361.0078,s,V,Nagai Kazuo,,"J,0056,,,,20SC+ST-402",
18929,-0.0046,56361.0085,s,Ic,Nagai Kazuo,,"J,0056,,,,20SC+ST-402",
18929,-0.0042,56361.0089,s,B,Nagai Kazuo,,"J,0056,,,,20SC+ST-402",
19475,-0.0038,56677.0393,s,Ic,Nagai Kazuo,,"J,0059,,,,20SC+ST-402",
19475,-0.0023,56677.0408,s,V,Nagai Kazuo,,"J,0059,,,,20SC+ST-402",
19559,-0.005,56725.3687,p,-I,Agerer Franz,,"D,0238,I,6149,,Sigma 1603",
19562,-0.0121,56727.3874,s,-I,Agerer Franz,,"D,0238,I,6149,,Sigma 1603",
20155,-0.0047,57070.3394,p,ccd,Nosal P,,,"C,0040,E,0179,,LNS 50/280 +"
20155,-0.0047,57070.3394,p,ccd,Nosal P,,,"C,0040,,,,LNS 50/280 +"
20162,-0.005,57074.3908,p,-I,Agerer Franz,,"D,0239,I,6152,,Sigma 1603",
20190,-0.006,57090.5965,p,V,Simmons N,,",,,,,",
20683,-0.0099,57376.2351,s,V,Nagai Kazuo,,"J,0061,,,,20SC+ST-402",
20683,-0.009,57376.236,s,Ic,Nagai Kazuo,,"J,0061,,,,20SC+ST-402",
20683,-0.0089,57376.2361,s,B,Nagai Kazuo,,"J,0061,,,,20SC+ST-402",
20691,-0.0041,57380.582,p,ccd,Trnka J.,,"C,0040,E,0179,,Skywatcher N",
20691,-0.0041,57380.582,p,ccd,Trnka J.,,"C,0040,,,,Skywatcher N",
20696,-0.0037,57383.4765,p,ccd,Trnka J.,,"C,0040,E,0179,,Skywatcher N",
20696,-0.0037,57383.4765,p,ccd,Trnka J.,,"C,0040,,,,Skywatcher N",
21301,-0.0029,57733.657,p,ccd,Paschke Anton,,"E,0000,,,,50mm+ST7",
21301,-0.0029,57733.657,p,ccd,Paschke Anton,,"E,0181,,,,50mm+ST7",
21416,-0.0053,57800.5071,s,-Ir,Agerer Franz,,"D,0247,I,6244,,1603",
21435,-0.0056,57811.5041,s,-Ir,Agerer Franz,,"D,0247,I,6244,,1603",
21875,-0.0021,58065.8944,p,V,Samolyk G.,,"A,0461,,,,",
21925,-0.0021,58094.8349,p,V,Menzies K.,,"A,0461,,,,",
22013,-0.0005,58145.7717,p,V,Menzies K.,,"A,0461,,,,",
22025,-0.0018,58152.7161,p,V,Menzies K.,,"A,0462,,,,",
22075,-0.0011,58181.6573,p,V,Samolyk G.,,"A,0462,,,,",
22674,-0.0001,58528.3652,p,V,Corp L,,,"A,,,,JAAVSO 47,"
22674,0.0011,58528.3664,p,V,Arranz T,,"A,,,,JAAVSO 47,",
22677,-0.0014,58530.3897,s,V,Corp L,,,"A,,,,JAAVSO 47,"
22693,-0.0003,58539.3624,p,-Ir,Agerer Franz,,"D,0033,,,,Sigma 1603",
22693,0.0004,58539.3631,p,V,Arranz T,,"A,,,,JAAVSO 47,",
22728,-0.0004,58559.6206,p,V,Samolyk G,,"A,,,,JAAVSO 47,",
23242,-0.0008,58857.1283,p,V,Nagai Kazuo,,"J,0069,,,,15L+ST-402",
23242,-0.0005,58857.1286,p,B,Nagai Kazuo,,"J,0069,,,,15L+ST-402",
23242,0.0015,58857.1306,p,Ic,Nagai Kazuo,,"J,0069,,,,15L+ST-402",
23331,0.0005,58908.6436,p,V,Samolyk Gerry,,"A,,,,JAAVSO 48,",
23369,0.0002,58930.6381,p,V,Samolyk Gerry,,"A,,,,JAAVSO 48,",
23372,0.0007,58932.375,p,V,Arranz T,,"A,,,,JAAVSO 48,",
