-13194,-0.0004,9453.4192,p,pg,GCVS,,,"0,GCVS,0,GCVS,,"
-12928,0.0161,10250.46,p,vis,Chandler S C,,",,D,Lich,AJ 7.40,",
-12924,0.0108,10262.44,p,vis,Sawyer E F,,",,D,Lich,AJ 7.116,",
-12924,0.0208,10262.45,p,vis,Chandler S C,,",,D,Lich,AJ 7.40,",
-12922,0.0131,10268.435,p,vis,Sawyer E F,,",,D,Lich,AJ 7.116,",
-12922,0.0231,10268.445,p,vis,Chandler S C,,",,D,Lich,AJ 7.40,",
-12921,0.0191,10271.4373,p,pe,Harmanec P,,",,,,ph-1403.0721,",
-12921,0.0191,10271.4373,p,pe,Harmanec P,,",,,,ph-1403.0721,",
-12921,0.0191,10271.4373,p,pe,Harmanec P,,",,,,ph-1403.0721,",
-12920,0.0054,10274.42,p,vis,Chandler S C,,",,D,Lich,AJ 7.47,",
-12920,0.0354,10274.45,p,vis,Sawyer E F,,",,D,Lich,AJ 7.116,",
-12917,0.0234,10283.427,p,vis,Chandler S C,,",,D,Lich,AJ 7.47,",
-12917,0.0464,10283.45,p,vis,Sawyer E F,,",,D,Lich,AJ 7.116,",
-12733,0.0724,10834.801,p,vis,Chandler S C,,",,D,Lich,AJ 8.130,",
-12719,0.0657,10876.743,p,vis,Chandler S C,,",,D,Lich,AJ 8.130,",
-12718,0.0846,10879.7582,p,pe,Harmanec P,,",,,,ph-1403.0721,",
-12718,0.0846,10879.7582,p,pe,Harmanec P,,",,,,ph-1403.0721,",
-12718,0.0846,10879.7582,p,pe,Harmanec P,,",,,,ph-1403.0721,",
-12714,0.08,10891.739,p,vis,Yendell P S,,",,D,Lich,AJ 9.22,",
-12708,0.1041,10909.741,p,vis,Yendell P S,,",,D,Lich,AJ 9.22,",
-12704,0.1297,10921.752,p,vis,Yendell P S,,",,D,Lich,AJ 9.22,",
-12460,-0.0213,11652.706,p,vis,Yendell P S,,",,D,Lich,AJ 10.132,",
-12452,0.0151,11676.713,p,vis,Yendell P S,,",,D,Lich,AJ 10.132,",
-12449,-0.0169,11685.67,p,vis,Yendell P S,,",,D,Lich,AJ 10.132,",
-12447,-0.0356,11691.644,p,vis,Yendell P S,,",,D,Lich,AJ 10.132,",
-12399,0.0855,11835.589,p,vis,Duner N C,,",,D,Lich,AN 129.313,",
-12395,0.0871,11847.576,p,vis,Duner N C,,",,D,Lich,AN 129.313,",
-12361,0.0769,11949.441,p,vis,Duner N C,,",,D,Lich,AN 129.313,",
-12360,0.0815,11952.442,p,vis,Duner N C,,",,D,Lich,AN 129.313,",
-12356,0.0832,11964.429,p,vis,Duner N C,,",,D,Lich,AN 129.313,",
-12353,0.0862,11973.421,p,vis,Duner N C,,",,D,Lich,AN 129.313,",
-12352,0.0839,11976.415,p,vis,Duner N C,,",,D,Lich,AN 129.313,",
-12351,0.0875,11979.415,p,vis,Duner N C,,",,D,Lich,AN 129.313,",
-12349,0.0829,11985.403,p,vis,Duner N C,,",,D,Lich,AN 129.313,",
-12348,0.0895,11988.406,p,vis,Duner N C,,",,D,Lich,AN 129.313,",
-12347,0.1042,11991.417,p,vis,Duner N C,,",,D,Lich,AN 129.313,",
-12344,0.0822,12000.384,p,vis,Duner N C,,",,D,Lich,AN 129.313,",
-12342,0.1035,12006.398,p,vis,Duner N C,,",,D,Lich,AN 129.313,",
-12340,0.0912,12012.3783,p,pe,Harmanec P,,",,,,ph-1403.0721,",
-12340,0.0912,12012.3783,p,pe,Harmanec P,,",,,,ph-1403.0721,",
-12340,0.0912,12012.3783,p,pe,Harmanec P,,",,,,ph-1403.0721,",
-12340,0.0989,12012.386,p,vis,Duner N C,,",,D,Lich,AN 129.313,",
-12338,0.0892,12018.369,p,vis,Duner N C,,",,D,Lich,AN 129.313,",
-12337,0.0929,12021.369,p,vis,Duner N C,,",,D,Lich,AN 129.313,",
-12336,0.0866,12024.359,p,vis,Duner N C,,",,D,Lich,AN 129.313,",
-12336,0.0886,12024.361,p,vis,Nordenmark,,",,D,Lich,AN 129.313,",
-12334,0.0679,12030.333,p,vis,Duner N C,,",,D,Lich,AN 129.313,",
-12332,0.0772,12036.335,p,vis,Gore,,,",,D,Lich,MRAS 1.64,"
-12332,0.1112,12036.369,p,vis,Plassmann J,,",,D,Lich,AN 129.313,",
-12331,0.0939,12039.348,p,vis,Duner N C,,",,D,Lich,AN 129.313,",
-12331,0.1159,12039.37,p,vis,Plassmann J,,",,D,Lich,AN 129.313,",
-12330,0.1186,12042.369,p,vis,Plassmann J,,",,D,Lich,AN 129.313,",
-12314,0.0812,12090.273,p,vis,Duner N C,,",,D,Lich,AN 129.313,",
-12310,0.1079,12102.285,p,vis,Duner N C,,",,D,Lich,AN 129.313,",
-12298,0.0969,12138.23,p,vis,Duner N C,,",,D,Lich,AN 129.313,",
-12294,0.1186,12150.237,p,vis,Duner N C,,",,D,Lich,AN 129.313,",
-12293,0.1173,12153.232,p,vis,Duner N C,,",,D,Lich,AN 129.313,",
-12147,0.1318,12590.711,p,vis,Yendell P S,,",,D,Lich,AJ 13.205,",
-12143,0.1175,12602.682,p,vis,Yendell P S,,",,D,Lich,AJ 13.205,",
-12129,0.1128,12644.626,p,vis,Yendell P S,,",,D,Lich,AJ 13.205,",
-12122,0.1165,12665.604,p,vis,Yendell P S,,",,D,Lich,AJ 13.205,",
-12115,0.1152,12686.577,p,vis,Plassmann J,,",,D,Lich,AN 133.264,",
-12115,0.1642,12686.626,p,vis,Yendell P S,,",,D,Lich,AJ 13.205,",
-12114,0.1928,12689.651,p,vis,Yendell P S,,",,D,Lich,AJ 13.205,",
-12113,0.1215,12692.576,p,vis,Plassmann J,,",,D,Lich,AN 133.264,",
-12111,0.1669,12698.614,p,vis,Yendell P S,,",,D,Lich,AJ 13.205,",
-12110,0.1705,12701.614,p,vis,Yendell P S,,",,D,Lich,AJ 13.205,",
-12106,0.1562,12713.585,p,vis,Yendell P S,,",,D,Lich,AJ 13.205,",
-12105,0.1307,12716.5558,p,pe,Harmanec P,,",,,,ph-1403.0721,",
-12105,0.1307,12716.5558,p,pe,Harmanec P,,",,,,ph-1403.0721,",
-12105,0.1307,12716.5558,p,pe,Harmanec P,,",,,,ph-1403.0721,",
-12105,0.1409,12716.566,p,vis,Yendell P S,,",,D,Lich,AJ 13.205,",
-12104,0.1405,12719.562,p,vis,Yendell P S,,",,D,Lich,AJ 13.205,",
-12101,0.0965,12728.507,p,vis,Duner N C,,",,D,Lich,AJ 18.106,",
-12095,0.1295,12746.518,p,vis,Yendell P S,,",,D,Lich,AJ 13.205,",
-12094,0.1542,12749.539,p,vis,Yendell P S,,",,D,Lich,AJ 13.205,",
-12093,0.1629,12752.544,p,vis,Yendell P S,,",,D,Lich,AJ 13.205,",
-12092,0.1585,12755.536,p,vis,Yendell P S,,",,D,Lich,AJ 13.205,",
-12091,0.1592,12758.533,p,vis,Yendell P S,,",,D,Lich,AJ 13.205,",
-12087,0.1289,12770.488,p,vis,Yendell P S,,",,D,Lich,AJ 13.205,",
-12084,0.1369,12779.485,p,vis,Yendell P S,,",,D,Lich,AJ 13.205,",
-11875,0.1465,13405.728,p,vis,Yendell P S,,",,D,Lich,AJ 16.51,",
-11864,0.1568,13438.698,p,vis,Yendell P S,,",,D,Lich,AJ 16.51,",
-11834,0.1169,13528.548,p,vis,Yendell P S,,",,D,Lich,AJ 16.51,",
-11833,0.1166,13531.544,p,vis,Yendell P S,,",,D,Lich,AJ 16.51,",
-11832,0.1312,13534.555,p,vis,Yendell P S,,",,D,Lich,AJ 16.51,",
-11821,0.1349,13567.5183,p,pe,Harmanec P,,",,,,ph-1403.0721,",
-11821,0.1349,13567.5183,p,pe,Harmanec P,,",,,,ph-1403.0721,",
-11821,0.1349,13567.5183,p,pe,Harmanec P,,",,,,ph-1403.0721,",
-11787,0.1523,13669.411,p,vis,Bohlin,,,",,D,Lich,AJ 18.106,"
-11785,0.1406,13675.392,p,vis,Bohlin,,,",,D,Lich,AJ 18.106,"
-11783,0.124,13681.368,p,vis,Bohlin,,,",,D,Lich,AJ 18.106,"
-11541,0.1466,14406.503,p,vis,Duner N C,,",,D,Lich,AN 152.142,",
-11540,0.1313,14409.484,p,vis,Duner N C,,",,D,Lich,AN 152.142,",
-11502,0.1377,14523.351,p,pg,Harmanec P,,",,,,ph-1403.0721,",
-11502,0.1377,14523.351,p,pg,Harmanec P,,",,,,ph-1403.0721,",
-11502,0.1377,14523.351,p,pg,Harmanec P,,",,,,ph-1403.0721,",
-11501,0.1493,14526.359,p,vis,Duner N C,,",,D,Lich,AN 152.142,",
-11477,0.1184,14598.24,p,vis,Duner N C,,",,D,Lich,AN 152.142,",
-11477,0.1334,14598.255,p,vis,Bergstrand,,",,D,Lich,AN 152.142,",
-11475,0.1377,14604.252,p,vis,Bergstrand,,",,D,Lich,AN 152.142,",
-11250,0.112,15278.401,p,vis,Duner N C,,",,D,Lich,AN 155.376,",
-11243,0.1197,15299.383,p,vis,Bergstrand,,",,D,Lich,AN 155.376,",
-11232,0.112,15332.335,p,vis,Duner N C,,",,D,Lich,AN 155.376,",
-11228,0.1177,15344.326,p,vis,Bergstrand,,",,D,Lich,AN 155.376,",
-11227,0.1484,15347.353,p,vis,Plassmann J,,",,D,Lich,AN 156.353,",
-11226,0.121,15350.322,p,pg,Harmanec P,,",,,,ph-1403.0721,",
-11226,0.121,15350.322,p,pg,Harmanec P,,",,,,ph-1403.0721,",
-11226,0.121,15350.322,p,pg,Harmanec P,,",,,,ph-1403.0721,",
-11223,0.118,15359.308,p,vis,Bergstrand,,",,D,Lich,AN 155.376,",
-11220,0.119,15368.298,p,vis,Bergstrand,,",,D,Lich,AN 155.376,",
-11217,0.108,15377.276,p,vis,Duner N C,,",,D,Lich,AN 155.376,",
-11212,0.1154,15392.265,p,vis,Plassmann J,,",,D,Lich,AN 156.353,",
-11211,0.1261,15395.272,p,vis,Plassmann J,,",,D,Lich,AN 156.353,",
-11210,0.1467,15398.289,p,vis,Plassmann J,,",,D,Lich,AN 156.353,",
-11209,0.1404,15401.279,p,vis,Plassmann J,,",,D,Lich,AN 156.353,",
-11017,0.1282,15976.5626,p,pe,Harmanec P,,",,,,ph-1403.0721,",
-11017,0.1282,15976.5626,p,pe,Harmanec P,,",,,,ph-1403.0721,",
-11017,0.1282,15976.5626,p,pe,Harmanec P,,",,,,ph-1403.0721,",
-11017,0.1286,15976.563,p,pg,Harvard phot.,,",,D,Lich,CPRI 12.16,",
-10994,0.222,16045.572,p,pg,Harvard phot.,,",,D,Lich,CPRI 12.16,",
-10803,0.1456,16617.795,p,pg,Harvard phot.,,",,D,Lich,CPRI 12.16,",
-10793,0.1093,16647.722,p,pg,Harvard phot.,,",,D,Lich,CPRI 12.16,",
-10789,0.1329,16659.731,p,pg,Harvard phot.,,",,D,Lich,CPRI 12.16,",
-10782,0.1376,16680.71,p,pg,Harvard phot.,,",,D,Lich,CPRI 12.16,",
-10772,0.1266,16710.6623,p,pe,Harmanec P,,",,,,ph-1403.0721,",
-10772,0.1266,16710.6623,p,pe,Harmanec P,,",,,,ph-1403.0721,",
-10772,0.1266,16710.6623,p,pe,Harmanec P,,",,,,ph-1403.0721,",
-10769,0.1113,16719.636,p,pg,Harvard phot.,,",,D,Lich,CPRI 12.16,",
-10764,0.1166,16734.623,p,pg,Harvard phot.,,",,D,Lich,CPRI 12.16,",
-10758,0.1317,16752.616,p,pg,Harvard phot.,,",,D,Lich,CPRI 12.16,",
-10748,0.1483,16782.596,p,pg,Harvard phot.,,",,D,Lich,CPRI 12.16,",
-10744,0.108,16794.541,p,pg,Harvard phot.,,",,D,Lich,CPRI 12.16,",
-10540,-0.0097,17405.675,p,vis,Wendell O C,,",,D,Lich,HA 69.134,",
-10529,0.0886,17438.733,p,pg,Harvard phot.,,",,D,Lich,CPRI 12.16,",
-10527,0.0173,17444.6543,p,pe,Harmanec P,,",,,,ph-1403.0721,",
-10527,0.0173,17444.6543,p,pe,Harmanec P,,",,,,ph-1403.0721,",
-10527,0.0173,17444.6543,p,pe,Harmanec P,,",,,,ph-1403.0721,",
-10526,-0.0474,17447.586,p,pg,Harvard phot.,,",,D,Lich,CPRI 12.16,",
-10526,0.0176,17447.651,p,pg,Harvard phot.,,",,D,Lich,CPRI 12.16,",
-10522,0.0473,17459.666,p,pg,Harvard phot.,,",,D,Lich,CPRI 12.16,",
-10515,0.044,17480.637,p,vis,Nijland A A,,",,D,Lich,CPRI 12.16,",
-10509,0.036,17498.607,p,pg,Harvard phot.,,",,D,Lich,CPRI 12.16,",
-10501,0.0713,17522.613,p,pg,Harvard phot.,,",,D,Lich,CPRI 12.16,",
-10495,0.0253,17540.545,p,pg,Harvard phot.,,",,D,Lich,CPRI 12.16,",
-10487,-0.0133,17564.477,p,pg,Harvard phot.,,",,D,Lich,CPRI 12.16,",
-10439,0.0083,17708.3226,p,pe,Harmanec P,,",,,,ph-1403.0721,",
-10439,0.0083,17708.3226,p,pe,Harmanec P,,",,,,ph-1403.0721,",
-10439,0.0083,17708.3226,p,pe,Harmanec P,,",,,,ph-1403.0721,",
-10308,-0.0277,18100.806,p,pg,Harvard phot.,,",,D,Lich,CPRI 12.17,",
-10307,-0.0321,18103.798,p,pg,Harvard phot.,,",,D,Lich,CPRI 12.17,",
-10262,-0.037,18238.628,p,pg,Harvard phot.,,",,D,Lich,CPRI 12.17,",
-9673,-0.0576,20003.447,p,vis,Lehnert R,,",,D,Lich,AN 200.164,",
-9672,-0.0719,20006.429,p,vis,Lehnert R,,",,D,Lich,AN 200.164,",
-9668,-0.0762,20018.41,p,vis,Lehnert R,,",,D,Lich,AN 200.164,",
-9665,-0.0932,20027.382,p,vis,Deutschland G,,",,D,Lich,AN 198.396,",
-9664,-0.0966,20030.375,p,vis,Deutschland G,,",,D,Lich,AN 198.396,",
-9662,-0.0742,20036.39,p,vis,Lehnert R,,",,D,Lich,AN 200.164,",
-9661,-0.0855,20039.375,p,vis,Deutschland G,,",,D,Lich,AN 198.396,",
-9661,-0.0745,20039.386,p,vis,Nijland A A,,",,D,Lich,AN 244.229,",
-9661,-0.0685,20039.392,p,vis,Lehnert R,,",,D,Lich,AN 200.164,",
-9660,-0.0899,20042.367,p,vis,Deutschland G,,",,D,Lich,AN 198.396,",
-9659,-0.0917,20045.3615,p,pe,Harmanec P,,",,,,ph-1403.0721,",
-9659,-0.0917,20045.3615,p,pe,Harmanec P,,",,,,ph-1403.0721,",
-9659,-0.0917,20045.3615,p,pe,Harmanec P,,",,,,ph-1403.0721,",
-9658,-0.0865,20048.363,p,vis,Deutschland G,,",,D,Lich,AN 198.396,",
-9657,-0.0809,20051.365,p,vis,Lehnert R,,",,D,Lich,AN 200.164,",
-9656,-0.0952,20054.347,p,vis,Deutschland G,,",,D,Lich,AN 198.396,",
-9634,-0.0975,20120.264,p,vis,Nijland A A,,",,D,Lich,AN 244.229,",
-9460,-0.1243,20641.599,p,vis,Nijland A A,,",,D,Lich,AN 244.229,",
-9438,-0.0946,20707.548,p,vis,de Roy F,,",,D,Lich,JBAA 35.65,",
-9435,-0.1226,20716.509,p,pg,Harmanec P,,",,,,ph-1403.0721,",
-9435,-0.1226,20716.509,p,pg,Harmanec P,,",,,,ph-1403.0721,",
-9435,-0.1226,20716.509,p,pg,Harmanec P,,",,,,ph-1403.0721,",
-9433,-0.0812,20722.543,p,vis,de Roy F,,",,D,Lich,JBAA 35.65,",
-9425,-0.1229,20746.472,p,vis,de Roy F,,",,D,Lich,JBAA 35.65,",
-9424,-0.1272,20749.464,p,vis,de Roy F,,",,D,Lich,JBAA 35.65,",
-9424,-0.1192,20749.472,p,vis,Nijland A A,,",,D,Lich,AN 244.229,",
-9423,-0.1406,20752.447,p,vis,de Roy F,,",,D,Lich,JBAA 35.65,",
-9422,-0.1049,20755.479,p,vis,Jan van der Bilt,",,D,Lich,JO 13.58,",,
-9414,-0.1166,20779.438,p,vis,Nijland A A,,",,D,Lich,AN 244.229,",
-9412,-0.1122,20785.435,p,vis,de Roy F,,",,D,Lich,JBAA 35.65,",
-9412,-0.1047,20785.4425,p,pe,Harmanec P,,",,,,ph-1403.0721,",
-9412,-0.1047,20785.4425,p,pe,Harmanec P,,",,,,ph-1403.0721,",
-9412,-0.1047,20785.4425,p,pe,Harmanec P,,",,,,ph-1403.0721,",
-9399,-0.0855,20824.414,p,vis,Dugan R S,,",,D,Lich,CPRI 12.16,",
-9388,-0.1102,20857.349,p,vis,de Roy F,,",,D,Lich,JBAA 35.65,",
-9374,-0.1008,20899.307,p,vis,de Roy F,,",,D,Lich,JBAA 35.65,",
-9175,-0.1079,21495.57,p,pg,Harvard phot.,,",,D,Lich,CPRI 12.17,",
-9172,-0.1219,21504.545,p,pg,Harvard phot.,,",,D,Lich,CPRI 12.17,",
-9168,-0.1482,21516.504,p,pg,Harvard phot.,,",,D,Lich,CPRI 12.17,",
-9159,-0.0792,21543.54,p,pg,Harvard phot.,,",,D,Lich,CPRI 12.17,",
-9059,-0.1297,21843.1227,p,pe,Harmanec P,,",,,,ph-1403.0721,",
-9059,-0.1297,21843.1227,p,pe,Harmanec P,,",,,,ph-1403.0721,",
-9059,-0.1297,21843.1227,p,pe,Harmanec P,,",,,,ph-1403.0721,",
-8983,-0.1476,22070.826,p,pg,Harvard phot.,,",,D,Lich,CPRI 12.17,",
-8966,-0.1473,22121.764,p,pg,Harvard phot.,,",,D,Lich,CPRI 12.17,",
-8960,-0.1453,22139.744,p,pg,Harvard phot.,,",,D,Lich,CPRI 12.17,",
-8948,-0.1663,22175.679,p,pg,Harvard phot.,,",,D,Lich,CPRI 12.17,",
-8933,-0.1632,22220.627,p,pg,Harvard phot.,,",,D,Lich,CPRI 12.17,",
-8925,-0.1019,22244.659,p,pg,Harvard phot.,,",,D,Lich,CPRI 12.17,",
-8733,-0.2276,22819.829,p,pg,Harvard phot.,,",,D,Lich,CPRI 12.17,",
-8729,-0.17,22831.872,p,pg,Gaposchkin S,,",,D,Lich,HA 113.73,",
-8724,-0.2406,22846.783,p,pg,Harvard phot.,,",,D,Lich,CPRI 12.17,",
-8708,-0.1759,22894.789,p,pg,Harvard phot.,,",,D,Lich,CPRI 12.17,",
-8703,-0.1663,22909.7803,p,pe,Harmanec P,,",,,,ph-1403.0721,",
-8703,-0.1663,22909.7803,p,pe,Harmanec P,,",,,,ph-1403.0721,",
-8703,-0.1663,22909.7803,p,pe,Harmanec P,,",,,,ph-1403.0721,",
-8698,-0.1563,22924.772,p,pg,Harvard phot.,,",,D,Lich,CPRI 12.17,",
-8678,-0.2119,22984.643,p,pg,Harvard phot.,,",,D,Lich,CPRI 12.17,",
-8678,-0.1269,22984.728,p,vis,Dugan R S,,",,D,Lich,CPRI 12.16,",
-8672,-0.1185,23002.7144,p,pe,Harmanec P,,",,,,ph-1403.0721,",
-8672,-0.1185,23002.7144,p,pe,Harmanec P,,",,,,ph-1403.0721,",
-8672,-0.1185,23002.7144,p,pe,Harmanec P,,",,,,ph-1403.0721,",
-8661,-0.1015,23035.691,p,vis,Dugan R S,,",,D,Lich,CPRI 12.16,",
-8567,-0.1078,23317.34,p,vis,Hacar B,,,",,D,Lich,BZ 5.45,"
-8536,-0.11,23410.224,p,pg,Harmanec P,,",,,,ph-1403.0721,",
-8536,-0.11,23410.224,p,pg,Harmanec P,,",,,,ph-1403.0721,",
-8536,-0.11,23410.224,p,pg,Harmanec P,,",,,,ph-1403.0721,",
-8536,-0.108,23410.226,p,vis,Leiner E,,",,D,Lich,CPRI 12.26,",
-8323,-0.0998,24048.453,p,vis,Gadomski J,,",,D,Lich,SAC 3.47,",
-8313,-0.0975,24078.4186,p,pe,Harmanec P,,",,,,ph-1403.0721,",
-8313,-0.0975,24078.4186,p,pe,Harmanec P,,",,,,ph-1403.0721,",
-8313,-0.0975,24078.4186,p,pe,Harmanec P,,",,,,ph-1403.0721,",
-8311,-0.0897,24084.419,p,vis,Hellerich J,,",,D,Lich,BZ 7.14,",
-8305,-0.1027,24102.384,p,vis,Dugan R S,,",,D,Lich,CPRI 12.16,",
-8114,-0.0482,24674.738,p,pg,Harvard phot.,,",,D,Lich,CPRI 12.17,Harvard pl",
-8091,-0.0593,24743.6425,p,pe,Harmanec P,,",,,,ph-1403.0721,",
-8091,-0.0593,24743.6425,p,pe,Harmanec P,,",,,,ph-1403.0721,",
-8091,-0.0593,24743.6425,p,pe,Harmanec P,,",,,,ph-1403.0721,",
-8072,-0.0791,24800.553,p,vis,Dugan R S,,",,D,Lich,CPRI 12.16,",
-8071,-0.0934,24803.535,p,vis,Dugan R S,,",,D,Lich,CPRI 12.16,",
-8070,-0.0768,24806.548,p,vis,Dugan R S,,",,D,Lich,CPRI 12.16,",
-8068,-0.0704,24812.547,p,pg,Harvard phot.,,",,D,Lich,CPRI 12.17,Harvard pl",
-8067,-0.0778,24815.536,p,vis,Dugan R S,,",,D,Lich,CPRI 12.16,",
-8065,-0.0814,24821.525,p,vis,Dugan R S,,",,D,Lich,CPRI 12.16,",
-8064,-0.0807,24824.5221,p,pe,Harmanec P,,",,,,ph-1403.0721,",
-8064,-0.0807,24824.5221,p,pe,Harmanec P,,",,,,ph-1403.0721,",
-8064,-0.0807,24824.5221,p,pe,Harmanec P,,",,,,ph-1403.0721,",
-8058,-0.0787,24842.502,p,vis,Dugan R S,,",,D,Lich,CPRI 12.16,",
-8052,-0.0827,24860.476,p,vis,Dugan R S,,",,D,Lich,CPRI 12.16,",
-7825,-0.0531,25540.673,p,vis,Dugan R S,,",,D,Lich,CPRI 12.16,",
-7822,-0.0601,25549.655,p,vis,Dugan R S,,",,D,Lich,CPRI 12.16,",
-7822,-0.0564,25549.6587,p,pe,Harmanec P,,",,,,ph-1403.0721,",
-7822,-0.0564,25549.6587,p,pe,Harmanec P,,",,,,ph-1403.0721,",
-7822,-0.0564,25549.6587,p,pe,Harmanec P,,",,,,ph-1403.0721,",
-7817,-0.0568,25564.64,p,vis,Dugan R S,,",,D,Lich,CPRI 12.16,",
-7758,-0.0123,25741.468,p,vis,de Roy F,,",,D,Lich,AAC 1.97,",
-7752,-0.0213,25759.437,p,V,Kreiner J,,",,,,AJSS235.41,",
-7752,0.0027,25759.461,p,vis,de Roy F,,",,D,Lich,AAC 1.97,",
-7751,-0.0167,25762.438,p,vis,de Roy F,,",,D,Lich,AAC 1.97,",
-7742,-0.0455,25789.3762,p,pe,Harmanec P,,",,,,ph-1403.0721,",
-7742,-0.0455,25789.3762,p,pe,Harmanec P,,",,,,ph-1403.0721,",
-7742,-0.0455,25789.3762,p,pe,Harmanec P,,",,,,ph-1403.0721,",
-7738,-0.046,25801.361,p,vis,Parenago,,",,D,Lich,PSMO 12.I,",
-7731,-0.0283,25822.353,p,vis,Parenago,,",,D,Lich,PSMO 12.I,",
-7731,-0.0259,25822.3554,p,pe,Harmanec P,,",,,,ph-1403.0721,",
-7731,-0.0259,25822.3554,p,pe,Harmanec P,,",,,,ph-1403.0721,",
-7731,-0.0259,25822.3554,p,pe,Harmanec P,,",,,,ph-1403.0721,",
-7730,-0.0096,25825.368,p,vis,Parenago,,",,D,Lich,PSMO 12.I,",
-7726,-0.04,25837.323,p,vis,Parenago,,",,D,Lich,PSMO 12.I,",
-7722,-0.0123,25849.336,p,vis,Leiner E,,",,D,Lich,CPRI 12.21,",
-7533,-0.055,26415.6,p,pg,Strohmeier,,",,D,Lich,VB 5.12,",
-7502,-0.0243,26508.517,p,pg,Strohmeier,,",,D,Lich,VB 5.12,",
-7484,-0.0103,26562.465,p,pg,Strohmeier,,",,D,Lich,VB 5.12,",
-7484,0.0307,26562.506,p,V,Kreiner J,,",,,,AJSS235.41,",
-7484,0.0607,26562.536,p,pg,Strohmeier,,",,D,Lich,VB 5.12,",
-7474,-0.0556,26592.383,p,pg,Strohmeier,,",,D,Lich,VB 5.12,",
-7474,0.0314,26592.47,p,pg,Strohmeier,,",,D,Lich,VB 5.12,",
-7471,0.0344,26601.462,p,pg,Strohmeier,,",,D,Lich,VB 5.12,",
-7465,0.0234,26619.429,p,pg,Strohmeier,,",,D,Lich,VB 5.12,",
-7464,0.018,26622.42,p,vis,Himpel K,,",,D,Lich,AN 261.255,",
-7446,0.0021,26676.338,p,vis,Gadomski J,,",,D,Lich,BZ 14.35,",
-7233,-0.0766,27314.478,p,pg,Strohmeier,,",,D,Lich,VB 5.12,",
-6636,0.1002,29103.465,p,pg,Strohmeier,,",,D,Lich,VB 5.12,",
-6605,0.0599,29196.311,p,pg,Strohmeier,,",,D,Lich,VB 5.12,",
-6596,0.0949,29223.313,p,pg,Strohmeier,,",,D,Lich,VB 5.12,",
-6589,0.0405,29244.233,p,pg,Strohmeier,,",,D,Lich,VB 5.12,",
-6587,0.0509,29250.236,p,pg,Strohmeier,,",,D,Lich,VB 5.12,",
-6587,0.0939,29250.279,p,pg,Strohmeier,,",,D,Lich,VB 5.12,",
-5274,0.131,33184.5,p,vis,Kordylewski K,,",,D,Lich,SAC 28.108,",
-5274,0.136,33184.505,p,V,Kreiner J,,",,,,AJSS235.41,",
-5273,0.1066,33187.472,p,vis,Pohl E,,,",,D,Lich,BAVM 4,"
-4456,0.0044,35635.373,p,pe,Magalashvili,,",,D,Lich,AAOB 24.13,",
-4452,0.0051,35647.359,p,pe,Magalashvili,,",,D,Lich,AAOB 24.13,",
-3943,-0.0799,37172.407,p,pe,Plavec M,,",,D,Lich,BAC 13.1,",
-3942,-0.0963,37175.387,p,vis,Chupilko V A,,",,D,Lich,PZ 14.503,",
-3941,-0.0951,37178.3845,p,pe,Harmanec P,,",,,,ph-1403.0721,",
-3941,-0.0951,37178.3845,p,pe,Harmanec P,,",,,,ph-1403.0721,",
-3941,-0.0951,37178.3845,p,pe,Harmanec P,,",,,,ph-1403.0721,",
-3940,-0.0939,37181.382,p,vis,Chupilko V A,,",,D,Lich,PZ 14.503,",
-3937,-0.0749,37190.39,p,pg,Marks A,,,"K,0012,K,0012,p.138,1962,"
-3933,-0.0842,37202.366,p,pg,Marks A,,,"K,0012,K,0012,p.138,1962,"
-3933,-0.0782,37202.372,p,pg,Harmanec P,,",,,,ph-1403.0721,",
-3933,-0.0782,37202.372,p,pg,Harmanec P,,",,,,ph-1403.0721,",
-3933,-0.0782,37202.372,p,pg,Harmanec P,,",,,,ph-1403.0721,",
-3931,-0.0829,37208.36,p,pg,Marks A,,,"K,0012,K,0012,AA 12.138,"
-3922,-0.0809,37235.329,p,pg,Harmanec P,,",,,,ph-1403.0721,",
-3922,-0.0809,37235.329,p,pg,Harmanec P,,",,,,ph-1403.0721,",
-3922,-0.0809,37235.329,p,pg,Harmanec P,,",,,,ph-1403.0721,",
-3922,-0.0799,37235.33,p,pe,Herczeg T,,",,D,Lich,AAP 20.201,",
-3922,-0.0782,37235.3317,p,pe,Harmanec P,,",,,,ph-1403.0721,",
-3922,-0.0782,37235.3317,p,pe,Harmanec P,,",,,,ph-1403.0721,",
-3922,-0.0782,37235.3317,p,pe,Harmanec P,,",,,,ph-1403.0721,",
-3707,-0.1473,37879.474,p,vis,Vagera J,,"C,   0,C,   0,,",
-3707,-0.1313,37879.49,p,vis,Neckarova M,,"C,0006,C,0006,,",
-3707,-0.1303,37879.491,p,vis,Boldir J,,"C,0006,C,0006,,",
-3707,-0.1233,37879.498,p,vis,Turkova L,,"C,0006,C,0006,,",
-3707,-0.1203,37879.501,p,vis,Gross J,,,"C,0006,C,0006,,"
-3707,-0.1113,37879.51,p,vis,Rausal Karel,,"C,0006,C,0006,,",
-3707,-0.1113,37879.51,p,vis,Kopecna M,,"C,0006,C,0006,,",
-3705,-0.1089,37885.505,p,vis,Fernandes M,,"D,0015,D,Lich,,",
-3704,-0.1083,37888.502,p,vis,Fernandes M,,"D,0015,D,Lich,,",
-3704,-0.1033,37888.507,p,vis,Lehmann P B,,"D,0015,D,Lich,,",
-3703,-0.1171,37891.4895,p,pe,Harmanec P,,",,,,ph-1403.0721,",
-3703,-0.1171,37891.4895,p,pe,Harmanec P,,",,,,ph-1403.0721,",
-3703,-0.1171,37891.4895,p,pe,Harmanec P,,",,,,ph-1403.0721,",
-3701,-0.1143,37897.485,p,pg,Ahnert P,,"M, 723,,,,",
-3701,-0.1081,37897.4912,p,pe,Harmanec P,,",,,,ph-1403.0721,",
-3701,-0.1081,37897.4912,p,pe,Harmanec P,,",,,,ph-1403.0721,",
-3701,-0.1081,37897.4912,p,pe,Harmanec P,,",,,,ph-1403.0721,",
-3699,-0.1189,37903.473,p,vis,Zidu J,,,"C,0006,C,0006,,"
-3699,-0.1129,37903.479,p,vis,Betak E,,,"C,0006,C,0006,,"
-3699,-0.1079,37903.484,p,vis,Konecny L,,"C,0006,C,0006,,",
-3699,-0.1059,37903.486,p,vis,Ahnert P,,",,D,Lich,MVS 723,",
-3699,-0.1059,37903.486,p,pg,Ahnert P,,"M, 723,,,,",
-3698,-0.1083,37906.48,p,vis,Fernandes M,,"D,0015,D,Lich,,",
-3697,-0.1166,37909.468,p,pg,Ahnert P,,"M, 723,,,,",
-3697,-0.1146,37909.47,p,vis,Hoffmann P,,"D,0015,D,Lich,,",
-3697,-0.1146,37909.47,p,vis,Dueball J,,"D,0015,D,Lich,,",
-3697,-0.1076,37909.477,p,vis,Fernandes M,,"D,0015,D,Lich,,",
-3697,-0.1046,37909.48,p,vis,Lehmann P B,,"D,0015,D,Lich,,",
-3691,-0.1076,37927.455,p,vis,Fernandes M,,"D,0015,D,Lich,,",
-3690,-0.1064,37930.4525,p,pe,Harmanec P,,",,,,ph-1403.0721,",
-3690,-0.1064,37930.4525,p,pe,Harmanec P,,",,,,ph-1403.0721,",
-3690,-0.1064,37930.4525,p,pe,Harmanec P,,",,,,ph-1403.0721,",
-3689,-0.1123,37933.443,p,pg,Harmanec P,,",,,,ph-1403.0721,",
-3689,-0.1123,37933.443,p,pg,Harmanec P,,",,,,ph-1403.0721,",
-3689,-0.1123,37933.443,p,pg,Harmanec P,,",,,,ph-1403.0721,",
-3689,-0.1083,37933.447,p,pg,Ahnert P,,"M, 723,,,,",
-3689,-0.1053,37933.45,p,vis,Hoffmann P,,",,D,Lich,,",
-3688,-0.1076,37936.444,p,pg,Ahnert P,,"M, 723,,,,",
-3687,-0.1129,37939.435,p,pg,Ahnert P,,"M, 723,,,,",
-3686,-0.1252,37942.419,p,pg,Ahnert P,,"M, 723,,,,",
-3681,-0.1319,37957.394,p,vis,"Vesely Jiri,Znoj","C,0006,C,0006,,",,
-3460,-0.1183,38619.597,p,pg,Schneller H,,"I,0061,I,0061,,",
-3459,-0.1186,38622.593,p,pg,Schneller H,,"I,0061,I,0061,,",
-3458,-0.1189,38625.589,p,pg,Schneller H,,"I,0061,I,0061,,",
-3457,-0.1183,38628.586,p,pg,Schneller H,,"I,0061,I,0061,,",
-3456,-0.1186,38631.582,p,pg,Schneller H,,"I,0061,I,0061,,",
-3455,-0.1189,38634.578,p,pg,Schneller H,,"I,0061,I,0061,,",
-3454,-0.1193,38637.574,p,pg,Schneller H,,"I,0061,I,0061,,",
-3453,-0.1186,38640.571,p,pg,Schneller H,,"I,0061,I,0061,,",
-3452,-0.1189,38643.567,p,pg,Schneller H,,"I,0061,I,0061,,",
-3451,-0.1193,38646.563,p,pg,Schneller H,,"I,0061,I,0061,,",
-3450,-0.1186,38649.56,p,pg,Schneller H,,"I,0061,I,0061,,",
-3449,-0.1229,38652.552,p,vis,Ahnert P,,",,D,Lich,MVS 2.170,",
-3449,-0.1189,38652.556,p,pg,Schneller H,,"I,0061,I,0061,,",
-3448,-0.1193,38655.552,p,pg,Schneller H,,"I,0061,I,0061,,",
-3447,-0.1196,38658.548,p,pg,Schneller H,,"I,0061,I,0061,,",
-3446,-0.1189,38661.545,p,pg,Schneller H,,"I,0061,I,0061,,",
-3445,-0.1193,38664.541,p,pg,Schneller H,,"I,0061,I,0061,,",
-3445,-0.1143,38664.546,p,pe,Kowalski,,",,D,Lich,AN 289.192,",
-3444,-0.1196,38667.537,p,pg,Schneller H,,"I,0061,I,0061,,",
-3443,-0.1209,38670.532,p,vis,Ahnert P,,",,D,Lich,MVS 2.170,",
-3443,-0.1189,38670.534,p,pg,Schneller H,,"I,0061,I,0061,,",
-3442,-0.1193,38673.53,p,pg,Schneller H,,"I,0061,I,0061,,",
-3441,-0.1196,38676.526,p,pg,Schneller H,,"I,0061,I,0061,,",
-3440,-0.1199,38679.522,p,pg,Schneller H,,"I,0061,I,0061,,",
-3439,-0.1193,38682.519,p,pg,Schneller H,,"I,0061,I,0061,,",
-3438,-0.1196,38685.515,p,pg,Schneller H,,"I,0061,I,0061,,",
-3437,-0.1199,38688.511,p,pg,Schneller H,,"I,0061,I,0061,,",
-3436,-0.1202,38691.507,p,pg,Schneller H,,"I,0061,I,0061,,",
-3435,-0.1386,38694.485,p,vis,Ahnert P,,",,D,Lich,MVS 2.170,",
-3435,-0.1196,38694.504,p,pg,Schneller H,,"I,0061,I,0061,,",
-3434,-0.1199,38697.5,p,pg,Schneller H,,"I,0061,I,0061,,",
-3433,-0.1202,38700.496,p,pg,Schneller H,,"I,0061,I,0061,,",
-3432,-0.1206,38703.492,p,pg,Schneller H,,"I,0061,I,0061,,",
-3431,-0.1199,38706.489,p,pg,Schneller H,,"I,0061,I,0061,,",
-3430,-0.1202,38709.485,p,pg,Schneller H,,"I,0061,I,0061,,",
-3429,-0.1206,38712.481,p,pg,Schneller H,,"I,0061,I,0061,,",
-3428,-0.1199,38715.478,p,pg,Schneller H,,"I,0061,I,0061,,",
-3427,-0.1202,38718.474,p,pg,Schneller H,,"I,0061,I,0061,,",
-3426,-0.1206,38721.47,p,pg,Schneller H,,"I,0061,I,0061,,",
-3425,-0.1199,38724.467,p,pg,Schneller H,,"I,0061,I,0061,,",
-3424,-0.1202,38727.463,p,pg,Schneller H,,"I,0061,I,0061,,",
-3423,-0.1206,38730.459,p,pg,Schneller H,,"I,0061,I,0061,,",
-3422,-0.1209,38733.455,p,pg,Schneller H,,"I,0061,I,0061,,",
-3421,-0.1202,38736.452,p,pg,Schneller H,,"I,0061,I,0061,,",
-3420,-0.1206,38739.448,p,pg,Schneller H,,"I,0061,I,0061,,",
-3419,-0.1209,38742.444,p,pg,Schneller H,,"I,0061,I,0061,,",
-3418,-0.1212,38745.44,p,pg,Schneller H,,"I,0061,I,0061,,",
-3417,-0.1206,38748.437,p,pg,Schneller H,,"I,0061,I,0061,,",
-3235,-0.122,39293.768,p,vis,Baldwin Marvin,,"A,0011,I,0180,,",
-3233,-0.1206,39299.762,p,vis,Friedman D,,"A,0010,I,0154,,",
-3219,-0.1293,39341.702,p,vis,Monske R,,"A,0011,I,0180,,",
-3216,-0.1303,39350.69,p,vis,Monske R,,"A,0011,I,0180,,",
-3188,-0.1296,39434.588,p,vis,Monske R,,"I,0180,D,Lich,,",
-2968,-0.1436,40093.767,p,vis,Baldwin Marvin,,"A,0014,I,0795,,",
-2956,-0.1636,40129.703,p,vis,Baldwin Marvin,,"A,0014,I,0795,,",
-2949,-0.1449,40150.696,p,vis,Cragg T,,,"A,0014,I,0795,,"
-2947,-0.1406,40156.693,p,vis,Baldwin Marvin,,"A,0014,I,0795,,",
-2884,-0.1251,40345.4774,p,V,Gueduer N,,"I,0456,I,0456,,",
-2872,-0.1345,40381.424,p,V,Pohl E,,,"I,0456,I,0456,,"
-2871,-0.1268,40384.428,p,V,Kizilirmak A,,"I,0456,I,0456,,",
-2867,-0.1432,40396.397,p,vis,Kodytek J,,"C,0009,C,0009,,",
-2858,-0.1281,40423.379,p,pe,Gueduer,,,"I,0456,D,Lich,,"
-2858,-0.1091,40423.398,p,V,Gueduer N,,"I,0456,I,0456,,",
-2838,-0.1108,40483.323,p,vis,Fernandes M,,"D,0026,D,Lich,,",
-2836,-0.1014,40489.325,p,vis,Fernandes M,,"D,0026,D,Lich,,",
-2831,-0.1236,40504.2845,p,V,Dumitrescu Al,,"I,0419,I,0419,,",
-2823,-0.1226,40528.2561,p,pe,Harmanec P,,",,,,ph-1403.0721,",
-2823,-0.1226,40528.2561,p,pe,Harmanec P,,",,,,ph-1403.0721,",
-2823,-0.1226,40528.2561,p,pe,Harmanec P,,",,,,ph-1403.0721,",
-2823,-0.1225,40528.2563,p,pe,Harmanec P,,",,,,ph-1403.0721,",
-2823,-0.1225,40528.2563,p,pe,Harmanec P,,",,,,ph-1403.0721,",
-2823,-0.1225,40528.2563,p,pe,Harmanec P,,",,,,ph-1403.0721,",
-2823,-0.1211,40528.2577,p,V,O'Connel D,,"I,0542,I,0542,,",
-2622,-0.1113,41130.5302,p,pe,Zaitseva,,",,D,Lich,AC 662.2,",
-2620,-0.1392,41136.495,p,vis,Diethelm Roger,,"B,..31,B,..31,Ori 126,",
-2619,-0.1425,41139.488,p,vis,Diethelm Roger,,"B,..31,B,..31,Ori 126,",
-2618,-0.0478,41142.579,p,vis,Locher Kurt,,"B,..31,B,..31,Ori 126,",
-2616,-0.1164,41148.5031,p,vis,Kodytek J,,"C,   0,C,   0,,",
-2616,-0.0765,41148.543,p,vis,Locher Kurt,,"B,..31,B,..31,Ori 126,",
-2614,-0.1089,41154.5033,p,vis,Kodytek J,,"C,   0,C,   0,,",
-2612,-0.1086,41160.4962,p,pe,Huck W,,,"I,0647,I,0647,,34 cm"
-2609,-0.1088,41169.485,p,pe,Gueduer N,,"I,0647,I,0647,,48 cm",
-2608,-0.1121,41172.478,p,pe,Zaitseva,,",,D,Lich,AC 662.3,",
-2608,-0.1101,41172.48,p,pe,Walter K,,",,D,Lich,RIA 8.550,",
-2605,-0.1241,41181.455,p,vis,Diethelm Roger,,"B,..31,B,..31,Ori 126,",
-2598,-0.1095,41202.444,p,vis,Isles J E,,"B,..33,B,..33,Ori 128,",
-2593,-0.1082,41217.4269,p,pe,Baldinelli,,",,D,Lich,RIA 8.550,",
-2590,-0.1071,41226.417,p,vis,Isles J E,,"B,..33,B,..33,Ori 128,",
-2589,-0.1105,41229.41,p,vis,Locher Kurt,,"B,..32,B,..32,Ori 127,",
-2588,-0.1068,41232.41,p,vis,Locher Kurt,,"B,..32,B,..32,Ori 127,",
-2584,-0.1171,41244.385,p,vis,Bryner A,,"B,..33,B,..33,Ori 128,",
-2584,-0.1077,41244.3944,p,pe,Baldinelli,,",,D,Lich,RIA 8.550,",
-2583,-0.1314,41247.367,p,vis,Bryner A,,"B,..33,B,..33,Ori 128,",
-2583,-0.1067,41247.3917,p,pe,Harmanec P,,",,,,ph-1403.0721,",
-2583,-0.1067,41247.3917,p,pe,Harmanec P,,",,,,ph-1403.0721,",
-2583,-0.1067,41247.3917,p,pe,Harmanec P,,",,,,ph-1403.0721,",
-2582,-0.1067,41250.3881,p,pe,Harmanec P,,",,,,ph-1403.0721,",
-2582,-0.1067,41250.3881,p,pe,Harmanec P,,",,,,ph-1403.0721,",
-2582,-0.1067,41250.3881,p,pe,Harmanec P,,",,,,ph-1403.0721,",
-2581,-0.1031,41253.388,p,pe,Hoelzl D,,"I,0647,I,0647,,34 cm",
-2579,-0.0918,41259.392,p,vis,Locher Kurt,,"B,..33,B,..33,Ori 128,",
-2575,-0.1201,41271.349,p,vis,Gough T T,,"B,0002,B,0002,,",
-2575,-0.1081,41271.361,p,vis,Pickup D A,,"B,0002,B,0002,,",
-2574,-0.1224,41274.343,p,vis,Pickup D A,,"B,0002,B,0002,,",
-2574,-0.1114,41274.354,p,vis,Gough T T,,"B,0002,B,0002,,",
-2566,-0.1121,41298.324,p,vis,Locher Kurt,,"B,0001,B,0001,,",
-2560,-0.1071,41316.307,p,vis,Locher Kurt,,"B,0001,B,0001,,",
-2559,-0.1124,41319.298,p,vis,Locher Kurt,,"B,0001,B,0001,,",
-2554,-0.1041,41334.288,p,vis,Locher Kurt,,"B,0001,B,0001,,",
-2548,-0.1041,41352.266,p,vis,Locher Kurt,,"B,0001,B,0001,,",
-2493,-0.0991,41517.0692,p,V,Ogata H,,,"I,0746,I,0746,,20 cm refr"
-2491,-0.1005,41523.0605,p,V,Ogata H,,,"I,0746,I,0746,,20 cm refr"
-2486,-0.0996,41538.043,p,V,Ogata H,,,"I,0746,I,0746,,20 cm refr"
-2484,-0.1,41544.0353,p,V,Ogata H,,,"I,0746,I,0746,,20 cm refr"
-2477,-0.0951,41565.0145,p,V,Hayasaka T,,"I,0746,I,0746,,25 cm refl",
-2475,-0.0953,41571.007,p,V,Hayasaka T,,"I,0746,I,0746,,25 cm refl",
-2467,-0.0946,41594.9784,p,V,Koga M,,,"I,0746,I,0746,,20 cm refr"
-2464,-0.0976,41603.9644,p,V,Koga M,,,"I,0746,I,0746,,20 cm refr"
-2463,-0.0984,41606.9599,p,V,Koga M,,,"I,0746,I,0746,,20 cm refr"
-2367,-0.0942,41894.612,p,vis,Locher Kurt,,"B,0010,B,0010,,",
-2364,-0.0922,41903.603,p,vis,Locher Kurt,,"B,0011,B,0011,,",
-2355,-0.1584,41930.5037,p,vis,Hudec J,,,"C,   0,C,   0,,"
-2354,-0.0985,41933.56,p,vis,Locher Kurt,,"B,0011,B,0011,,",
-2353,-0.1168,41936.538,p,vis,Hudec J,,,"C,0017,C,0017,,"
-2349,-0.1369,41948.5032,p,vis,Hudec J,,,"C,   0,C,   0,,"
-2347,-0.1038,41954.529,p,vis,Locher Kurt,,"B,0011,B,0011,,",
-2345,-0.0955,41960.53,p,vis,Hudec J,,,"C,0017,C,0017,,"
-2341,-0.1086,41972.5022,p,vis,Hudec J,,,"C,   0,C,   0,,"
-2338,-0.0838,41981.516,p,vis,Hudec J,,,"C,0017,C,0017,,"
-2140,-0.1545,42574.719,p,vis,Stephan Chris,,"I,1350,I,1350,,",
-2139,-0.0641,42577.8058,p,pe,Scarfe C D,,",,D,Lich,RIA 8.551,",
-2125,-0.0644,42619.7541,p,pe,Harmanec P,,",,,,ph-1403.0721,",
-2125,-0.0644,42619.7541,p,pe,Harmanec P,,",,,,ph-1403.0721,",
-2125,-0.0644,42619.7541,p,pe,Harmanec P,,",,,,ph-1403.0721,",
-2102,-0.0543,42688.6798,p,pe,Renner,,,",,D,Lich,AVSJ 7.25,"
-2094,-0.1348,42712.57,p,vis,Stephan Chris,,"I,1350,I,1350,,",
-1877,-0.0301,43362.8787,p,pe,Tucker,,,",,D,Lich,AVSJ 7.25,"
-1764,-0.0024,43701.492,p,vis,McNaught R,,"R,0004,R,0004,,",
-1763,0.0043,43704.495,p,vis,McNaught R,,"R,0004,R,0004,,",
-1761,-0.0043,43710.479,p,vis,McNaught R,,"R,0004,R,0004,,",
-1758,-0.0263,43719.446,p,vis,Royer A,,,"B,0039,G,0227,,"
-1758,0.0017,43719.474,p,vis,Ralincourt Ph,,"B,0039,G,0227,,",
-1757,-0.0207,43722.448,p,vis,Royer A,,,"B,0039,G,0227,,"
-1757,-0.0047,43722.464,p,vis,Ralincourt Ph,,"B,0039,G,0227,,",
-1757,0.0113,43722.48,p,vis,Penna M,,,"B,0039,G,0227,,"
-1757,0.0193,43722.488,p,vis,Poretti Ennio,,"B,0039,G,0227,,",
-1756,-0.02,43725.445,p,vis,Pampaloni Carlo,,"B,0039,G,0227,,",
-1756,-0.007,43725.458,p,vis,Royer A,,,"B,0039,G,0227,,"
-1756,0.004,43725.469,p,vis,Penna M,,,"B,0039,G,0227,,"
-1756,0.004,43725.469,p,vis,Ralincourt Ph,,"B,0039,G,0227,,",
-1756,0.015,43725.48,p,vis,Poretti Ennio,,"B,0039,G,0227,,",
-1754,-0.0127,43731.445,p,vis,Royer A,,,"B,0039,G,0227,,"
-1754,0.0013,43731.459,p,vis,Ralincourt Ph,,"B,0039,G,0227,,",
-1754,0.0033,43731.461,p,vis,Penna M,,,"B,0039,G,0227,,"
-1754,0.0123,43731.47,p,vis,Poretti Ennio,,"B,0039,G,0227,,",
-1752,-0.0153,43737.435,p,vis,Brelstaff T,,"R,0004,R,0004,,",
-1751,-0.0277,43740.419,p,vis,Lichtenknecker,,"D,0031,D,Lich,,",
-1751,-0.0107,43740.436,p,vis,Royer A,,,"B,0039,G,0227,,"
-1751,-0.0087,43740.438,p,vis,Enskonatus P,,",,D,Lich,MVS 8.136,",
-1750,-0.005,43743.438,p,vis,Brelstaff T,,"R,0004,R,0004,,",
-1749,-0.0133,43746.426,p,vis,Royer A,,,"B,0039,G,0227,,"
-1749,0.0047,43746.444,p,vis,Poretti Ennio,,"B,0039,G,0227,,",
-1748,-0.0207,43749.415,p,vis,Lichtenknecker,,"D,0031,D,Lich,,",
-1747,-0.001,43752.431,p,vis,McNaught R,,"R,0004,R,0004,,",
-1743,-0.0043,43764.413,p,vis,Troispoux G,,"B,0039,G,0227,,",
-1743,0.0007,43764.418,p,vis,Peter H,,,"B,0039,G,0227,,"
-1742,-0.0017,43767.412,p,vis,Troispoux G,,"B,0039,G,0227,,",
-1742,0.0003,43767.414,p,vis,Peter H,,,"B,0039,G,0227,,"
-1741,-0.002,43770.408,p,vis,Troispoux G,,"B,0039,G,0227,,",
-1741,0.003,43770.413,p,vis,Ralincourt Ph,,"B,0041,G,0227,,",
-1740,-0.0063,43773.4,p,vis,Ralincourt Ph,,"B,0041,G,0227,,",
-1740,-0.0063,43773.4,p,vis,Troispoux G,,"B,0039,G,0227,,",
-1740,0.0127,43773.419,p,vis,Poretti Ennio,,"B,0039,G,0227,,",
-1739,-0.0467,43776.356,p,vis,Lichtenknecker,,"D,0031,D,Lich,,",
-1739,-0.0027,43776.4,p,vis,Troispoux G,,"B,0039,G,0227,,",
-1737,-0.0013,43782.394,p,vis,Troispoux G,,"B,0039,G,0227,,",
-1735,0.009,43788.397,p,vis,Poretti Ennio,,"B,0039,G,0227,,",
-1734,0.0027,43791.387,p,vis,Peter H,,,"B,0039,G,0227,,"
-1733,-0.0386,43794.342,p,vis,Braune W,,"D,0031,D,Lich,,",
-1733,-0.0256,43794.355,p,vis,Huebscher J,,"D,0031,D,Lich,,",
-1733,0.0034,43794.384,p,vis,Poretti Ennio,,"B,0039,G,0227,,",
-1727,0.0074,43812.366,p,vis,Poretti Ennio,,"B,0040,G,0227,,",
-1723,0.003,43824.347,p,vis,Ralincourt Ph,,"B,0044,B,0044,,",
-1720,-0.008,43833.325,p,vis,Poretti Ennio,,"B,0040,G,0227,,",
-1719,-0.0003,43836.329,p,vis,Peter H,,,"B,0040,G,0227,,"
-1719,0.0087,43836.338,p,vis,Poretti Ennio,,"B,0040,G,0227,,",
-1717,0.003,43842.325,p,vis,Poretti Ennio,,"B,0041,G,0227,,",
-1716,-0.0053,43845.313,p,vis,Ralincourt Ph,,"B,0044,B,0044,,",
-1708,0.0001,43869.289,p,vis,Brelstaff T,,"R,0004,R,0004,VSSC 58.16,",
-1365,0.0379,44897.0687,p,pe,Chun-Hwey Kim,,",,D,Lich,MN 224.545,",
-1281,0.0468,45148.7695,p,pe,Skillman D,,",,D,Lich,AVSJ 11.60,",
-1029,0.0793,45903.8777,p,pe,Holmgren D,,",,D,Lich,OBS 115.188,",
-910,0.0931,46260.455,p,vis,Renz W,,,"D,0043,D,Lich,,"
-901,0.0921,46287.421,p,V,Lichtschlag G,,"I,3078,I,3078,,",
-899,0.1005,46293.422,p,vis,Ralincourt Ph,,"B,0078,B,0078,,",
-895,0.0941,46305.401,p,vis,Ott M,,,"D,0043,D,Lich,,"
-895,0.1041,46305.411,p,vis,Ralincourt Ph,,"B,0078,B,0078,,",
-890,0.0865,46320.375,p,vis,Middlemist J,,"R,0008,R,0008,VSSC 63.21,",
-887,0.1005,46329.378,p,vis,Busquets J,,"B,0079,B,0079,,",
-882,0.1068,46344.366,p,vis,Middlemist J,,"R,0008,R,0008,VSSC 63.21,",
-881,0.0885,46347.344,p,vis,Wunder E,,"D,0043,D,Lich,,",
-876,0.1058,46362.343,p,vis,Schmidt,,,"D,0052,D,0052,,"
-872,0.0915,46374.314,p,vis,Braune W,,"D,0043,D,Lich,,",
-856,0.1102,46422.274,p,pg,Hinzpeter R,,"M,1101,,,,",
-655,0.1045,47024.531,p,vis,Renz W,,,"D,0050,D,0050,,"
-637,0.1235,47078.484,p,vis,Renz W,,,"D,0050,D,0050,,"
-407,0.1401,47767.657,p,pe,Mossakovskaya L,,"I,5393,D,Lich,,",
-316,0.1436,48040.3266,p,pe,Harmanec P,,",,,,ph-1403.0721,",
-316,0.1436,48040.3266,p,pe,Harmanec P,,",,,,ph-1403.0721,",
-316,0.1436,48040.3266,p,pe,Harmanec P,,",,,,ph-1403.0721,",
-153,0.1464,48528.7316,p,pe,Caton,,,"I,3900,I,3900,,"
161,0.1415,49469.575,p,vis,Blaettler Ernst,,"B,0106,B,0106,,",
187,0.1479,49547.486,p,vis,Seifert K,,"D,0079,D,0079,,",
193,0.1439,49565.46,p,vis,Dahm Michael,,"D,0079,D,0079,,",
195,0.1093,49571.418,p,vis,Seifert K,,"D,0079,D,0079,,",
196,0.1229,49574.428,p,vis,Seifert K,,"D,0079,D,0079,,",
196,0.1427,49574.4478,p,V,Agerer Franz,,"D,0080,I,4222,,",
196,0.1431,49574.4482,p,B,Agerer Franz,,"D,0080,I,4222,,",
434,0.0906,50287.5227,p,vis,Vetrovcova M,,"C,0032,,,,RF70",
443,0.1185,50314.5176,p,vis,Vetrovcova M,,"C,0032,,,,RF70",
831,0.0823,51477.0582,p,pe,Harmanec P,,",,,,ph-1403.0721,",
831,0.0823,51477.0582,p,pe,Harmanec P,,",,,,ph-1403.0721,",
831,0.0823,51477.0582,p,pe,Harmanec P,,",,,,ph-1403.0721,",
1148,0.0009,52426.814,p,vis,Manske B,,"A,0012,,,,",
1169,0.0379,52489.774,p,vis,Manske B,,"A,0012,,,,",
1417,-0.0072,53232.8192,p,ccd,Gerner H,,"A,0012,,,,",
1431,-0.0101,53274.765,p,ccd,Samolyk G,,"A,0012,,,,",
1765,-0.0686,54275.4813,p,ccdR,Brat L,,,"C,0034,E,0074,,RL200, f/10"
1772,-0.0643,54296.46,p,V,Quester Wolfgang,"D,0186,I,5802,,ST-7E",,
1778,-0.0673,54314.435,p,-Ir,Walter Frank,,"D,0193,I,5830,,Pic 416XT",
1778,-0.0653,54314.437,p,-Ir,Frank Peter,,"D,0193,I,5830,,LcCCD12",
1785,-0.0666,54335.41,p,ccdR,Svoboda P,,"C,0034,E,0074,,RF 34/135 mm",
1786,-0.0671,54338.4059,p,ccdB,Svoboda P,,"C,0034,E,0074,,RF 34/135 mm",
1786,-0.0671,54338.4059,p,ccdU,Svoboda P,,"C,0034,E,0074,,RF 34/135 mm",
1786,-0.0664,54338.4065,p,ccdV,Svoboda P,,"C,0034,E,0074,,RF 34/135 mm",
1810,-0.0649,54410.32,p,ccd,Jungbluth Helmut,"D,0193,I,5830,,ST-7",,
2038,-0.0995,55093.4491,p,V,Kucakova H,,"C,0037,E,0137,,200mm+ST8",
2038,-0.099,55093.4496,p,I,Kucakova H,,"C,0037,E,0137,,200mm+ST8",
2038,-0.0977,55093.4509,p,R,Kucakova H,,"C,0037,E,0137,,200mm+ST8",
2140,-0.1145,55399.06,p,ccd,Harmanec P,,",,,,ph-1403.0721,",
2140,-0.1145,55399.06,p,ccd,Harmanec P,,",,,,ph-1403.0721,",
2140,-0.1145,55399.06,p,ccd,Harmanec P,,",,,,ph-1403.0721,",
2285,-0.1182,55833.5244,p,ccd,Frank Peter,,"D,0228,I,6048,,EOS 450D",
2507,-0.1303,56498.698,p,V,Samolyk G,,"Y,0042,,,JAAVSO 42,",
2746,-0.1354,57214.8163,p,V,Samolyk G,,",,,,JAAVSO-43,",
2746,-0.1354,57214.8163,p,V,Samolyk G,,",,,,JAAVSO-43,",
2750,-0.1356,57226.8014,p,V,Samolyk G,,",,,,JAAVSO-43,",
2750,-0.1356,57226.8014,p,V,Samolyk G,,",,,,JAAVSO-43,",
2760,-0.1284,57256.7719,p,V,Cook S,,,",,,,JAAVSO-43,"
2760,-0.1284,57256.7719,p,V,Cook S,,,",,,,JAAVSO-43,"
3105,-0.1231,58290.5118,p,-Ir,Agerer Franz,,"D,0031,,,,Sigma1603",
3108,-0.1229,58299.501,p,ccd,Paschke Anton,,"E,0191,,,,50mm+ST7",
