-9685,-0.3228,15410.621,p,pg,Williams A S,,",,D,Lich,AN 160.63,",
-9670,-0.326,15456.462,p,pg,Williams A S,,",,D,Lich,AN 160.63,",
-9668,-0.3596,15462.541,p,pg,Williams A S,,",,D,Lich,AN 160.63,",
-9578,-0.3403,15737.626,p,pg,Williams A S,,",,D,Lich,AN 160.63,",
-9490,-0.2794,16006.64,p,pg,Williams A S,,",,D,Lich,AN 160.63,",
-9489,-0.2826,16009.693,p,pg,Williams A S,,",,D,Lich,AN 160.63,",
-9488,-0.2839,16012.748,p,pg,Williams A S,,",,D,Lich,AN 160.63,",
-9480,-0.2462,16037.236,p,vis,Hartwig E,,",,D,Lich,AN 164.130,",
-9479,-0.3005,16040.238,p,vis,Hartwig E,,",,D,Lich,AN 164.130,",
-9477,-0.2621,16046.389,p,vis,Hartwig E,,",,D,Lich,AN 164.130,",
-9475,-0.2606,16052.503,p,vis,Hartwig E,,",,D,Lich,AN 164.130,",
-9192,-0.2283,16917.464,p,vis,Graff K,,,",,D,Lich,AN 221.93,"
-9138,-0.2147,17082.517,p,vis,Graff K,,,",,D,Lich,AN 221.93,"
-9125,-0.2144,17122.249,p,vis,Nijland A A,,",,D,Lich,AN 176.168,",
-9125,-0.2134,17122.25,p,vis,Graff K,,,",,D,Lich,AN 221.93,"
-9088,-0.2089,17235.337,p,vis,Graff K,,,",,D,Lich,AN 221.93,"
-9071,-0.2018,17287.301,p,vis,Nijland A A,,",,D,Lich,AN 228.186,",
-9070,-0.2071,17290.352,p,vis,Nijland A A,,",,D,Lich,AN 176.168,",
-9031,-0.2032,17409.551,p,vis,Nijland A A,,",,D,Lich,AN 228.186,",
-9002,-0.1894,17498.197,p,vis,Nijland A A,,",,D,Lich,AN 176.168,",
-9001,-0.1937,17501.249,p,vis,Nijland A A,,",,D,Lich,AN 176.168,",
-8999,-0.1983,17507.357,p,vis,Nijland A A,,",,D,Lich,AN 176.168,",
-8997,-0.1959,17513.472,p,vis,Nijland A A,,",,D,Lich,AN 228.186,",
-8948,-0.1928,17663.233,p,vis,Graff K,,,",,D,Lich,AN 221.93,"
-8947,-0.1901,17666.292,p,vis,Graff K,,,",,D,Lich,AN 221.93,"
-8907,-0.1875,17788.546,p,vis,Nijland A A,,",,D,Lich,AN 176.168,",
-8894,-0.1742,17828.291,p,vis,Nijland A A,,",,D,Lich,AN 228.186,",
-8892,-0.1788,17834.399,p,vis,Nijland A A,,",,D,Lich,AN 228.186,",
-8891,-0.1771,17837.457,p,vis,Nijland A A,,",,D,Lich,AN 228.186,",
-8875,-0.1736,17886.361,p,vis,Nijland A A,,",,D,Lich,AN 228.186,",
-8873,-0.1722,17892.475,p,vis,Nijland A A,,",,D,Lich,AN 228.186,",
-8869,-0.1693,17904.703,p,vis,Nijland A A,,",,D,Lich,AN 228.186,",
-8859,-0.1722,17935.263,p,vis,Nijland A A,,",,D,Lich,AN 228.186,",
-8782,-0.1601,18170.609,p,vis,Nijland A A,,",,D,Lich,AN 228.186,",
-8781,-0.1614,18173.664,p,vis,Nijland A A,,",,D,Lich,AN 228.186,",
-8765,-0.163,18222.563,p,vis,Nijland A A,,",,D,Lich,AN 228.186,",
-8751,-0.153,18265.361,p,vis,Nijland A A,,",,D,Lich,AN 228.186,",
-8749,-0.1585,18271.468,p,vis,Nijland A A,,",,D,Lich,AN 228.186,",
-8729,-0.1552,18332.597,p,vis,Nijland A A,,",,D,Lich,AN 228.186,",
-8659,-0.1502,18546.542,p,vis,Nijland A A,,",,D,Lich,AN 228.186,",
-8640,-0.1436,18604.618,p,vis,Nijland A A,,",,D,Lich,AN 228.186,",
-8627,-0.1433,18644.35,p,vis,Nijland A A,,",,D,Lich,AN 228.186,",
-8624,-0.1462,18653.516,p,vis,Nijland A A,,",,D,Lich,AN 228.186,",
-8623,-0.1404,18656.578,p,vis,Nijland A A,,",,D,Lich,AN 228.186,",
-8611,-0.1409,18693.253,p,vis,Nijland A A,,",,D,Lich,AN 228.186,",
-8608,-0.1387,18702.424,p,vis,Nijland A A,,",,D,Lich,AN 228.186,",
-8592,-0.1373,18751.326,p,vis,Nijland A A,,",,D,Lich,AN 228.186,",
-8591,-0.1406,18754.379,p,vis,Nijland A A,,",,D,Lich,AN 228.186,",
-8590,-0.1388,18757.437,p,vis,Nijland A A,,",,D,Lich,AN 228.186,",
-8485,-0.1258,19078.36,p,vis,Graff K,,,",,D,Lich,AN 221.93,"
-8182,-0.1031,20004.437,p,vis,Graff K,,,",,D,Lich,AN 221.93,"
-8181,-0.1014,20007.495,p,vis,Graff K,,,",,D,Lich,AN 221.93,"
-8132,-0.1054,20157.249,p,vis,Graff K,,,",,D,Lich,AN 221.93,"
-8131,-0.0977,20160.313,p,vis,Graff K,,,",,D,Lich,AN 221.93,"
-8129,-0.0962,20166.427,p,vis,Graff K,,,",,D,Lich,AN 221.93,"
-8128,-0.0945,20169.485,p,vis,Graff K,,,",,D,Lich,AN 221.93,"
-7659,-0.0722,21602.905,p,vis,Luizet M,,",,D,Lich,BLYN (1923),",
-7319,-0.0491,22642.065,p,vis,Graff K,,,",,D,Lich,AN 221.93,"
-7318,-0.0494,22645.121,p,vis,Graff K,,,",,D,Lich,AN 221.93,"
-7316,-0.0569,22651.226,p,vis,Graff K,,,",,D,Lich,AN 221.93,"
-7315,-0.0522,22654.287,p,vis,Graff K,,,",,D,Lich,AN 221.93,"
-7208,-0.0507,22981.311,p,vis,Graff K,,,",,D,Lich,AN 221.93,"
-7175,-0.0531,23082.166,p,vis,Graff K,,,",,D,Lich,AN 221.93,"
-7170,-0.0475,23097.453,p,vis,Graff K,,,",,D,Lich,AN 221.93,"
-7155,-0.0568,23143.288,p,vis,Graff K,,,",,D,Lich,AN 221.93,"
-7154,-0.0411,23146.36,p,vis,Graff K,,,",,D,Lich,AN 221.93,"
-7152,-0.0437,23152.47,p,vis,Graff K,,,",,D,Lich,AN 221.93,"
-7032,0.0121,23519.28,p,vis,Zessewitsch V P,,",,D,Lich,IODE 4.2.296,",
-6836,-0.0377,24118.262,p,vis,Kordylewski K,,",,D,Lich,AAB 2.167,",
-6830,-0.0524,24136.585,p,vis,Kordylewski K,,",,D,Lich,AAB 2.167,",
-6759,-0.0207,24353.613,p,vis,Kordylewski K,,",,D,Lich,AAC 1.34,",
-6733,-0.0271,24433.07,p,vis,Kordylewski K,,",,D,Lich,AAB 2.167,",
-6728,-0.0295,24448.349,p,vis,Kordylewski K,,",,D,Lich,AAB 2.167,",
-6679,-0.0115,24598.125,p,vis,Kordylewski K,,",,D,Lich,AAB 2.167,",
-6623,-0.0244,24769.264,p,vis,Gadomski J,,",,D,Lich,AAC 1.33,",
-6615,-0.0087,24793.73,p,vis,Kordylewski K,,",,D,Lich,AAB 2.167,",
-6584,-0.0016,24888.482,p,vis,Gadomski J,,",,D,Lich,AAC 1.33,",
-6569,-0.0058,24934.322,p,vis,Gadomski J,,",,D,Lich,AAC 1.33,",
-6447,0.0084,25307.203,p,vis,Kordylewski K,,",,D,Lich,AAB 2.167,",
-6391,0.0234,25478.37,p,vis,Kordylewski K,,",,D,Lich,AAB 2.167,",
-6390,0.0132,25481.416,p,vis,Kordylewski K,,",,D,Lich,AAB 2.167,",
-6390,0.0212,25481.424,p,pg,Woodward E J,,",,D,Lich,HB 917.7,",
-6390,0.0432,25481.446,p,vis,Kordylewski K,,"K,0027,K,0027,AA 27.158,",
-6269,0.0287,25851.242,p,vis,Kordylewski K,,",,D,Lich,AAB 2.167,",
-6264,0.0252,25866.52,p,vis,Kordylewski K,,",,D,Lich,AAB 2.167,",
-6076,0.0377,26441.114,p,vis,Kordylewski K,,",,D,Lich,AAB 2.167,",
-5666,0.0848,27694.238,p,vis,Kordylewski K,,",,D,Lich,AAB 2.167,",
-5559,0.0993,28021.275,p,vis,Piegza J,,",,D,Lich,AAB 2.167,",
-5541,0.0912,28076.28,p,vis,Piegza J,,",,D,Lich,AAB 2.167,",
-5447,0.0904,28363.57,p,vis,Kordylewski K,,",,D,Lich,AA 27.158,",
-5293,0.1135,28834.261,p,vis,Kordylewski K,,",,D,Lich,AAB 2.167,",
-5259,0.1148,28938.176,p,vis,Kordylewski K,,",,D,Lich,AAB 2.167,",
-5132,0.1186,29326.328,p,vis,Kordylewski K,,",,D,Lich,AAB 2.167,",
-4956,0.1155,29864.231,p,pg,Gaposchkin S,,",,D,Lich,HA 113.76,",
-4704,0.1256,30634.425,p,vis,Kordylewski K,,",,D,Lich,AAB 2.167,",
-4657,0.1392,30778.084,p,vis,Kordylewski K,,",,D,Lich,AAB 2.167,",
-4652,0.1428,30793.369,p,vis,Kordylewski K,,",,D,Lich,AAB 2.167,",
-4370,0.1515,31655.25,p,vis,Kordylewski K,,",,D,Lich,AAB 2.167,",
-4351,0.152,31713.32,p,vis,Zessewitsch V P,,",,D,Lich,IODE 4.2.296,",
-4191,0.1534,32202.327,p,vis,Kordylewski K,,",,D,Lich,AAB 2.167,",
-4188,0.1306,32211.473,p,vis,Kordylewski K,,",,D,Lich,AAB 2.167,",
-4172,0.141,32260.384,p,vis,Kordylewski K,,",,D,Lich,AAB 2.167,",
-4102,0.1611,32474.344,p,vis,Szczepanowska A,,",,D,Lich,AAB 2.167,",
-4047,0.1574,32642.436,p,vis,Szczepanowska A,,",,D,Lich,AAB 2.167,",
-3996,0.1609,32798.31,p,vis,Szczepanowska A,,",,D,Lich,AAB 2.167,",
-3993,0.163,32807.481,p,vis,Szczepanowska A,,",,D,Lich,AAB 2.167,",
-3979,0.151,32850.257,p,vis,Szczepanowska A,,",,D,Lich,AAB 2.167,",
-3973,0.1623,32868.606,p,vis,Szczepanowska A,,",,D,Lich,AAB 2.167,",
-3940,0.1719,32969.473,p,vis,Szczepanowska A,,",,D,Lich,AAB 2.167,",
-3887,0.1658,33131.45,p,vis,Vasilieva A A,,",,D,Lich,AC 103.2,",
-3870,0.165,33183.406,p,vis,Szczepanowska A,,",,D,Lich,AAB 2.167,",
-3869,0.1647,33186.462,p,vis,Szczepanowska A,,",,D,Lich,AAB 2.167,",
-3868,0.1614,33189.515,p,vis,Szczepanowska A,,",,D,Lich,AAB 2.167,",
-3820,0.1657,33336.221,p,vis,Szczepanowska A,,",,D,Lich,AAB 2.167,",
-3761,0.1809,33516.557,p,vis,Kordylewski K,,",,D,Lich,AAB 2.167,",
-3747,0.1839,33559.348,p,vis,Szczepanowska A,,",,D,Lich,AAB 2.167,",
-3743,0.1748,33571.564,p,vis,Szczepanowska A,,",,D,Lich,AAB 2.167,",
-3724,0.1753,33629.634,p,vis,Szczepanowska A,,",,D,Lich,AAB 2.167,",
-3709,0.1711,33675.474,p,vis,Szczepanowska A,,",,D,Lich,AAB 2.167,",
-3405,0.1934,34604.607,p,vis,Szafraniec R,,",,D,Lich,AA 6.145,",
-3157,0.1987,35362.571,p,vis,Zessewitsch V P,,",,D,Lich,AC 174.18,",
-3032,0.1681,35744.576,p,vis,Zessewitsch V P,,",,D,Lich,AC 174.18,",
-3018,0.1941,35787.39,p,vis,Szczepanowska A,,",,D,Lich,AA 9.47,",
-2788,0.1886,36490.33,p,vis,Lange G A,,",,D,Lich,AC 200.15,",
-2307,0.1865,37960.401,p,vis,Znojil V,,"C,0006,C,0006,,",
-2200,0.1813,38287.4183,p,vis,Kordylewski K,,"I,0035,I,0035,,",
-2077,0.1809,38663.341,p,pg,Todoran I,,"I,0187,I,0187,,",
-2075,0.1824,38669.455,p,pg,Todoran I,,"I,0187,I,0187,,",
-1967,0.1936,38999.545,p,vis,Braune W,,"D,0018,D,Lich,,",
-1366,0.2163,40836.395,p,vis,Peter H,,,"B,..26,B,..26,Ori 121,"
-1349,0.2095,40888.345,p,vis,Peter H,,,"B,..27,B,..27,Ori 122,"
-1349,0.2165,40888.352,p,vis,Locher Kurt,,"B,..27,B,..27,Ori 122,",
-1134,0.2252,41545.462,p,vis,Klimek Z,,"I,0779,I,0779,,203 mm refr",
-1118,0.2156,41594.353,p,vis,Peter H,,,"B,0006,B,0006,,"
-1100,0.2285,41649.379,p,vis,Locher Kurt,,"B,0006,B,0006,,",
-853,0.2351,42404.288,p,vis,Locher Kurt,,"B,0019,B,0019,,",
-713,0.2352,42832.168,p,vis,Winiarski M,,"N,0301,,,,",
-710,0.2294,42841.331,p,vis,Braune W,,"D,0029,D,Lich,,",
-710,0.2314,42841.333,p,vis,Peter H,,,"B,0027,B,0027,,"
-603,0.2339,43168.358,p,vis,Locher Kurt,,"B,0032,B,0032,,",
-497,0.2276,43492.318,p,vis,Locher Kurt,,"B,0036,B,0036,,",
-497,0.2316,43492.322,p,vis,Peter H,,,"B,0036,B,0036,,"
-423,0.2336,43718.489,p,vis,Locher Kurt,,"B,0038,B,0038,,",
-407,0.232,43767.388,p,vis,Locher Kurt,,"B,0039,B,0039,,",
-387,0.2363,43828.518,p,vis,Locher Kurt,,"B,0040,B,0040,,",
-355,0.2352,43926.318,p,vis,Peter H,,,"B,0042,B,0042,,"
-354,0.2329,43929.372,p,vis,Peter H,,,"B,0042,B,0042,,"
-265,0.2365,44201.385,p,vis,Peter H,,,"B,0045,B,0045,,"
-175,0.2259,44476.44,p,vis,Locher Kurt,,"B,0049,B,0049,,",
-158,0.227,44528.398,p,vis,Mavrofridis G,,"B,0051,B,0051,,",
-141,0.2372,44580.365,p,vis,Mavrofridis G,,"B,0052,B,0052,,",
-140,0.2369,44583.421,p,vis,Mavrofridis G,,"B,0052,B,0052,,",
-139,0.2366,44586.477,p,vis,Mavrofridis G,,"B,0052,B,0052,,",
-18,0.2241,44956.275,p,vis,Locher Kurt,,"B,0058,B,0058,,",
-17,0.2408,44959.348,p,vis,Mavrofridis G,,"B,0058,B,0058,,",
-8,0.2383,44986.852,p,vis,Silhan Jindrich,,"C,0026,C,0026,,",
0,0.238,45011.302,p,vis,Locher Kurt,,"B,0059,B,0059,,",
0,0.25,45011.314,p,vis,Kohl Michael,,"B,0059,B,0059,,",
72,0.2475,45231.364,p,vis,Locher Kurt,,"B,0062,B,0062,,",
90,0.2334,45286.363,p,vis,Mavrofridis G,,"B,0064,B,0064,,",
106,0.2298,45335.26,p,vis,Locher Kurt,,"B,0064,B,0064,,",
200,0.224,45622.545,p,vis,Wagner V,,"C,0026,C,0026,,",
200,0.229,45622.55,p,vis,Borovicka Jiri,,"C,0026,C,0026,,",
212,0.2496,45659.246,p,vis,Locher Kurt,,"B,0069,0,GCVS,,",
216,0.2254,45671.447,p,vis,Wagner V,,"C,0026,C,0026,,",
216,0.2274,45671.449,p,vis,Borovicka Jiri,,"C,0026,C,0026,,",
216,0.2304,45671.452,p,vis,Silhan Jindrich,,"C,0026,C,0026,,",
306,0.2198,45946.507,p,vis,Kohl Michael,,"B,0074,B,0074,,",
428,0.22,46319.374,p,vis,Brelstaff T,,"R,0012,R,0012,,",
429,0.2177,46322.428,p,vis,Novak P,,,"C,0027,C,0027,,"
536,0.2256,46649.4584,p,vis,Novak P,,,"C,   0,C,   0,,"
568,0.2351,46747.269,p,vis,Locher Kurt,,"B,0082,B,0082,,",
660,0.2149,47028.427,p,vis,Hanzl Dalibor,,"C,0030,C,0030,,",
800,0.239,47456.331,p,vis,Locher Kurt,,"B,0090,B,0090,,",
893,0.2055,47740.532,p,vis,Locher Kurt,,"B,0092,B,0092,,",
924,0.1997,47835.271,p,vis,Brelstaff T,,"R,0015,R,0015,VSSC 73,",
960,0.2164,47945.314,p,vis,Locher Kurt,,"B,0094,B,0094,,",
1157,0.2123,48547.398,p,vis,Locher Kurt,,"B,0099,B,0099,,",
1191,0.1946,48651.294,p,vis,Locher Kurt,,"B,0100,B,0100,,",
1191,0.2046,48651.304,p,vis,Peter H,,,"B,0100,B,0100,,"
1300,0.1905,48984.425,p,vis,Locher Kurt,,"B,0103,B,0103,,",
1373,0.1837,49207.527,p,vis,Locher Kurt,,"B,0104,B,0104,,",
1512,0.1861,49632.353,p,vis,Molik Petr,,"E,0060,,,normal,RF200",
1635,0.193,50008.283,p,vis,Locher Kurt,,"B,0110,B,0110,,",
1637,0.1765,50014.379,p,vis,Peter H,,,"B,0110,B,0110,,"
1638,0.1602,50017.419,p,vis,Peter H,,,"B,0110,B,0110,,"
1729,0.1782,50295.559,p,vis,Locher Kurt,,"B,0113,B,0113,,",
1760,0.1744,50390.3,p,vis,Peter H,,,"B,0114,B,0114,,"
1762,0.1598,50396.398,p,vis,Peter H,,,"B,0114,B,0114,,"
1852,0.1632,50671.467,p,vis,Peter H,,,"B,0115,B,0115,,"
1868,0.1706,50720.375,p,vis,Locher Kurt,,"B,0116,B,0116,,",
1902,0.1779,50824.296,p,vis,Peter H,,,"B,0117,B,0117,,"
1978,0.1653,51056.561,p,vis,Locher Kurt,,"B,0118,B,0118,,",
2026,0.1666,51203.264,p,vis,Locher Kurt,,"B,0119,B,0119,,",
2080,0.1682,51368.305,p,ccd,Paschke Anton,,"0,home,,,,Rotse",
2100,0.1545,51429.417,p,vis,Locher Kurt,,"B,0121,B,0121,,",
2223,0.1614,51805.347,p,vis,Locher Kurt,,"B,0123,B,0123,,",
2262,0.1493,51924.53,p,vis,Banuscher Dietma,"D,0143,D,0143,,",,
2580,0.1257,52896.405,p,vis,Locher Kurt,,"B,0130,I,5543,,",
2580,0.1267,52896.406,p,vis,Meyer Ralf,,"D,0171,,,,",
2597,0.1192,52948.3553,p,ccd,Schmidt Ulrich,,"D,0172,I,5643,,",
2708,0.1152,53287.599,p,vis,Meyer Ralf,,"D,0174,,,,",
2740,0.1081,53385.393,p,vis,Locher Kurt,,"E,0003,,,,",
2860,0.1089,53752.148,p,vis,Meyer Ralf,,"E,0028,,,,",
2936,0.1003,53984.4171,p,ccd,Dogru S S,,"I,5746,,,,UG301",
2944,0.0999,54008.8669,p,ccd,Petriew V,,"A,0012,,,,",
2949,0.0998,54024.1483,p,V,Maehara Hiroyuki,"J,0045,,,,20L+ST-7E",,
2960,0.0992,54057.7668,p,ccd,Bialozynski J,,"A,0012,,,,",
3099,0.0931,54482.5843,p,ccd,Menzies K,,"A,0079,,,,",
3100,0.0929,54485.6404,p,ccd,Samolyk G,,"A,0079,,,,",
3325,0.0831,55173.2947,p,ccd,Erkan N,,,"I,5924,,,,T40-ST"
3417,0.08,55454.4698,p,V,Dogru S S,,"I,5988,,,,T40-U47",
3423,0.0796,55472.8072,p,V,Samolyk G,,"A,e151,,,,",
3673,0.067,56236.8658,p,V,Howell J A,,",,,,,",
3778,0.0626,56557.7713,p,V,Samolyk G,,"A,0042,,,JAAVSO 42,",
3806,0.0605,56643.3452,p,-I,Agerer Franz,,"D,0234,I,6118,,Sigma 1603",
3810,0.061,56655.5709,p,V,Samolyk G,,"A,,,,JAAVSO 62,",
4025,0.0404,57312.6515,p,V,Samolyk G,,",,,,JAAVSO-43,",
4276,0.0169,58079.7556,p,V,Samolyk G.,,"A,0461,,,,",
4394,0.0026,58440.3829,p,-Ir,Agerer Franz,,"D,0031,,,,Sigma1603",
4395,0.0014,58443.438,p,ccd,Paschke Anton,,"D,0030,,,,50mm+G2",
4415,0.0005,58504.5628,p,V,Samolyk G,,"A,,,,JAAVSO 47,",
4502,-0.0139,58770.4452,p,-Ir,Agerer Franz,,"D,0033,,,,Sigma 1603",
